interaction_id	source_key	source_type	pmid	doi	assay_type	bacterium	strain	bacterial_accession	phage	phage_accession	reference_host	raw_eop	eop_relation	eop_value	eop_class	susceptibility_label	plaque_result	anti_crispr_status	anti_crispr_genes	crispr_interference_evidence	other_defense_evidence	experimental_conditions	curation_status	curation_confidence	notes
sofy2021_k_pneumoniae_1_host_kpp5_eop	Sofy2021_KPP5	paper	33805298	10.3390/biomedicines9040342	eop	Klebsiella pneumoniae	K_pneumoniae_1_host		KPP-5		reported source reference host	H; 0.5-1.0	range		high	susceptible	clear_plaques	not_evaluated		not_evaluated		Spot test and EOP host-range table; H 0.5-1.0, M 0.2-0.4, L 0.001-0.1, N <0.001.	curated	high	Table 1 source category: food.
sofy2021_k_pneumoniae_2_kpp5_eop	Sofy2021_KPP5	paper	33805298	10.3390/biomedicines9040342	eop	Klebsiella pneumoniae	K_pneumoniae_2		KPP-5		reported source reference host	M; 0.2-0.4	range		medium	susceptible	clear_plaques	not_evaluated		not_evaluated		Spot test and EOP host-range table; H 0.5-1.0, M 0.2-0.4, L 0.001-0.1, N <0.001.	curated	high	Table 1 source category: food.
sofy2021_k_pneumoniae_3_kpp5_eop	Sofy2021_KPP5	paper	33805298	10.3390/biomedicines9040342	eop	Klebsiella pneumoniae	K_pneumoniae_3		KPP-5		reported source reference host	M; 0.2-0.4	range		medium	susceptible	clear_plaques	not_evaluated		not_evaluated		Spot test and EOP host-range table; H 0.5-1.0, M 0.2-0.4, L 0.001-0.1, N <0.001.	curated	high	Table 1 source category: food.
sofy2021_k_pneumoniae_4_kpp5_eop	Sofy2021_KPP5	paper	33805298	10.3390/biomedicines9040342	eop	Klebsiella pneumoniae	K_pneumoniae_4		KPP-5		reported source reference host	H; 0.5-1.0	range		high	susceptible	clear_plaques	not_evaluated		not_evaluated		Spot test and EOP host-range table; H 0.5-1.0, M 0.2-0.4, L 0.001-0.1, N <0.001.	curated	high	Table 1 source category: food.
sofy2021_k_pneumoniae_5_kpp5_eop	Sofy2021_KPP5	paper	33805298	10.3390/biomedicines9040342	eop	Klebsiella pneumoniae	K_pneumoniae_5		KPP-5		reported source reference host	H; 0.5-1.0	range		high	susceptible	clear_plaques	not_evaluated		not_evaluated		Spot test and EOP host-range table; H 0.5-1.0, M 0.2-0.4, L 0.001-0.1, N <0.001.	curated	high	Table 1 source category: food.
sofy2021_k_pneumoniae_6_kpp5_eop	Sofy2021_KPP5	paper	33805298	10.3390/biomedicines9040342	eop	Klebsiella pneumoniae	K_pneumoniae_6		KPP-5		reported source reference host	H; 0.5-1.0	range		high	susceptible	clear_plaques	not_evaluated		not_evaluated		Spot test and EOP host-range table; H 0.5-1.0, M 0.2-0.4, L 0.001-0.1, N <0.001.	curated	high	Table 1 source category: clinical.
sofy2021_k_pneumoniae_7_kpp5_eop	Sofy2021_KPP5	paper	33805298	10.3390/biomedicines9040342	eop	Klebsiella pneumoniae	K_pneumoniae_7		KPP-5		reported source reference host	H; 0.5-1.0	range		high	susceptible	clear_plaques	not_evaluated		not_evaluated		Spot test and EOP host-range table; H 0.5-1.0, M 0.2-0.4, L 0.001-0.1, N <0.001.	curated	high	Table 1 source category: clinical.
sofy2021_k_pneumoniae_8_kpp5_eop	Sofy2021_KPP5	paper	33805298	10.3390/biomedicines9040342	eop	Klebsiella pneumoniae	K_pneumoniae_8		KPP-5		reported source reference host	M; 0.2-0.4	range		medium	susceptible	clear_plaques	not_evaluated		not_evaluated		Spot test and EOP host-range table; H 0.5-1.0, M 0.2-0.4, L 0.001-0.1, N <0.001.	curated	high	Table 1 source category: clinical.
sofy2021_k_pneumoniae_9_kpp5_eop	Sofy2021_KPP5	paper	33805298	10.3390/biomedicines9040342	eop	Klebsiella pneumoniae	K_pneumoniae_9		KPP-5		reported source reference host	H; 0.5-1.0	range		high	susceptible	clear_plaques	not_evaluated		not_evaluated		Spot test and EOP host-range table; H 0.5-1.0, M 0.2-0.4, L 0.001-0.1, N <0.001.	curated	high	Table 1 source category: clinical.
sofy2021_k_pneumoniae_10_kpp5_eop	Sofy2021_KPP5	paper	33805298	10.3390/biomedicines9040342	eop	Klebsiella pneumoniae	K_pneumoniae_10		KPP-5		reported source reference host	M; 0.2-0.4	range		medium	susceptible	clear_plaques	not_evaluated		not_evaluated		Spot test and EOP host-range table; H 0.5-1.0, M 0.2-0.4, L 0.001-0.1, N <0.001.	curated	high	Table 1 source category: clinical.
sofy2021_k_pneumoniae_11_kpp5_eop	Sofy2021_KPP5	paper	33805298	10.3390/biomedicines9040342	eop	Klebsiella pneumoniae	K_pneumoniae_11		KPP-5		reported source reference host	H; 0.5-1.0	range		high	susceptible	clear_plaques	not_evaluated		not_evaluated		Spot test and EOP host-range table; H 0.5-1.0, M 0.2-0.4, L 0.001-0.1, N <0.001.	curated	high	Table 1 source category: clinical.
sofy2021_k_pneumoniae_12_kpp5_eop	Sofy2021_KPP5	paper	33805298	10.3390/biomedicines9040342	eop	Klebsiella pneumoniae	K_pneumoniae_12		KPP-5		reported source reference host	H; 0.5-1.0	range		high	susceptible	clear_plaques	not_evaluated		not_evaluated		Spot test and EOP host-range table; H 0.5-1.0, M 0.2-0.4, L 0.001-0.1, N <0.001.	curated	high	Table 1 source category: clinical.
sofy2021_k_pneumoniae_13_kpp5_eop	Sofy2021_KPP5	paper	33805298	10.3390/biomedicines9040342	eop	Klebsiella pneumoniae	K_pneumoniae_13		KPP-5		reported source reference host	H; 0.5-1.0	range		high	susceptible	clear_plaques	not_evaluated		not_evaluated		Spot test and EOP host-range table; H 0.5-1.0, M 0.2-0.4, L 0.001-0.1, N <0.001.	curated	high	Table 1 source category: clinical.
sofy2021_k_pneumoniae_14_kpp5_eop	Sofy2021_KPP5	paper	33805298	10.3390/biomedicines9040342	eop	Klebsiella pneumoniae	K_pneumoniae_14		KPP-5		reported source reference host	H; 0.5-1.0	range		high	susceptible	clear_plaques	not_evaluated		not_evaluated		Spot test and EOP host-range table; H 0.5-1.0, M 0.2-0.4, L 0.001-0.1, N <0.001.	curated	high	Table 1 source category: clinical.
sofy2021_k_pneumoniae_15_kpp5_eop	Sofy2021_KPP5	paper	33805298	10.3390/biomedicines9040342	eop	Klebsiella pneumoniae	K_pneumoniae_15		KPP-5		reported source reference host	H; 0.5-1.0	range		high	susceptible	clear_plaques	not_evaluated		not_evaluated		Spot test and EOP host-range table; H 0.5-1.0, M 0.2-0.4, L 0.001-0.1, N <0.001.	curated	high	Table 1 source category: clinical.
sofy2021_k_pneumoniae_16_kpp5_eop	Sofy2021_KPP5	paper	33805298	10.3390/biomedicines9040342	eop	Klebsiella pneumoniae	K_pneumoniae_16		KPP-5		reported source reference host	H; 0.5-1.0	range		high	susceptible	clear_plaques	not_evaluated		not_evaluated		Spot test and EOP host-range table; H 0.5-1.0, M 0.2-0.4, L 0.001-0.1, N <0.001.	curated	high	Table 1 source category: clinical.
sofy2021_k_pneumoniae_17_kpp5_eop	Sofy2021_KPP5	paper	33805298	10.3390/biomedicines9040342	eop	Klebsiella pneumoniae	K_pneumoniae_17		KPP-5		reported source reference host	M; 0.2-0.4	range		medium	susceptible	clear_plaques	not_evaluated		not_evaluated		Spot test and EOP host-range table; H 0.5-1.0, M 0.2-0.4, L 0.001-0.1, N <0.001.	curated	high	Table 1 source category: clinical.
sofy2021_k_pneumoniae_18_kpp5_eop	Sofy2021_KPP5	paper	33805298	10.3390/biomedicines9040342	eop	Klebsiella pneumoniae	K_pneumoniae_18		KPP-5		reported source reference host	H; 0.5-1.0	range		high	susceptible	clear_plaques	not_evaluated		not_evaluated		Spot test and EOP host-range table; H 0.5-1.0, M 0.2-0.4, L 0.001-0.1, N <0.001.	curated	high	Table 1 source category: clinical.
sofy2021_k_pneumoniae_19_kpp5_eop	Sofy2021_KPP5	paper	33805298	10.3390/biomedicines9040342	eop	Klebsiella pneumoniae	K_pneumoniae_19		KPP-5		reported source reference host	H; 0.5-1.0	range		high	susceptible	clear_plaques	not_evaluated		not_evaluated		Spot test and EOP host-range table; H 0.5-1.0, M 0.2-0.4, L 0.001-0.1, N <0.001.	curated	high	Table 1 source category: clinical.
sofy2021_e_coli_1_kpp5_eop	Sofy2021_KPP5	paper	33805298	10.3390/biomedicines9040342	eop	Escherichia coli	E_coli_1		KPP-5		reported source reference host	N; <0.001	range		none	resistant	no_plaques	not_evaluated		not_evaluated		Spot test and EOP host-range table; H 0.5-1.0, M 0.2-0.4, L 0.001-0.1, N <0.001.	curated	high	Table 1 source category: clinical.
sofy2021_e_coli_2_kpp5_eop	Sofy2021_KPP5	paper	33805298	10.3390/biomedicines9040342	eop	Escherichia coli	E_coli_2		KPP-5		reported source reference host	N; <0.001	range		none	resistant	no_plaques	not_evaluated		not_evaluated		Spot test and EOP host-range table; H 0.5-1.0, M 0.2-0.4, L 0.001-0.1, N <0.001.	curated	high	Table 1 source category: clinical.
sofy2021_e_coli_3_kpp5_eop	Sofy2021_KPP5	paper	33805298	10.3390/biomedicines9040342	eop	Escherichia coli	E_coli_3		KPP-5		reported source reference host	N; <0.001	range		none	resistant	no_plaques	not_evaluated		not_evaluated		Spot test and EOP host-range table; H 0.5-1.0, M 0.2-0.4, L 0.001-0.1, N <0.001.	curated	high	Table 1 source category: clinical.
sofy2021_e_coli_4_kpp5_eop	Sofy2021_KPP5	paper	33805298	10.3390/biomedicines9040342	eop	Escherichia coli	E_coli_4		KPP-5		reported source reference host	N; <0.001	range		none	resistant	no_plaques	not_evaluated		not_evaluated		Spot test and EOP host-range table; H 0.5-1.0, M 0.2-0.4, L 0.001-0.1, N <0.001.	curated	high	Table 1 source category: clinical.
sofy2021_e_coli_5_kpp5_eop	Sofy2021_KPP5	paper	33805298	10.3390/biomedicines9040342	eop	Escherichia coli	E_coli_5		KPP-5		reported source reference host	N; <0.001	range		none	resistant	no_plaques	not_evaluated		not_evaluated		Spot test and EOP host-range table; H 0.5-1.0, M 0.2-0.4, L 0.001-0.1, N <0.001.	curated	high	Table 1 source category: clinical.
sofy2021_e_coli_6_kpp5_eop	Sofy2021_KPP5	paper	33805298	10.3390/biomedicines9040342	eop	Escherichia coli	E_coli_6		KPP-5		reported source reference host	N; <0.001	range		none	resistant	no_plaques	not_evaluated		not_evaluated		Spot test and EOP host-range table; H 0.5-1.0, M 0.2-0.4, L 0.001-0.1, N <0.001.	curated	high	Table 1 source category: clinical.
sofy2021_s_typhimurium_1_kpp5_eop	Sofy2021_KPP5	paper	33805298	10.3390/biomedicines9040342	eop	Salmonella enterica	S_Typhimurium_1		KPP-5		reported source reference host	N; <0.001	range		none	resistant	no_plaques	not_evaluated		not_evaluated		Spot test and EOP host-range table; H 0.5-1.0, M 0.2-0.4, L 0.001-0.1, N <0.001.	curated	high	Table 1 source category: food.
sofy2021_s_typhimurium_2_kpp5_eop	Sofy2021_KPP5	paper	33805298	10.3390/biomedicines9040342	eop	Salmonella enterica	S_Typhimurium_2		KPP-5		reported source reference host	N; <0.001	range		none	resistant	no_plaques	not_evaluated		not_evaluated		Spot test and EOP host-range table; H 0.5-1.0, M 0.2-0.4, L 0.001-0.1, N <0.001.	curated	high	Table 1 source category: food.
sofy2021_s_typhimurium_3_kpp5_eop	Sofy2021_KPP5	paper	33805298	10.3390/biomedicines9040342	eop	Salmonella enterica	S_Typhimurium_3		KPP-5		reported source reference host	N; <0.001	range		none	resistant	no_plaques	not_evaluated		not_evaluated		Spot test and EOP host-range table; H 0.5-1.0, M 0.2-0.4, L 0.001-0.1, N <0.001.	curated	high	Table 1 source category: food.
sofy2021_p_aeruginosa_1_kpp5_eop	Sofy2021_KPP5	paper	33805298	10.3390/biomedicines9040342	eop	Pseudomonas aeruginosa	P_aeruginosa_1		KPP-5		reported source reference host	N; <0.001	range		none	resistant	no_plaques	not_evaluated		not_evaluated		Spot test and EOP host-range table; H 0.5-1.0, M 0.2-0.4, L 0.001-0.1, N <0.001.	curated	high	Table 1 source category: clinical.
sofy2021_p_aeruginosa_2_kpp5_eop	Sofy2021_KPP5	paper	33805298	10.3390/biomedicines9040342	eop	Pseudomonas aeruginosa	P_aeruginosa_2		KPP-5		reported source reference host	N; <0.001	range		none	resistant	no_plaques	not_evaluated		not_evaluated		Spot test and EOP host-range table; H 0.5-1.0, M 0.2-0.4, L 0.001-0.1, N <0.001.	curated	high	Table 1 source category: clinical.
sofy2021_p_aeruginosa_3_kpp5_eop	Sofy2021_KPP5	paper	33805298	10.3390/biomedicines9040342	eop	Pseudomonas aeruginosa	P_aeruginosa_3		KPP-5		reported source reference host	N; <0.001	range		none	resistant	no_plaques	not_evaluated		not_evaluated		Spot test and EOP host-range table; H 0.5-1.0, M 0.2-0.4, L 0.001-0.1, N <0.001.	curated	high	Table 1 source category: food.
latka2021_kp_9068_kps8_eop	Latka2021_K23Klebsiella	paper	34093432	10.3389/fmicb.2021.669618	eop	Klebsiella pneumoniae	Kp-9068		KpS8		reported source reference host	1.0	=	1	high	susceptible	clear_plaques	not_evaluated		not_evaluated		Table 2 EOP analysis for K23-specific Klebsiella phages.	curated	high	cps-type K23; MLST ST11.
latka2021_kp_9068_vb_kpnm_seu621_eop	Latka2021_K23Klebsiella	paper	34093432	10.3389/fmicb.2021.669618	eop	Klebsiella pneumoniae	Kp-9068		vB_KpnM_Seu621		reported source reference host	1.0	=	1	high	susceptible	clear_plaques	not_evaluated		not_evaluated		Table 2 EOP analysis for K23-specific Klebsiella phages.	curated	high	cps-type K23; MLST ST11.
latka2021_kp_9068_vb_kpnp_dlv622_eop	Latka2021_K23Klebsiella	paper	34093432	10.3389/fmicb.2021.669618	eop	Klebsiella pneumoniae	Kp-9068		vB_KpnP_Dlv622		reported source reference host	1.0	=	1	high	susceptible	clear_plaques	not_evaluated		not_evaluated		Table 2 EOP analysis for K23-specific Klebsiella phages.	curated	high	cps-type K23; MLST ST11.
latka2021_kpi4275_kps8_eop	Latka2021_K23Klebsiella	paper	34093432	10.3389/fmicb.2021.669618	eop	Klebsiella pneumoniae	KPi4275		KpS8		reported source reference host	1.0	=	1	high	susceptible	clear_plaques	not_evaluated		not_evaluated		Table 2 EOP analysis for K23-specific Klebsiella phages.	curated	high	cps-type K23; MLST ST11.
latka2021_kpi4275_vb_kpnm_seu621_eop	Latka2021_K23Klebsiella	paper	34093432	10.3389/fmicb.2021.669618	eop	Klebsiella pneumoniae	KPi4275		vB_KpnM_Seu621		reported source reference host	1.0	=	1	high	susceptible	clear_plaques	not_evaluated		not_evaluated		Table 2 EOP analysis for K23-specific Klebsiella phages.	curated	high	cps-type K23; MLST ST11.
latka2021_kpi4275_vb_kpnp_dlv622_eop	Latka2021_K23Klebsiella	paper	34093432	10.3389/fmicb.2021.669618	eop	Klebsiella pneumoniae	KPi4275		vB_KpnP_Dlv622		reported source reference host	0.006	=	0.006	low	reduced_susceptibility	pinpoint_plaques	not_evaluated		not_evaluated		Table 2 EOP analysis for K23-specific Klebsiella phages.	curated	high	cps-type K23; MLST ST11.
latka2021_kpb2304_15_kps8_eop	Latka2021_K23Klebsiella	paper	34093432	10.3389/fmicb.2021.669618	eop	Klebsiella pneumoniae	KPB2304-15		KpS8		reported source reference host	1.0	=	1	high	susceptible	clear_plaques	not_evaluated		not_evaluated		Table 2 EOP analysis for K23-specific Klebsiella phages.	curated	high	cps-type K23; MLST ST11.
latka2021_kpb2304_15_vb_kpnm_seu621_eop	Latka2021_K23Klebsiella	paper	34093432	10.3389/fmicb.2021.669618	eop	Klebsiella pneumoniae	KPB2304-15		vB_KpnM_Seu621		reported source reference host	1.0	=	1	high	susceptible	clear_plaques	not_evaluated		not_evaluated		Table 2 EOP analysis for K23-specific Klebsiella phages.	curated	high	cps-type K23; MLST ST11.
latka2021_kpb2304_15_vb_kpnp_dlv622_eop	Latka2021_K23Klebsiella	paper	34093432	10.3389/fmicb.2021.669618	eop	Klebsiella pneumoniae	KPB2304-15		vB_KpnP_Dlv622		reported source reference host	0.006	=	0.006	low	reduced_susceptibility	pinpoint_plaques	not_evaluated		not_evaluated		Table 2 EOP analysis for K23-specific Klebsiella phages.	curated	high	cps-type K23; MLST ST11.
latka2021_kpb536_17_2_kps8_eop	Latka2021_K23Klebsiella	paper	34093432	10.3389/fmicb.2021.669618	eop	Klebsiella pneumoniae	KPB536-17-2		KpS8		reported source reference host	0.03	=	0.03	low	reduced_susceptibility	pinpoint_plaques	not_evaluated		not_evaluated		Table 2 EOP analysis for K23-specific Klebsiella phages.	curated	high	cps-type K23; MLST ST1869.
latka2021_kpb536_17_2_vb_kpnm_seu621_eop	Latka2021_K23Klebsiella	paper	34093432	10.3389/fmicb.2021.669618	eop	Klebsiella pneumoniae	KPB536-17-2		vB_KpnM_Seu621		reported source reference host	0.01	=	0.01	low	reduced_susceptibility	pinpoint_plaques	not_evaluated		not_evaluated		Table 2 EOP analysis for K23-specific Klebsiella phages.	curated	high	cps-type K23; MLST ST1869.
latka2021_kpb536_17_2_vb_kpnp_dlv622_eop	Latka2021_K23Klebsiella	paper	34093432	10.3389/fmicb.2021.669618	eop	Klebsiella pneumoniae	KPB536-17-2		vB_KpnP_Dlv622		reported source reference host	0.01	=	0.01	low	reduced_susceptibility	pinpoint_plaques	not_evaluated		not_evaluated		Table 2 EOP analysis for K23-specific Klebsiella phages.	curated	high	cps-type K23; MLST ST1869.
latka2021_kpi1748_kps8_eop	Latka2021_K23Klebsiella	paper	34093432	10.3389/fmicb.2021.669618	eop	Klebsiella pneumoniae	KPi1748		KpS8		reported source reference host	0	=	0	none	resistant	no_plaques	not_evaluated		not_evaluated		Table 2 EOP analysis for K23-specific Klebsiella phages.	curated	high	cps-type K2; MLST ST65.
latka2021_kpi1748_vb_kpnm_seu621_eop	Latka2021_K23Klebsiella	paper	34093432	10.3389/fmicb.2021.669618	eop	Klebsiella pneumoniae	KPi1748		vB_KpnM_Seu621		reported source reference host	0	=	0	none	resistant	no_plaques	not_evaluated		not_evaluated		Table 2 EOP analysis for K23-specific Klebsiella phages.	curated	high	cps-type K2; MLST ST65.
latka2021_kpi1748_vb_kpnp_dlv622_eop	Latka2021_K23Klebsiella	paper	34093432	10.3389/fmicb.2021.669618	eop	Klebsiella pneumoniae	KPi1748		vB_KpnP_Dlv622		reported source reference host	0	=	0	none	resistant	no_plaques	not_evaluated		not_evaluated		Table 2 EOP analysis for K23-specific Klebsiella phages.	curated	high	cps-type K2; MLST ST65.
latka2021_kpi3014_kps8_eop	Latka2021_K23Klebsiella	paper	34093432	10.3389/fmicb.2021.669618	eop	Klebsiella pneumoniae	KPi3014		KpS8		reported source reference host	0	=	0	none	resistant	no_plaques	not_evaluated		not_evaluated		Table 2 EOP analysis for K23-specific Klebsiella phages.	curated	high	cps-type K2; MLST ST2174.
latka2021_kpi3014_vb_kpnm_seu621_eop	Latka2021_K23Klebsiella	paper	34093432	10.3389/fmicb.2021.669618	eop	Klebsiella pneumoniae	KPi3014		vB_KpnM_Seu621		reported source reference host	0	=	0	none	resistant	no_plaques	not_evaluated		not_evaluated		Table 2 EOP analysis for K23-specific Klebsiella phages.	curated	high	cps-type K2; MLST ST2174.
latka2021_kpi3014_vb_kpnp_dlv622_eop	Latka2021_K23Klebsiella	paper	34093432	10.3389/fmicb.2021.669618	eop	Klebsiella pneumoniae	KPi3014		vB_KpnP_Dlv622		reported source reference host	0	=	0	none	resistant	no_plaques	not_evaluated		not_evaluated		Table 2 EOP analysis for K23-specific Klebsiella phages.	curated	high	cps-type K2; MLST ST2174.
latka2021_kpi8289_kps8_eop	Latka2021_K23Klebsiella	paper	34093432	10.3389/fmicb.2021.669618	eop	Klebsiella pneumoniae	KPi8289		KpS8		reported source reference host	0	=	0	none	resistant	no_plaques	not_evaluated		not_evaluated		Table 2 EOP analysis for K23-specific Klebsiella phages.	curated	high	cps-type K57; MLST ST218.
latka2021_kpi8289_vb_kpnm_seu621_eop	Latka2021_K23Klebsiella	paper	34093432	10.3389/fmicb.2021.669618	eop	Klebsiella pneumoniae	KPi8289		vB_KpnM_Seu621		reported source reference host	0	=	0	none	resistant	no_plaques	not_evaluated		not_evaluated		Table 2 EOP analysis for K23-specific Klebsiella phages.	curated	high	cps-type K57; MLST ST218.
latka2021_kpi8289_vb_kpnp_dlv622_eop	Latka2021_K23Klebsiella	paper	34093432	10.3389/fmicb.2021.669618	eop	Klebsiella pneumoniae	KPi8289		vB_KpnP_Dlv622		reported source reference host	0	=	0	none	resistant	no_plaques	not_evaluated		not_evaluated		Table 2 EOP analysis for K23-specific Klebsiella phages.	curated	high	cps-type K57; MLST ST218.
latka2021_kpb2580_kps8_eop	Latka2021_K23Klebsiella	paper	34093432	10.3389/fmicb.2021.669618	eop	Klebsiella pneumoniae	KPB2580		KpS8		reported source reference host	0	=	0	none	resistant	no_plaques	not_evaluated		not_evaluated		Table 2 EOP analysis for K23-specific Klebsiella phages.	curated	high	cps-type K1; MLST ST23.
latka2021_kpb2580_vb_kpnm_seu621_eop	Latka2021_K23Klebsiella	paper	34093432	10.3389/fmicb.2021.669618	eop	Klebsiella pneumoniae	KPB2580		vB_KpnM_Seu621		reported source reference host	0	=	0	none	resistant	no_plaques	not_evaluated		not_evaluated		Table 2 EOP analysis for K23-specific Klebsiella phages.	curated	high	cps-type K1; MLST ST23.
latka2021_kpb2580_vb_kpnp_dlv622_eop	Latka2021_K23Klebsiella	paper	34093432	10.3389/fmicb.2021.669618	eop	Klebsiella pneumoniae	KPB2580		vB_KpnP_Dlv622		reported source reference host	0	=	0	none	resistant	no_plaques	not_evaluated		not_evaluated		Table 2 EOP analysis for K23-specific Klebsiella phages.	curated	high	cps-type K1; MLST ST23.
singh2025_kpci1_kpkp_eop	Singh2025_KpCocktail	paper		10.3389/fmicb.2025.1588472	eop	Klebsiella pneumoniae	KPCI1		KPKp		reported source reference host	0.64	=	0.64	high	susceptible	clear_plaques	not_evaluated		not_evaluated		Table 3 EOP against MDR K. pneumoniae clinical isolates, compared with K. pneumoniae ATCC 700603.	curated	high	Individual phages KPKp/KSKp and combined cocktail reported.
singh2025_kpci1_kskp_eop	Singh2025_KpCocktail	paper		10.3389/fmicb.2025.1588472	eop	Klebsiella pneumoniae	KPCI1		KSKp		reported source reference host	0.026	=	0.026	low	reduced_susceptibility	pinpoint_plaques	not_evaluated		not_evaluated		Table 3 EOP against MDR K. pneumoniae clinical isolates, compared with K. pneumoniae ATCC 700603.	curated	high	Individual phages KPKp/KSKp and combined cocktail reported.
singh2025_kpci1_kpkp_kskp_cocktail_eop	Singh2025_KpCocktail	paper		10.3389/fmicb.2025.1588472	eop	Klebsiella pneumoniae	KPCI1		KPKp_KSKp_cocktail		reported source reference host	0.85	=	0.85	high	susceptible	clear_plaques	not_evaluated		not_evaluated		Table 3 EOP against MDR K. pneumoniae clinical isolates, compared with K. pneumoniae ATCC 700603.	curated	high	Individual phages KPKp/KSKp and combined cocktail reported.
singh2025_kpci2_kpkp_eop	Singh2025_KpCocktail	paper		10.3389/fmicb.2025.1588472	eop	Klebsiella pneumoniae	KPCI2		KPKp		reported source reference host	0.05	=	0.05	low	reduced_susceptibility	pinpoint_plaques	not_evaluated		not_evaluated		Table 3 EOP against MDR K. pneumoniae clinical isolates, compared with K. pneumoniae ATCC 700603.	curated	high	Individual phages KPKp/KSKp and combined cocktail reported.
singh2025_kpci2_kskp_eop	Singh2025_KpCocktail	paper		10.3389/fmicb.2025.1588472	eop	Klebsiella pneumoniae	KPCI2		KSKp		reported source reference host	6.78	=	6.78	high	susceptible	clear_plaques	not_evaluated		not_evaluated		Table 3 EOP against MDR K. pneumoniae clinical isolates, compared with K. pneumoniae ATCC 700603.	curated	high	Individual phages KPKp/KSKp and combined cocktail reported.
singh2025_kpci2_kpkp_kskp_cocktail_eop	Singh2025_KpCocktail	paper		10.3389/fmicb.2025.1588472	eop	Klebsiella pneumoniae	KPCI2		KPKp_KSKp_cocktail		reported source reference host	0.90	=	0.9	high	susceptible	clear_plaques	not_evaluated		not_evaluated		Table 3 EOP against MDR K. pneumoniae clinical isolates, compared with K. pneumoniae ATCC 700603.	curated	high	Individual phages KPKp/KSKp and combined cocktail reported.
singh2025_kpci3_kpkp_eop	Singh2025_KpCocktail	paper		10.3389/fmicb.2025.1588472	eop	Klebsiella pneumoniae	KPCI3		KPKp		reported source reference host	0	=	0	none	resistant	no_plaques	not_evaluated		not_evaluated		Table 3 EOP against MDR K. pneumoniae clinical isolates, compared with K. pneumoniae ATCC 700603.	curated	high	Individual phages KPKp/KSKp and combined cocktail reported.
singh2025_kpci3_kskp_eop	Singh2025_KpCocktail	paper		10.3389/fmicb.2025.1588472	eop	Klebsiella pneumoniae	KPCI3		KSKp		reported source reference host	0.26	=	0.26	medium	susceptible	clear_plaques	not_evaluated		not_evaluated		Table 3 EOP against MDR K. pneumoniae clinical isolates, compared with K. pneumoniae ATCC 700603.	curated	high	Individual phages KPKp/KSKp and combined cocktail reported.
singh2025_kpci3_kpkp_kskp_cocktail_eop	Singh2025_KpCocktail	paper		10.3389/fmicb.2025.1588472	eop	Klebsiella pneumoniae	KPCI3		KPKp_KSKp_cocktail		reported source reference host	0.33	=	0.33	medium	susceptible	clear_plaques	not_evaluated		not_evaluated		Table 3 EOP against MDR K. pneumoniae clinical isolates, compared with K. pneumoniae ATCC 700603.	curated	high	Individual phages KPKp/KSKp and combined cocktail reported.
singh2025_kpci4_kpkp_eop	Singh2025_KpCocktail	paper		10.3389/fmicb.2025.1588472	eop	Klebsiella pneumoniae	KPCI4		KPKp		reported source reference host	0.55	=	0.55	high	susceptible	clear_plaques	not_evaluated		not_evaluated		Table 3 EOP against MDR K. pneumoniae clinical isolates, compared with K. pneumoniae ATCC 700603.	curated	high	Individual phages KPKp/KSKp and combined cocktail reported.
singh2025_kpci4_kskp_eop	Singh2025_KpCocktail	paper		10.3389/fmicb.2025.1588472	eop	Klebsiella pneumoniae	KPCI4		KSKp		reported source reference host	0.0002	=	0.0002	trace	resistant	pinpoint_plaques	not_evaluated		not_evaluated		Table 3 EOP against MDR K. pneumoniae clinical isolates, compared with K. pneumoniae ATCC 700603.	curated	high	Individual phages KPKp/KSKp and combined cocktail reported.
singh2025_kpci4_kpkp_kskp_cocktail_eop	Singh2025_KpCocktail	paper		10.3389/fmicb.2025.1588472	eop	Klebsiella pneumoniae	KPCI4		KPKp_KSKp_cocktail		reported source reference host	0.70	=	0.7	high	susceptible	clear_plaques	not_evaluated		not_evaluated		Table 3 EOP against MDR K. pneumoniae clinical isolates, compared with K. pneumoniae ATCC 700603.	curated	high	Individual phages KPKp/KSKp and combined cocktail reported.
abdelhadi2021_s_typhimurium_st_4_host_vb_sts_1_eop	Abdelhadi2021_STM2	paper		10.3390/su132111602	eop	Salmonella enterica	S_Typhimurium_ST_4_host		vB_STS_1		reported source reference host	M; 0.2-0.4	range		medium	susceptible	clear_plaques	not_evaluated		not_evaluated		Table 2 spot test and EOP categories; H 0.5-1.0, M 0.2-0.4, L 0.001-0.1, N inefficient.	curated	high	Imported from Table 2 category matrix.
abdelhadi2021_s_typhimurium_st_4_host_vb_stm_2_eop	Abdelhadi2021_STM2	paper		10.3390/su132111602	eop	Salmonella enterica	S_Typhimurium_ST_4_host		vB_STM_2		reported source reference host	H; 0.5-1.0	range		high	susceptible	clear_plaques	not_evaluated		not_evaluated		Table 2 spot test and EOP categories; H 0.5-1.0, M 0.2-0.4, L 0.001-0.1, N inefficient.	curated	high	Imported from Table 2 category matrix.
abdelhadi2021_s_typhimurium_st_4_host_vb_sts_3_eop	Abdelhadi2021_STM2	paper		10.3390/su132111602	eop	Salmonella enterica	S_Typhimurium_ST_4_host		vB_STS_3		reported source reference host	H; 0.5-1.0	range		high	susceptible	clear_plaques	not_evaluated		not_evaluated		Table 2 spot test and EOP categories; H 0.5-1.0, M 0.2-0.4, L 0.001-0.1, N inefficient.	curated	high	Imported from Table 2 category matrix.
abdelhadi2021_s_typhimurium_st_7_vb_sts_1_eop	Abdelhadi2021_STM2	paper		10.3390/su132111602	eop	Salmonella enterica	S_Typhimurium_ST_7		vB_STS_1		reported source reference host	H; 0.5-1.0	range		high	susceptible	clear_plaques	not_evaluated		not_evaluated		Table 2 spot test and EOP categories; H 0.5-1.0, M 0.2-0.4, L 0.001-0.1, N inefficient.	curated	high	Imported from Table 2 category matrix.
abdelhadi2021_s_typhimurium_st_7_vb_stm_2_eop	Abdelhadi2021_STM2	paper		10.3390/su132111602	eop	Salmonella enterica	S_Typhimurium_ST_7		vB_STM_2		reported source reference host	H; 0.5-1.0	range		high	susceptible	clear_plaques	not_evaluated		not_evaluated		Table 2 spot test and EOP categories; H 0.5-1.0, M 0.2-0.4, L 0.001-0.1, N inefficient.	curated	high	Imported from Table 2 category matrix.
abdelhadi2021_s_typhimurium_st_7_vb_sts_3_eop	Abdelhadi2021_STM2	paper		10.3390/su132111602	eop	Salmonella enterica	S_Typhimurium_ST_7		vB_STS_3		reported source reference host	M; 0.2-0.4	range		medium	susceptible	clear_plaques	not_evaluated		not_evaluated		Table 2 spot test and EOP categories; H 0.5-1.0, M 0.2-0.4, L 0.001-0.1, N inefficient.	curated	high	Imported from Table 2 category matrix.
abdelhadi2021_s_typhimurium_st_9_vb_sts_1_eop	Abdelhadi2021_STM2	paper		10.3390/su132111602	eop	Salmonella enterica	S_Typhimurium_ST_9		vB_STS_1		reported source reference host	N; inefficient	range		none	resistant	no_plaques	not_evaluated		not_evaluated		Table 2 spot test and EOP categories; H 0.5-1.0, M 0.2-0.4, L 0.001-0.1, N inefficient.	curated	high	Imported from Table 2 category matrix.
abdelhadi2021_s_typhimurium_st_9_vb_stm_2_eop	Abdelhadi2021_STM2	paper		10.3390/su132111602	eop	Salmonella enterica	S_Typhimurium_ST_9		vB_STM_2		reported source reference host	M; 0.2-0.4	range		medium	susceptible	clear_plaques	not_evaluated		not_evaluated		Table 2 spot test and EOP categories; H 0.5-1.0, M 0.2-0.4, L 0.001-0.1, N inefficient.	curated	high	Imported from Table 2 category matrix.
abdelhadi2021_s_typhimurium_st_9_vb_sts_3_eop	Abdelhadi2021_STM2	paper		10.3390/su132111602	eop	Salmonella enterica	S_Typhimurium_ST_9		vB_STS_3		reported source reference host	N; inefficient	range		none	resistant	no_plaques	not_evaluated		not_evaluated		Table 2 spot test and EOP categories; H 0.5-1.0, M 0.2-0.4, L 0.001-0.1, N inefficient.	curated	high	Imported from Table 2 category matrix.
abdelhadi2021_s_typhimurium_st_14_vb_sts_1_eop	Abdelhadi2021_STM2	paper		10.3390/su132111602	eop	Salmonella enterica	S_Typhimurium_ST_14		vB_STS_1		reported source reference host	N; inefficient	range		none	resistant	no_plaques	not_evaluated		not_evaluated		Table 2 spot test and EOP categories; H 0.5-1.0, M 0.2-0.4, L 0.001-0.1, N inefficient.	curated	high	Imported from Table 2 category matrix.
abdelhadi2021_s_typhimurium_st_14_vb_stm_2_eop	Abdelhadi2021_STM2	paper		10.3390/su132111602	eop	Salmonella enterica	S_Typhimurium_ST_14		vB_STM_2		reported source reference host	H; 0.5-1.0	range		high	susceptible	clear_plaques	not_evaluated		not_evaluated		Table 2 spot test and EOP categories; H 0.5-1.0, M 0.2-0.4, L 0.001-0.1, N inefficient.	curated	high	Imported from Table 2 category matrix.
abdelhadi2021_s_typhimurium_st_14_vb_sts_3_eop	Abdelhadi2021_STM2	paper		10.3390/su132111602	eop	Salmonella enterica	S_Typhimurium_ST_14		vB_STS_3		reported source reference host	N; inefficient	range		none	resistant	no_plaques	not_evaluated		not_evaluated		Table 2 spot test and EOP categories; H 0.5-1.0, M 0.2-0.4, L 0.001-0.1, N inefficient.	curated	high	Imported from Table 2 category matrix.
abdelhadi2021_s_typhimurium_st_16_vb_sts_1_eop	Abdelhadi2021_STM2	paper		10.3390/su132111602	eop	Salmonella enterica	S_Typhimurium_ST_16		vB_STS_1		reported source reference host	H; 0.5-1.0	range		high	susceptible	clear_plaques	not_evaluated		not_evaluated		Table 2 spot test and EOP categories; H 0.5-1.0, M 0.2-0.4, L 0.001-0.1, N inefficient.	curated	high	Imported from Table 2 category matrix.
abdelhadi2021_s_typhimurium_st_16_vb_stm_2_eop	Abdelhadi2021_STM2	paper		10.3390/su132111602	eop	Salmonella enterica	S_Typhimurium_ST_16		vB_STM_2		reported source reference host	H; 0.5-1.0	range		high	susceptible	clear_plaques	not_evaluated		not_evaluated		Table 2 spot test and EOP categories; H 0.5-1.0, M 0.2-0.4, L 0.001-0.1, N inefficient.	curated	high	Imported from Table 2 category matrix.
abdelhadi2021_s_typhimurium_st_16_vb_sts_3_eop	Abdelhadi2021_STM2	paper		10.3390/su132111602	eop	Salmonella enterica	S_Typhimurium_ST_16		vB_STS_3		reported source reference host	M; 0.2-0.4	range		medium	susceptible	clear_plaques	not_evaluated		not_evaluated		Table 2 spot test and EOP categories; H 0.5-1.0, M 0.2-0.4, L 0.001-0.1, N inefficient.	curated	high	Imported from Table 2 category matrix.
abdelhadi2021_s_typhimurium_st_19_vb_sts_1_eop	Abdelhadi2021_STM2	paper		10.3390/su132111602	eop	Salmonella enterica	S_Typhimurium_ST_19		vB_STS_1		reported source reference host	M; 0.2-0.4	range		medium	susceptible	clear_plaques	not_evaluated		not_evaluated		Table 2 spot test and EOP categories; H 0.5-1.0, M 0.2-0.4, L 0.001-0.1, N inefficient.	curated	high	Imported from Table 2 category matrix.
abdelhadi2021_s_typhimurium_st_19_vb_stm_2_eop	Abdelhadi2021_STM2	paper		10.3390/su132111602	eop	Salmonella enterica	S_Typhimurium_ST_19		vB_STM_2		reported source reference host	H; 0.5-1.0	range		high	susceptible	clear_plaques	not_evaluated		not_evaluated		Table 2 spot test and EOP categories; H 0.5-1.0, M 0.2-0.4, L 0.001-0.1, N inefficient.	curated	high	Imported from Table 2 category matrix.
abdelhadi2021_s_typhimurium_st_19_vb_sts_3_eop	Abdelhadi2021_STM2	paper		10.3390/su132111602	eop	Salmonella enterica	S_Typhimurium_ST_19		vB_STS_3		reported source reference host	M; 0.2-0.4	range		medium	susceptible	clear_plaques	not_evaluated		not_evaluated		Table 2 spot test and EOP categories; H 0.5-1.0, M 0.2-0.4, L 0.001-0.1, N inefficient.	curated	high	Imported from Table 2 category matrix.
abdelhadi2021_s_typhimurium_st_21_vb_sts_1_eop	Abdelhadi2021_STM2	paper		10.3390/su132111602	eop	Salmonella enterica	S_Typhimurium_ST_21		vB_STS_1		reported source reference host	N; inefficient	range		none	resistant	no_plaques	not_evaluated		not_evaluated		Table 2 spot test and EOP categories; H 0.5-1.0, M 0.2-0.4, L 0.001-0.1, N inefficient.	curated	high	Imported from Table 2 category matrix.
abdelhadi2021_s_typhimurium_st_21_vb_stm_2_eop	Abdelhadi2021_STM2	paper		10.3390/su132111602	eop	Salmonella enterica	S_Typhimurium_ST_21		vB_STM_2		reported source reference host	M; 0.2-0.4	range		medium	susceptible	clear_plaques	not_evaluated		not_evaluated		Table 2 spot test and EOP categories; H 0.5-1.0, M 0.2-0.4, L 0.001-0.1, N inefficient.	curated	high	Imported from Table 2 category matrix.
abdelhadi2021_s_typhimurium_st_21_vb_sts_3_eop	Abdelhadi2021_STM2	paper		10.3390/su132111602	eop	Salmonella enterica	S_Typhimurium_ST_21		vB_STS_3		reported source reference host	M; 0.2-0.4	range		medium	susceptible	clear_plaques	not_evaluated		not_evaluated		Table 2 spot test and EOP categories; H 0.5-1.0, M 0.2-0.4, L 0.001-0.1, N inefficient.	curated	high	Imported from Table 2 category matrix.
abdelhadi2021_s_typhimurium_st_22_vb_sts_1_eop	Abdelhadi2021_STM2	paper		10.3390/su132111602	eop	Salmonella enterica	S_Typhimurium_ST_22		vB_STS_1		reported source reference host	N; inefficient	range		none	resistant	no_plaques	not_evaluated		not_evaluated		Table 2 spot test and EOP categories; H 0.5-1.0, M 0.2-0.4, L 0.001-0.1, N inefficient.	curated	high	Imported from Table 2 category matrix.
abdelhadi2021_s_typhimurium_st_22_vb_stm_2_eop	Abdelhadi2021_STM2	paper		10.3390/su132111602	eop	Salmonella enterica	S_Typhimurium_ST_22		vB_STM_2		reported source reference host	H; 0.5-1.0	range		high	susceptible	clear_plaques	not_evaluated		not_evaluated		Table 2 spot test and EOP categories; H 0.5-1.0, M 0.2-0.4, L 0.001-0.1, N inefficient.	curated	high	Imported from Table 2 category matrix.
abdelhadi2021_s_typhimurium_st_22_vb_sts_3_eop	Abdelhadi2021_STM2	paper		10.3390/su132111602	eop	Salmonella enterica	S_Typhimurium_ST_22		vB_STS_3		reported source reference host	N; inefficient	range		none	resistant	no_plaques	not_evaluated		not_evaluated		Table 2 spot test and EOP categories; H 0.5-1.0, M 0.2-0.4, L 0.001-0.1, N inefficient.	curated	high	Imported from Table 2 category matrix.
abdelhadi2021_s_typhimurium_st_27_vb_sts_1_eop	Abdelhadi2021_STM2	paper		10.3390/su132111602	eop	Salmonella enterica	S_Typhimurium_ST_27		vB_STS_1		reported source reference host	M; 0.2-0.4	range		medium	susceptible	clear_plaques	not_evaluated		not_evaluated		Table 2 spot test and EOP categories; H 0.5-1.0, M 0.2-0.4, L 0.001-0.1, N inefficient.	curated	high	Imported from Table 2 category matrix.
abdelhadi2021_s_typhimurium_st_27_vb_stm_2_eop	Abdelhadi2021_STM2	paper		10.3390/su132111602	eop	Salmonella enterica	S_Typhimurium_ST_27		vB_STM_2		reported source reference host	H; 0.5-1.0	range		high	susceptible	clear_plaques	not_evaluated		not_evaluated		Table 2 spot test and EOP categories; H 0.5-1.0, M 0.2-0.4, L 0.001-0.1, N inefficient.	curated	high	Imported from Table 2 category matrix.
abdelhadi2021_s_typhimurium_st_27_vb_sts_3_eop	Abdelhadi2021_STM2	paper		10.3390/su132111602	eop	Salmonella enterica	S_Typhimurium_ST_27		vB_STS_3		reported source reference host	M; 0.2-0.4	range		medium	susceptible	clear_plaques	not_evaluated		not_evaluated		Table 2 spot test and EOP categories; H 0.5-1.0, M 0.2-0.4, L 0.001-0.1, N inefficient.	curated	high	Imported from Table 2 category matrix.
abdelhadi2021_s_typhimurium_st_30_vb_sts_1_eop	Abdelhadi2021_STM2	paper		10.3390/su132111602	eop	Salmonella enterica	S_Typhimurium_ST_30		vB_STS_1		reported source reference host	H; 0.5-1.0	range		high	susceptible	clear_plaques	not_evaluated		not_evaluated		Table 2 spot test and EOP categories; H 0.5-1.0, M 0.2-0.4, L 0.001-0.1, N inefficient.	curated	high	Imported from Table 2 category matrix.
abdelhadi2021_s_typhimurium_st_30_vb_stm_2_eop	Abdelhadi2021_STM2	paper		10.3390/su132111602	eop	Salmonella enterica	S_Typhimurium_ST_30		vB_STM_2		reported source reference host	H; 0.5-1.0	range		high	susceptible	clear_plaques	not_evaluated		not_evaluated		Table 2 spot test and EOP categories; H 0.5-1.0, M 0.2-0.4, L 0.001-0.1, N inefficient.	curated	high	Imported from Table 2 category matrix.
abdelhadi2021_s_typhimurium_st_30_vb_sts_3_eop	Abdelhadi2021_STM2	paper		10.3390/su132111602	eop	Salmonella enterica	S_Typhimurium_ST_30		vB_STS_3		reported source reference host	N; inefficient	range		none	resistant	no_plaques	not_evaluated		not_evaluated		Table 2 spot test and EOP categories; H 0.5-1.0, M 0.2-0.4, L 0.001-0.1, N inefficient.	curated	high	Imported from Table 2 category matrix.
abdelhadi2021_s_typhimurium_st_33_vb_sts_1_eop	Abdelhadi2021_STM2	paper		10.3390/su132111602	eop	Salmonella enterica	S_Typhimurium_ST_33		vB_STS_1		reported source reference host	N; inefficient	range		none	resistant	no_plaques	not_evaluated		not_evaluated		Table 2 spot test and EOP categories; H 0.5-1.0, M 0.2-0.4, L 0.001-0.1, N inefficient.	curated	high	Imported from Table 2 category matrix.
abdelhadi2021_s_typhimurium_st_33_vb_stm_2_eop	Abdelhadi2021_STM2	paper		10.3390/su132111602	eop	Salmonella enterica	S_Typhimurium_ST_33		vB_STM_2		reported source reference host	M; 0.2-0.4	range		medium	susceptible	clear_plaques	not_evaluated		not_evaluated		Table 2 spot test and EOP categories; H 0.5-1.0, M 0.2-0.4, L 0.001-0.1, N inefficient.	curated	high	Imported from Table 2 category matrix.
abdelhadi2021_s_typhimurium_st_33_vb_sts_3_eop	Abdelhadi2021_STM2	paper		10.3390/su132111602	eop	Salmonella enterica	S_Typhimurium_ST_33		vB_STS_3		reported source reference host	N; inefficient	range		none	resistant	no_plaques	not_evaluated		not_evaluated		Table 2 spot test and EOP categories; H 0.5-1.0, M 0.2-0.4, L 0.001-0.1, N inefficient.	curated	high	Imported from Table 2 category matrix.
abdelhadi2021_s_typhimurium_st_35_vb_sts_1_eop	Abdelhadi2021_STM2	paper		10.3390/su132111602	eop	Salmonella enterica	S_Typhimurium_ST_35		vB_STS_1		reported source reference host	H; 0.5-1.0	range		high	susceptible	clear_plaques	not_evaluated		not_evaluated		Table 2 spot test and EOP categories; H 0.5-1.0, M 0.2-0.4, L 0.001-0.1, N inefficient.	curated	high	Imported from Table 2 category matrix.
abdelhadi2021_s_typhimurium_st_35_vb_stm_2_eop	Abdelhadi2021_STM2	paper		10.3390/su132111602	eop	Salmonella enterica	S_Typhimurium_ST_35		vB_STM_2		reported source reference host	H; 0.5-1.0	range		high	susceptible	clear_plaques	not_evaluated		not_evaluated		Table 2 spot test and EOP categories; H 0.5-1.0, M 0.2-0.4, L 0.001-0.1, N inefficient.	curated	high	Imported from Table 2 category matrix.
abdelhadi2021_s_typhimurium_st_35_vb_sts_3_eop	Abdelhadi2021_STM2	paper		10.3390/su132111602	eop	Salmonella enterica	S_Typhimurium_ST_35		vB_STS_3		reported source reference host	H; 0.5-1.0	range		high	susceptible	clear_plaques	not_evaluated		not_evaluated		Table 2 spot test and EOP categories; H 0.5-1.0, M 0.2-0.4, L 0.001-0.1, N inefficient.	curated	high	Imported from Table 2 category matrix.
abdelhadi2021_s_typhimurium_st_36_vb_sts_1_eop	Abdelhadi2021_STM2	paper		10.3390/su132111602	eop	Salmonella enterica	S_Typhimurium_ST_36		vB_STS_1		reported source reference host	N; inefficient	range		none	resistant	no_plaques	not_evaluated		not_evaluated		Table 2 spot test and EOP categories; H 0.5-1.0, M 0.2-0.4, L 0.001-0.1, N inefficient.	curated	high	Imported from Table 2 category matrix.
abdelhadi2021_s_typhimurium_st_36_vb_stm_2_eop	Abdelhadi2021_STM2	paper		10.3390/su132111602	eop	Salmonella enterica	S_Typhimurium_ST_36		vB_STM_2		reported source reference host	M; 0.2-0.4	range		medium	susceptible	clear_plaques	not_evaluated		not_evaluated		Table 2 spot test and EOP categories; H 0.5-1.0, M 0.2-0.4, L 0.001-0.1, N inefficient.	curated	high	Imported from Table 2 category matrix.
abdelhadi2021_s_typhimurium_st_36_vb_sts_3_eop	Abdelhadi2021_STM2	paper		10.3390/su132111602	eop	Salmonella enterica	S_Typhimurium_ST_36		vB_STS_3		reported source reference host	N; inefficient	range		none	resistant	no_plaques	not_evaluated		not_evaluated		Table 2 spot test and EOP categories; H 0.5-1.0, M 0.2-0.4, L 0.001-0.1, N inefficient.	curated	high	Imported from Table 2 category matrix.
abdelhadi2021_s_typhimurium_st_37_vb_sts_1_eop	Abdelhadi2021_STM2	paper		10.3390/su132111602	eop	Salmonella enterica	S_Typhimurium_ST_37		vB_STS_1		reported source reference host	M; 0.2-0.4	range		medium	susceptible	clear_plaques	not_evaluated		not_evaluated		Table 2 spot test and EOP categories; H 0.5-1.0, M 0.2-0.4, L 0.001-0.1, N inefficient.	curated	high	Imported from Table 2 category matrix.
abdelhadi2021_s_typhimurium_st_37_vb_stm_2_eop	Abdelhadi2021_STM2	paper		10.3390/su132111602	eop	Salmonella enterica	S_Typhimurium_ST_37		vB_STM_2		reported source reference host	H; 0.5-1.0	range		high	susceptible	clear_plaques	not_evaluated		not_evaluated		Table 2 spot test and EOP categories; H 0.5-1.0, M 0.2-0.4, L 0.001-0.1, N inefficient.	curated	high	Imported from Table 2 category matrix.
abdelhadi2021_s_typhimurium_st_37_vb_sts_3_eop	Abdelhadi2021_STM2	paper		10.3390/su132111602	eop	Salmonella enterica	S_Typhimurium_ST_37		vB_STS_3		reported source reference host	N; inefficient	range		none	resistant	no_plaques	not_evaluated		not_evaluated		Table 2 spot test and EOP categories; H 0.5-1.0, M 0.2-0.4, L 0.001-0.1, N inefficient.	curated	high	Imported from Table 2 category matrix.
abdelhadi2021_s_typhimurium_st_38_vb_sts_1_eop	Abdelhadi2021_STM2	paper		10.3390/su132111602	eop	Salmonella enterica	S_Typhimurium_ST_38		vB_STS_1		reported source reference host	M; 0.2-0.4	range		medium	susceptible	clear_plaques	not_evaluated		not_evaluated		Table 2 spot test and EOP categories; H 0.5-1.0, M 0.2-0.4, L 0.001-0.1, N inefficient.	curated	high	Imported from Table 2 category matrix.
abdelhadi2021_s_typhimurium_st_38_vb_stm_2_eop	Abdelhadi2021_STM2	paper		10.3390/su132111602	eop	Salmonella enterica	S_Typhimurium_ST_38		vB_STM_2		reported source reference host	H; 0.5-1.0	range		high	susceptible	clear_plaques	not_evaluated		not_evaluated		Table 2 spot test and EOP categories; H 0.5-1.0, M 0.2-0.4, L 0.001-0.1, N inefficient.	curated	high	Imported from Table 2 category matrix.
abdelhadi2021_s_typhimurium_st_38_vb_sts_3_eop	Abdelhadi2021_STM2	paper		10.3390/su132111602	eop	Salmonella enterica	S_Typhimurium_ST_38		vB_STS_3		reported source reference host	M; 0.2-0.4	range		medium	susceptible	clear_plaques	not_evaluated		not_evaluated		Table 2 spot test and EOP categories; H 0.5-1.0, M 0.2-0.4, L 0.001-0.1, N inefficient.	curated	high	Imported from Table 2 category matrix.
abdelhadi2021_s_typhimurium_st_41_vb_sts_1_eop	Abdelhadi2021_STM2	paper		10.3390/su132111602	eop	Salmonella enterica	S_Typhimurium_ST_41		vB_STS_1		reported source reference host	L; 0.001-0.1	range		low	reduced_susceptibility	pinpoint_plaques	not_evaluated		not_evaluated		Table 2 spot test and EOP categories; H 0.5-1.0, M 0.2-0.4, L 0.001-0.1, N inefficient.	curated	high	Imported from Table 2 category matrix.
abdelhadi2021_s_typhimurium_st_41_vb_stm_2_eop	Abdelhadi2021_STM2	paper		10.3390/su132111602	eop	Salmonella enterica	S_Typhimurium_ST_41		vB_STM_2		reported source reference host	H; 0.5-1.0	range		high	susceptible	clear_plaques	not_evaluated		not_evaluated		Table 2 spot test and EOP categories; H 0.5-1.0, M 0.2-0.4, L 0.001-0.1, N inefficient.	curated	high	Imported from Table 2 category matrix.
abdelhadi2021_s_typhimurium_st_41_vb_sts_3_eop	Abdelhadi2021_STM2	paper		10.3390/su132111602	eop	Salmonella enterica	S_Typhimurium_ST_41		vB_STS_3		reported source reference host	N; inefficient	range		none	resistant	no_plaques	not_evaluated		not_evaluated		Table 2 spot test and EOP categories; H 0.5-1.0, M 0.2-0.4, L 0.001-0.1, N inefficient.	curated	high	Imported from Table 2 category matrix.
abdelhadi2021_s_typhimurium_st_43_vb_sts_1_eop	Abdelhadi2021_STM2	paper		10.3390/su132111602	eop	Salmonella enterica	S_Typhimurium_ST_43		vB_STS_1		reported source reference host	L; 0.001-0.1	range		low	reduced_susceptibility	pinpoint_plaques	not_evaluated		not_evaluated		Table 2 spot test and EOP categories; H 0.5-1.0, M 0.2-0.4, L 0.001-0.1, N inefficient.	curated	high	Imported from Table 2 category matrix.
abdelhadi2021_s_typhimurium_st_43_vb_stm_2_eop	Abdelhadi2021_STM2	paper		10.3390/su132111602	eop	Salmonella enterica	S_Typhimurium_ST_43		vB_STM_2		reported source reference host	H; 0.5-1.0	range		high	susceptible	clear_plaques	not_evaluated		not_evaluated		Table 2 spot test and EOP categories; H 0.5-1.0, M 0.2-0.4, L 0.001-0.1, N inefficient.	curated	high	Imported from Table 2 category matrix.
abdelhadi2021_s_typhimurium_st_43_vb_sts_3_eop	Abdelhadi2021_STM2	paper		10.3390/su132111602	eop	Salmonella enterica	S_Typhimurium_ST_43		vB_STS_3		reported source reference host	N; inefficient	range		none	resistant	no_plaques	not_evaluated		not_evaluated		Table 2 spot test and EOP categories; H 0.5-1.0, M 0.2-0.4, L 0.001-0.1, N inefficient.	curated	high	Imported from Table 2 category matrix.
abdelhadi2021_s_typhimurium_st_45_vb_sts_1_eop	Abdelhadi2021_STM2	paper		10.3390/su132111602	eop	Salmonella enterica	S_Typhimurium_ST_45		vB_STS_1		reported source reference host	M; 0.2-0.4	range		medium	susceptible	clear_plaques	not_evaluated		not_evaluated		Table 2 spot test and EOP categories; H 0.5-1.0, M 0.2-0.4, L 0.001-0.1, N inefficient.	curated	high	Imported from Table 2 category matrix.
abdelhadi2021_s_typhimurium_st_45_vb_stm_2_eop	Abdelhadi2021_STM2	paper		10.3390/su132111602	eop	Salmonella enterica	S_Typhimurium_ST_45		vB_STM_2		reported source reference host	H; 0.5-1.0	range		high	susceptible	clear_plaques	not_evaluated		not_evaluated		Table 2 spot test and EOP categories; H 0.5-1.0, M 0.2-0.4, L 0.001-0.1, N inefficient.	curated	high	Imported from Table 2 category matrix.
abdelhadi2021_s_typhimurium_st_45_vb_sts_3_eop	Abdelhadi2021_STM2	paper		10.3390/su132111602	eop	Salmonella enterica	S_Typhimurium_ST_45		vB_STS_3		reported source reference host	L; 0.001-0.1	range		low	reduced_susceptibility	pinpoint_plaques	not_evaluated		not_evaluated		Table 2 spot test and EOP categories; H 0.5-1.0, M 0.2-0.4, L 0.001-0.1, N inefficient.	curated	high	Imported from Table 2 category matrix.
abdelhadi2021_s_typhimurium_st_47_vb_sts_1_eop	Abdelhadi2021_STM2	paper		10.3390/su132111602	eop	Salmonella enterica	S_Typhimurium_ST_47		vB_STS_1		reported source reference host	L; 0.001-0.1	range		low	reduced_susceptibility	pinpoint_plaques	not_evaluated		not_evaluated		Table 2 spot test and EOP categories; H 0.5-1.0, M 0.2-0.4, L 0.001-0.1, N inefficient.	curated	high	Imported from Table 2 category matrix.
abdelhadi2021_s_typhimurium_st_47_vb_stm_2_eop	Abdelhadi2021_STM2	paper		10.3390/su132111602	eop	Salmonella enterica	S_Typhimurium_ST_47		vB_STM_2		reported source reference host	H; 0.5-1.0	range		high	susceptible	clear_plaques	not_evaluated		not_evaluated		Table 2 spot test and EOP categories; H 0.5-1.0, M 0.2-0.4, L 0.001-0.1, N inefficient.	curated	high	Imported from Table 2 category matrix.
abdelhadi2021_s_typhimurium_st_47_vb_sts_3_eop	Abdelhadi2021_STM2	paper		10.3390/su132111602	eop	Salmonella enterica	S_Typhimurium_ST_47		vB_STS_3		reported source reference host	L; 0.001-0.1	range		low	reduced_susceptibility	pinpoint_plaques	not_evaluated		not_evaluated		Table 2 spot test and EOP categories; H 0.5-1.0, M 0.2-0.4, L 0.001-0.1, N inefficient.	curated	high	Imported from Table 2 category matrix.
abdelhadi2021_s_typhimurium_st_49_vb_sts_1_eop	Abdelhadi2021_STM2	paper		10.3390/su132111602	eop	Salmonella enterica	S_Typhimurium_ST_49		vB_STS_1		reported source reference host	N; inefficient	range		none	resistant	no_plaques	not_evaluated		not_evaluated		Table 2 spot test and EOP categories; H 0.5-1.0, M 0.2-0.4, L 0.001-0.1, N inefficient.	curated	high	Imported from Table 2 category matrix.
abdelhadi2021_s_typhimurium_st_49_vb_stm_2_eop	Abdelhadi2021_STM2	paper		10.3390/su132111602	eop	Salmonella enterica	S_Typhimurium_ST_49		vB_STM_2		reported source reference host	M; 0.2-0.4	range		medium	susceptible	clear_plaques	not_evaluated		not_evaluated		Table 2 spot test and EOP categories; H 0.5-1.0, M 0.2-0.4, L 0.001-0.1, N inefficient.	curated	high	Imported from Table 2 category matrix.
abdelhadi2021_s_typhimurium_st_49_vb_sts_3_eop	Abdelhadi2021_STM2	paper		10.3390/su132111602	eop	Salmonella enterica	S_Typhimurium_ST_49		vB_STS_3		reported source reference host	N; inefficient	range		none	resistant	no_plaques	not_evaluated		not_evaluated		Table 2 spot test and EOP categories; H 0.5-1.0, M 0.2-0.4, L 0.001-0.1, N inefficient.	curated	high	Imported from Table 2 category matrix.
abdelhadi2021_s_typhimurium_st_53_vb_sts_1_eop	Abdelhadi2021_STM2	paper		10.3390/su132111602	eop	Salmonella enterica	S_Typhimurium_ST_53		vB_STS_1		reported source reference host	H; 0.5-1.0	range		high	susceptible	clear_plaques	not_evaluated		not_evaluated		Table 2 spot test and EOP categories; H 0.5-1.0, M 0.2-0.4, L 0.001-0.1, N inefficient.	curated	high	Imported from Table 2 category matrix.
abdelhadi2021_s_typhimurium_st_53_vb_stm_2_eop	Abdelhadi2021_STM2	paper		10.3390/su132111602	eop	Salmonella enterica	S_Typhimurium_ST_53		vB_STM_2		reported source reference host	H; 0.5-1.0	range		high	susceptible	clear_plaques	not_evaluated		not_evaluated		Table 2 spot test and EOP categories; H 0.5-1.0, M 0.2-0.4, L 0.001-0.1, N inefficient.	curated	high	Imported from Table 2 category matrix.
abdelhadi2021_s_typhimurium_st_53_vb_sts_3_eop	Abdelhadi2021_STM2	paper		10.3390/su132111602	eop	Salmonella enterica	S_Typhimurium_ST_53		vB_STS_3		reported source reference host	M; 0.2-0.4	range		medium	susceptible	clear_plaques	not_evaluated		not_evaluated		Table 2 spot test and EOP categories; H 0.5-1.0, M 0.2-0.4, L 0.001-0.1, N inefficient.	curated	high	Imported from Table 2 category matrix.
abdelhadi2021_s_typhimurium_st_55_vb_sts_1_eop	Abdelhadi2021_STM2	paper		10.3390/su132111602	eop	Salmonella enterica	S_Typhimurium_ST_55		vB_STS_1		reported source reference host	N; inefficient	range		none	resistant	no_plaques	not_evaluated		not_evaluated		Table 2 spot test and EOP categories; H 0.5-1.0, M 0.2-0.4, L 0.001-0.1, N inefficient.	curated	high	Imported from Table 2 category matrix.
abdelhadi2021_s_typhimurium_st_55_vb_stm_2_eop	Abdelhadi2021_STM2	paper		10.3390/su132111602	eop	Salmonella enterica	S_Typhimurium_ST_55		vB_STM_2		reported source reference host	M; 0.2-0.4	range		medium	susceptible	clear_plaques	not_evaluated		not_evaluated		Table 2 spot test and EOP categories; H 0.5-1.0, M 0.2-0.4, L 0.001-0.1, N inefficient.	curated	high	Imported from Table 2 category matrix.
abdelhadi2021_s_typhimurium_st_55_vb_sts_3_eop	Abdelhadi2021_STM2	paper		10.3390/su132111602	eop	Salmonella enterica	S_Typhimurium_ST_55		vB_STS_3		reported source reference host	N; inefficient	range		none	resistant	no_plaques	not_evaluated		not_evaluated		Table 2 spot test and EOP categories; H 0.5-1.0, M 0.2-0.4, L 0.001-0.1, N inefficient.	curated	high	Imported from Table 2 category matrix.
abdelhadi2021_s_typhimurium_st_56_vb_sts_1_eop	Abdelhadi2021_STM2	paper		10.3390/su132111602	eop	Salmonella enterica	S_Typhimurium_ST_56		vB_STS_1		reported source reference host	H; 0.5-1.0	range		high	susceptible	clear_plaques	not_evaluated		not_evaluated		Table 2 spot test and EOP categories; H 0.5-1.0, M 0.2-0.4, L 0.001-0.1, N inefficient.	curated	high	Imported from Table 2 category matrix.
abdelhadi2021_s_typhimurium_st_56_vb_stm_2_eop	Abdelhadi2021_STM2	paper		10.3390/su132111602	eop	Salmonella enterica	S_Typhimurium_ST_56		vB_STM_2		reported source reference host	H; 0.5-1.0	range		high	susceptible	clear_plaques	not_evaluated		not_evaluated		Table 2 spot test and EOP categories; H 0.5-1.0, M 0.2-0.4, L 0.001-0.1, N inefficient.	curated	high	Imported from Table 2 category matrix.
abdelhadi2021_s_typhimurium_st_56_vb_sts_3_eop	Abdelhadi2021_STM2	paper		10.3390/su132111602	eop	Salmonella enterica	S_Typhimurium_ST_56		vB_STS_3		reported source reference host	M; 0.2-0.4	range		medium	susceptible	clear_plaques	not_evaluated		not_evaluated		Table 2 spot test and EOP categories; H 0.5-1.0, M 0.2-0.4, L 0.001-0.1, N inefficient.	curated	high	Imported from Table 2 category matrix.
abdelhadi2021_psaci_1_vb_sts_1_eop	Abdelhadi2021_STM2	paper		10.3390/su132111602	eop	Pseudomonas aeruginosa	PsaCI_1		vB_STS_1		reported source reference host	N; inefficient	range		none	resistant	no_plaques	not_evaluated		not_evaluated		Table 2 spot test and EOP categories; H 0.5-1.0, M 0.2-0.4, L 0.001-0.1, N inefficient.	curated	high	Imported from Table 2 category matrix.
abdelhadi2021_psaci_1_vb_stm_2_eop	Abdelhadi2021_STM2	paper		10.3390/su132111602	eop	Pseudomonas aeruginosa	PsaCI_1		vB_STM_2		reported source reference host	M; 0.2-0.4	range		medium	susceptible	clear_plaques	not_evaluated		not_evaluated		Table 2 spot test and EOP categories; H 0.5-1.0, M 0.2-0.4, L 0.001-0.1, N inefficient.	curated	high	Imported from Table 2 category matrix.
abdelhadi2021_psaci_1_vb_sts_3_eop	Abdelhadi2021_STM2	paper		10.3390/su132111602	eop	Pseudomonas aeruginosa	PsaCI_1		vB_STS_3		reported source reference host	N; inefficient	range		none	resistant	no_plaques	not_evaluated		not_evaluated		Table 2 spot test and EOP categories; H 0.5-1.0, M 0.2-0.4, L 0.001-0.1, N inefficient.	curated	high	Imported from Table 2 category matrix.
abdelhadi2021_psaci_2_vb_sts_1_eop	Abdelhadi2021_STM2	paper		10.3390/su132111602	eop	Pseudomonas aeruginosa	PsaCI_2		vB_STS_1		reported source reference host	N; inefficient	range		none	resistant	no_plaques	not_evaluated		not_evaluated		Table 2 spot test and EOP categories; H 0.5-1.0, M 0.2-0.4, L 0.001-0.1, N inefficient.	curated	high	Imported from Table 2 category matrix.
abdelhadi2021_psaci_2_vb_stm_2_eop	Abdelhadi2021_STM2	paper		10.3390/su132111602	eop	Pseudomonas aeruginosa	PsaCI_2		vB_STM_2		reported source reference host	M; 0.2-0.4	range		medium	susceptible	clear_plaques	not_evaluated		not_evaluated		Table 2 spot test and EOP categories; H 0.5-1.0, M 0.2-0.4, L 0.001-0.1, N inefficient.	curated	high	Imported from Table 2 category matrix.
abdelhadi2021_psaci_2_vb_sts_3_eop	Abdelhadi2021_STM2	paper		10.3390/su132111602	eop	Pseudomonas aeruginosa	PsaCI_2		vB_STS_3		reported source reference host	N; inefficient	range		none	resistant	no_plaques	not_evaluated		not_evaluated		Table 2 spot test and EOP categories; H 0.5-1.0, M 0.2-0.4, L 0.001-0.1, N inefficient.	curated	high	Imported from Table 2 category matrix.
abdelhadi2021_psafi_1_vb_sts_1_eop	Abdelhadi2021_STM2	paper		10.3390/su132111602	eop	Pseudomonas aeruginosa	PsaFI_1		vB_STS_1		reported source reference host	N; inefficient	range		none	resistant	no_plaques	not_evaluated		not_evaluated		Table 2 spot test and EOP categories; H 0.5-1.0, M 0.2-0.4, L 0.001-0.1, N inefficient.	curated	high	Imported from Table 2 category matrix.
abdelhadi2021_psafi_1_vb_stm_2_eop	Abdelhadi2021_STM2	paper		10.3390/su132111602	eop	Pseudomonas aeruginosa	PsaFI_1		vB_STM_2		reported source reference host	H; 0.5-1.0	range		high	susceptible	clear_plaques	not_evaluated		not_evaluated		Table 2 spot test and EOP categories; H 0.5-1.0, M 0.2-0.4, L 0.001-0.1, N inefficient.	curated	high	Imported from Table 2 category matrix.
abdelhadi2021_psafi_1_vb_sts_3_eop	Abdelhadi2021_STM2	paper		10.3390/su132111602	eop	Pseudomonas aeruginosa	PsaFI_1		vB_STS_3		reported source reference host	N; inefficient	range		none	resistant	no_plaques	not_evaluated		not_evaluated		Table 2 spot test and EOP categories; H 0.5-1.0, M 0.2-0.4, L 0.001-0.1, N inefficient.	curated	high	Imported from Table 2 category matrix.
abdelhadi2021_psafi_2_vb_sts_1_eop	Abdelhadi2021_STM2	paper		10.3390/su132111602	eop	Pseudomonas aeruginosa	PsaFI_2		vB_STS_1		reported source reference host	N; inefficient	range		none	resistant	no_plaques	not_evaluated		not_evaluated		Table 2 spot test and EOP categories; H 0.5-1.0, M 0.2-0.4, L 0.001-0.1, N inefficient.	curated	high	Imported from Table 2 category matrix.
abdelhadi2021_psafi_2_vb_stm_2_eop	Abdelhadi2021_STM2	paper		10.3390/su132111602	eop	Pseudomonas aeruginosa	PsaFI_2		vB_STM_2		reported source reference host	H; 0.5-1.0	range		high	susceptible	clear_plaques	not_evaluated		not_evaluated		Table 2 spot test and EOP categories; H 0.5-1.0, M 0.2-0.4, L 0.001-0.1, N inefficient.	curated	high	Imported from Table 2 category matrix.
abdelhadi2021_psafi_2_vb_sts_3_eop	Abdelhadi2021_STM2	paper		10.3390/su132111602	eop	Pseudomonas aeruginosa	PsaFI_2		vB_STS_3		reported source reference host	N; inefficient	range		none	resistant	no_plaques	not_evaluated		not_evaluated		Table 2 spot test and EOP categories; H 0.5-1.0, M 0.2-0.4, L 0.001-0.1, N inefficient.	curated	high	Imported from Table 2 category matrix.
abdelhadi2021_psafi_1_table_cont_vb_sts_1_eop	Abdelhadi2021_STM2	paper		10.3390/su132111602	eop	Pseudomonas aeruginosa	PsaFI_1_table_cont		vB_STS_1		reported source reference host	N; inefficient	range		none	resistant	no_plaques	not_evaluated		not_evaluated		Table 2 spot test and EOP categories; H 0.5-1.0, M 0.2-0.4, L 0.001-0.1, N inefficient.	curated	high	The source table repeats one P. aeruginosa label as PsaFI-1; the second occurrence is kept as PsaFI_1_table_cont pending manual author-table verification.
abdelhadi2021_psafi_1_table_cont_vb_stm_2_eop	Abdelhadi2021_STM2	paper		10.3390/su132111602	eop	Pseudomonas aeruginosa	PsaFI_1_table_cont		vB_STM_2		reported source reference host	H; 0.5-1.0	range		high	susceptible	clear_plaques	not_evaluated		not_evaluated		Table 2 spot test and EOP categories; H 0.5-1.0, M 0.2-0.4, L 0.001-0.1, N inefficient.	curated	high	The source table repeats one P. aeruginosa label as PsaFI-1; the second occurrence is kept as PsaFI_1_table_cont pending manual author-table verification.
abdelhadi2021_psafi_1_table_cont_vb_sts_3_eop	Abdelhadi2021_STM2	paper		10.3390/su132111602	eop	Pseudomonas aeruginosa	PsaFI_1_table_cont		vB_STS_3		reported source reference host	N; inefficient	range		none	resistant	no_plaques	not_evaluated		not_evaluated		Table 2 spot test and EOP categories; H 0.5-1.0, M 0.2-0.4, L 0.001-0.1, N inefficient.	curated	high	The source table repeats one P. aeruginosa label as PsaFI-1; the second occurrence is kept as PsaFI_1_table_cont pending manual author-table verification.
abdelhadi2021_safi_1_vb_sts_1_eop	Abdelhadi2021_STM2	paper		10.3390/su132111602	eop	Staphylococcus aureus	SaFI_1		vB_STS_1		reported source reference host	N; inefficient	range		none	resistant	no_plaques	not_evaluated		not_evaluated		Table 2 spot test and EOP categories; H 0.5-1.0, M 0.2-0.4, L 0.001-0.1, N inefficient.	curated	high	Imported from Table 2 category matrix.
abdelhadi2021_safi_1_vb_stm_2_eop	Abdelhadi2021_STM2	paper		10.3390/su132111602	eop	Staphylococcus aureus	SaFI_1		vB_STM_2		reported source reference host	L; 0.001-0.1	range		low	reduced_susceptibility	pinpoint_plaques	not_evaluated		not_evaluated		Table 2 spot test and EOP categories; H 0.5-1.0, M 0.2-0.4, L 0.001-0.1, N inefficient.	curated	high	Imported from Table 2 category matrix.
abdelhadi2021_safi_1_vb_sts_3_eop	Abdelhadi2021_STM2	paper		10.3390/su132111602	eop	Staphylococcus aureus	SaFI_1		vB_STS_3		reported source reference host	N; inefficient	range		none	resistant	no_plaques	not_evaluated		not_evaluated		Table 2 spot test and EOP categories; H 0.5-1.0, M 0.2-0.4, L 0.001-0.1, N inefficient.	curated	high	Imported from Table 2 category matrix.
abdelhadi2021_safi_2_vb_sts_1_eop	Abdelhadi2021_STM2	paper		10.3390/su132111602	eop	Staphylococcus aureus	SaFI_2		vB_STS_1		reported source reference host	N; inefficient	range		none	resistant	no_plaques	not_evaluated		not_evaluated		Table 2 spot test and EOP categories; H 0.5-1.0, M 0.2-0.4, L 0.001-0.1, N inefficient.	curated	high	Imported from Table 2 category matrix.
abdelhadi2021_safi_2_vb_stm_2_eop	Abdelhadi2021_STM2	paper		10.3390/su132111602	eop	Staphylococcus aureus	SaFI_2		vB_STM_2		reported source reference host	M; 0.2-0.4	range		medium	susceptible	clear_plaques	not_evaluated		not_evaluated		Table 2 spot test and EOP categories; H 0.5-1.0, M 0.2-0.4, L 0.001-0.1, N inefficient.	curated	high	Imported from Table 2 category matrix.
abdelhadi2021_safi_2_vb_sts_3_eop	Abdelhadi2021_STM2	paper		10.3390/su132111602	eop	Staphylococcus aureus	SaFI_2		vB_STS_3		reported source reference host	N; inefficient	range		none	resistant	no_plaques	not_evaluated		not_evaluated		Table 2 spot test and EOP categories; H 0.5-1.0, M 0.2-0.4, L 0.001-0.1, N inefficient.	curated	high	Imported from Table 2 category matrix.
abdelhadi2021_safi_3_vb_sts_1_eop	Abdelhadi2021_STM2	paper		10.3390/su132111602	eop	Staphylococcus aureus	SaFI_3		vB_STS_1		reported source reference host	N; inefficient	range		none	resistant	no_plaques	not_evaluated		not_evaluated		Table 2 spot test and EOP categories; H 0.5-1.0, M 0.2-0.4, L 0.001-0.1, N inefficient.	curated	high	Imported from Table 2 category matrix.
abdelhadi2021_safi_3_vb_stm_2_eop	Abdelhadi2021_STM2	paper		10.3390/su132111602	eop	Staphylococcus aureus	SaFI_3		vB_STM_2		reported source reference host	L; 0.001-0.1	range		low	reduced_susceptibility	pinpoint_plaques	not_evaluated		not_evaluated		Table 2 spot test and EOP categories; H 0.5-1.0, M 0.2-0.4, L 0.001-0.1, N inefficient.	curated	high	Imported from Table 2 category matrix.
abdelhadi2021_safi_3_vb_sts_3_eop	Abdelhadi2021_STM2	paper		10.3390/su132111602	eop	Staphylococcus aureus	SaFI_3		vB_STS_3		reported source reference host	N; inefficient	range		none	resistant	no_plaques	not_evaluated		not_evaluated		Table 2 spot test and EOP categories; H 0.5-1.0, M 0.2-0.4, L 0.001-0.1, N inefficient.	curated	high	Imported from Table 2 category matrix.
abdelhadi2021_ecci_1_vb_sts_1_eop	Abdelhadi2021_STM2	paper		10.3390/su132111602	eop	Escherichia coli	EcCI_1		vB_STS_1		reported source reference host	N; inefficient	range		none	resistant	no_plaques	not_evaluated		not_evaluated		Table 2 spot test and EOP categories; H 0.5-1.0, M 0.2-0.4, L 0.001-0.1, N inefficient.	curated	high	Imported from Table 2 category matrix.
abdelhadi2021_ecci_1_vb_stm_2_eop	Abdelhadi2021_STM2	paper		10.3390/su132111602	eop	Escherichia coli	EcCI_1		vB_STM_2		reported source reference host	M; 0.2-0.4	range		medium	susceptible	clear_plaques	not_evaluated		not_evaluated		Table 2 spot test and EOP categories; H 0.5-1.0, M 0.2-0.4, L 0.001-0.1, N inefficient.	curated	high	Imported from Table 2 category matrix.
abdelhadi2021_ecci_1_vb_sts_3_eop	Abdelhadi2021_STM2	paper		10.3390/su132111602	eop	Escherichia coli	EcCI_1		vB_STS_3		reported source reference host	N; inefficient	range		none	resistant	no_plaques	not_evaluated		not_evaluated		Table 2 spot test and EOP categories; H 0.5-1.0, M 0.2-0.4, L 0.001-0.1, N inefficient.	curated	high	Imported from Table 2 category matrix.
abdelhadi2021_ecci_2_vb_sts_1_eop	Abdelhadi2021_STM2	paper		10.3390/su132111602	eop	Escherichia coli	EcCI_2		vB_STS_1		reported source reference host	N; inefficient	range		none	resistant	no_plaques	not_evaluated		not_evaluated		Table 2 spot test and EOP categories; H 0.5-1.0, M 0.2-0.4, L 0.001-0.1, N inefficient.	curated	high	Imported from Table 2 category matrix.
abdelhadi2021_ecci_2_vb_stm_2_eop	Abdelhadi2021_STM2	paper		10.3390/su132111602	eop	Escherichia coli	EcCI_2		vB_STM_2		reported source reference host	M; 0.2-0.4	range		medium	susceptible	clear_plaques	not_evaluated		not_evaluated		Table 2 spot test and EOP categories; H 0.5-1.0, M 0.2-0.4, L 0.001-0.1, N inefficient.	curated	high	Imported from Table 2 category matrix.
abdelhadi2021_ecci_2_vb_sts_3_eop	Abdelhadi2021_STM2	paper		10.3390/su132111602	eop	Escherichia coli	EcCI_2		vB_STS_3		reported source reference host	N; inefficient	range		none	resistant	no_plaques	not_evaluated		not_evaluated		Table 2 spot test and EOP categories; H 0.5-1.0, M 0.2-0.4, L 0.001-0.1, N inefficient.	curated	high	Imported from Table 2 category matrix.
abdelhadi2021_ecci_3_vb_sts_1_eop	Abdelhadi2021_STM2	paper		10.3390/su132111602	eop	Escherichia coli	EcCI_3		vB_STS_1		reported source reference host	N; inefficient	range		none	resistant	no_plaques	not_evaluated		not_evaluated		Table 2 spot test and EOP categories; H 0.5-1.0, M 0.2-0.4, L 0.001-0.1, N inefficient.	curated	high	Imported from Table 2 category matrix.
abdelhadi2021_ecci_3_vb_stm_2_eop	Abdelhadi2021_STM2	paper		10.3390/su132111602	eop	Escherichia coli	EcCI_3		vB_STM_2		reported source reference host	M; 0.2-0.4	range		medium	susceptible	clear_plaques	not_evaluated		not_evaluated		Table 2 spot test and EOP categories; H 0.5-1.0, M 0.2-0.4, L 0.001-0.1, N inefficient.	curated	high	Imported from Table 2 category matrix.
abdelhadi2021_ecci_3_vb_sts_3_eop	Abdelhadi2021_STM2	paper		10.3390/su132111602	eop	Escherichia coli	EcCI_3		vB_STS_3		reported source reference host	N; inefficient	range		none	resistant	no_plaques	not_evaluated		not_evaluated		Table 2 spot test and EOP categories; H 0.5-1.0, M 0.2-0.4, L 0.001-0.1, N inefficient.	curated	high	Imported from Table 2 category matrix.
abdelhadi2021_ecci_4_vb_sts_1_eop	Abdelhadi2021_STM2	paper		10.3390/su132111602	eop	Escherichia coli	EcCI_4		vB_STS_1		reported source reference host	N; inefficient	range		none	resistant	no_plaques	not_evaluated		not_evaluated		Table 2 spot test and EOP categories; H 0.5-1.0, M 0.2-0.4, L 0.001-0.1, N inefficient.	curated	high	Imported from Table 2 category matrix.
abdelhadi2021_ecci_4_vb_stm_2_eop	Abdelhadi2021_STM2	paper		10.3390/su132111602	eop	Escherichia coli	EcCI_4		vB_STM_2		reported source reference host	M; 0.2-0.4	range		medium	susceptible	clear_plaques	not_evaluated		not_evaluated		Table 2 spot test and EOP categories; H 0.5-1.0, M 0.2-0.4, L 0.001-0.1, N inefficient.	curated	high	Imported from Table 2 category matrix.
abdelhadi2021_ecci_4_vb_sts_3_eop	Abdelhadi2021_STM2	paper		10.3390/su132111602	eop	Escherichia coli	EcCI_4		vB_STS_3		reported source reference host	N; inefficient	range		none	resistant	no_plaques	not_evaluated		not_evaluated		Table 2 spot test and EOP categories; H 0.5-1.0, M 0.2-0.4, L 0.001-0.1, N inefficient.	curated	high	Imported from Table 2 category matrix.
abdelhadi2021_kpci_1_vb_sts_1_eop	Abdelhadi2021_STM2	paper		10.3390/su132111602	eop	Klebsiella pneumoniae	KpCI_1		vB_STS_1		reported source reference host	N; inefficient	range		none	resistant	no_plaques	not_evaluated		not_evaluated		Table 2 spot test and EOP categories; H 0.5-1.0, M 0.2-0.4, L 0.001-0.1, N inefficient.	curated	high	Imported from Table 2 category matrix.
abdelhadi2021_kpci_1_vb_stm_2_eop	Abdelhadi2021_STM2	paper		10.3390/su132111602	eop	Klebsiella pneumoniae	KpCI_1		vB_STM_2		reported source reference host	N; inefficient	range		none	resistant	no_plaques	not_evaluated		not_evaluated		Table 2 spot test and EOP categories; H 0.5-1.0, M 0.2-0.4, L 0.001-0.1, N inefficient.	curated	high	Imported from Table 2 category matrix.
abdelhadi2021_kpci_1_vb_sts_3_eop	Abdelhadi2021_STM2	paper		10.3390/su132111602	eop	Klebsiella pneumoniae	KpCI_1		vB_STS_3		reported source reference host	N; inefficient	range		none	resistant	no_plaques	not_evaluated		not_evaluated		Table 2 spot test and EOP categories; H 0.5-1.0, M 0.2-0.4, L 0.001-0.1, N inefficient.	curated	high	Imported from Table 2 category matrix.
wintachai2022_abpw0181_vabwu2101_eop	Wintachai2022_vABWU2101	paper	35215915	10.3390/v14020194	eop	Acinetobacter baumannii	ABPW0181		vABWU2101		reported source reference host	0.64	=	0.64	high	susceptible	clear_plaques	not_evaluated		not_evaluated		Table 1 host range and EOP; duplicate independent experiments with duplicate assay.	curated	high	MDR A. baumannii SSTI isolate panel plus K. pneumoniae/MRSA controls.
wintachai2022_abpw0182_vabwu2101_eop	Wintachai2022_vABWU2101	paper	35215915	10.3390/v14020194	eop	Acinetobacter baumannii	ABPW0182		vABWU2101		reported source reference host	0.55	=	0.55	high	susceptible	clear_plaques	not_evaluated		not_evaluated		Table 1 host range and EOP; duplicate independent experiments with duplicate assay.	curated	high	MDR A. baumannii SSTI isolate panel plus K. pneumoniae/MRSA controls.
wintachai2022_abpw0183_vabwu2101_eop	Wintachai2022_vABWU2101	paper	35215915	10.3390/v14020194	eop	Acinetobacter baumannii	ABPW0183		vABWU2101		reported source reference host	0	=	0	none	resistant	no_plaques	not_evaluated		not_evaluated		Table 1 host range and EOP; duplicate independent experiments with duplicate assay.	curated	high	MDR A. baumannii SSTI isolate panel plus K. pneumoniae/MRSA controls.
wintachai2022_abpw0184_vabwu2101_eop	Wintachai2022_vABWU2101	paper	35215915	10.3390/v14020194	eop	Acinetobacter baumannii	ABPW0184		vABWU2101		reported source reference host	0	=	0	none	resistant	no_plaques	not_evaluated		not_evaluated		Table 1 host range and EOP; duplicate independent experiments with duplicate assay.	curated	high	MDR A. baumannii SSTI isolate panel plus K. pneumoniae/MRSA controls.
wintachai2022_abpw0185_host_vabwu2101_eop	Wintachai2022_vABWU2101	paper	35215915	10.3390/v14020194	eop	Acinetobacter baumannii	ABPW0185_host		vABWU2101		reported source reference host	1	=	1	high	susceptible	clear_plaques	not_evaluated		not_evaluated		Table 1 host range and EOP; duplicate independent experiments with duplicate assay.	curated	high	MDR A. baumannii SSTI isolate panel plus K. pneumoniae/MRSA controls.
wintachai2022_abpw0186_vabwu2101_eop	Wintachai2022_vABWU2101	paper	35215915	10.3390/v14020194	eop	Acinetobacter baumannii	ABPW0186		vABWU2101		reported source reference host	0.17	=	0.17	medium	susceptible	clear_plaques	not_evaluated		not_evaluated		Table 1 host range and EOP; duplicate independent experiments with duplicate assay.	curated	high	MDR A. baumannii SSTI isolate panel plus K. pneumoniae/MRSA controls.
wintachai2022_abpw0187_vabwu2101_eop	Wintachai2022_vABWU2101	paper	35215915	10.3390/v14020194	eop	Acinetobacter baumannii	ABPW0187		vABWU2101		reported source reference host	0.21	=	0.21	medium	susceptible	clear_plaques	not_evaluated		not_evaluated		Table 1 host range and EOP; duplicate independent experiments with duplicate assay.	curated	high	MDR A. baumannii SSTI isolate panel plus K. pneumoniae/MRSA controls.
wintachai2022_abpw0188_vabwu2101_eop	Wintachai2022_vABWU2101	paper	35215915	10.3390/v14020194	eop	Acinetobacter baumannii	ABPW0188		vABWU2101		reported source reference host	0	=	0	none	resistant	no_plaques	not_evaluated		not_evaluated		Table 1 host range and EOP; duplicate independent experiments with duplicate assay.	curated	high	MDR A. baumannii SSTI isolate panel plus K. pneumoniae/MRSA controls.
wintachai2022_abpw0189_vabwu2101_eop	Wintachai2022_vABWU2101	paper	35215915	10.3390/v14020194	eop	Acinetobacter baumannii	ABPW0189		vABWU2101		reported source reference host	0.08	=	0.08	low	reduced_susceptibility	pinpoint_plaques	not_evaluated		not_evaluated		Table 1 host range and EOP; duplicate independent experiments with duplicate assay.	curated	high	MDR A. baumannii SSTI isolate panel plus K. pneumoniae/MRSA controls.
wintachai2022_abpw0190_vabwu2101_eop	Wintachai2022_vABWU2101	paper	35215915	10.3390/v14020194	eop	Acinetobacter baumannii	ABPW0190		vABWU2101		reported source reference host	0.91	=	0.91	high	susceptible	clear_plaques	not_evaluated		not_evaluated		Table 1 host range and EOP; duplicate independent experiments with duplicate assay.	curated	high	MDR A. baumannii SSTI isolate panel plus K. pneumoniae/MRSA controls.
wintachai2022_abpw0191_vabwu2101_eop	Wintachai2022_vABWU2101	paper	35215915	10.3390/v14020194	eop	Acinetobacter baumannii	ABPW0191		vABWU2101		reported source reference host	0.09	=	0.09	low	reduced_susceptibility	pinpoint_plaques	not_evaluated		not_evaluated		Table 1 host range and EOP; duplicate independent experiments with duplicate assay.	curated	high	MDR A. baumannii SSTI isolate panel plus K. pneumoniae/MRSA controls.
wintachai2022_abpw0192_vabwu2101_eop	Wintachai2022_vABWU2101	paper	35215915	10.3390/v14020194	eop	Acinetobacter baumannii	ABPW0192		vABWU2101		reported source reference host	0.32	=	0.32	medium	susceptible	clear_plaques	not_evaluated		not_evaluated		Table 1 host range and EOP; duplicate independent experiments with duplicate assay.	curated	high	MDR A. baumannii SSTI isolate panel plus K. pneumoniae/MRSA controls.
wintachai2022_abpw0193_vabwu2101_eop	Wintachai2022_vABWU2101	paper	35215915	10.3390/v14020194	eop	Acinetobacter baumannii	ABPW0193		vABWU2101		reported source reference host	0.48	=	0.48	medium	susceptible	clear_plaques	not_evaluated		not_evaluated		Table 1 host range and EOP; duplicate independent experiments with duplicate assay.	curated	high	MDR A. baumannii SSTI isolate panel plus K. pneumoniae/MRSA controls.
wintachai2022_abpw0194_vabwu2101_eop	Wintachai2022_vABWU2101	paper	35215915	10.3390/v14020194	eop	Acinetobacter baumannii	ABPW0194		vABWU2101		reported source reference host	0	=	0	none	resistant	no_plaques	not_evaluated		not_evaluated		Table 1 host range and EOP; duplicate independent experiments with duplicate assay.	curated	high	MDR A. baumannii SSTI isolate panel plus K. pneumoniae/MRSA controls.
wintachai2022_abpw0195_vabwu2101_eop	Wintachai2022_vABWU2101	paper	35215915	10.3390/v14020194	eop	Acinetobacter baumannii	ABPW0195		vABWU2101		reported source reference host	0.72	=	0.72	high	susceptible	clear_plaques	not_evaluated		not_evaluated		Table 1 host range and EOP; duplicate independent experiments with duplicate assay.	curated	high	MDR A. baumannii SSTI isolate panel plus K. pneumoniae/MRSA controls.
wintachai2022_abpw0196_vabwu2101_eop	Wintachai2022_vABWU2101	paper	35215915	10.3390/v14020194	eop	Acinetobacter baumannii	ABPW0196		vABWU2101		reported source reference host	0.27	=	0.27	medium	susceptible	clear_plaques	not_evaluated		not_evaluated		Table 1 host range and EOP; duplicate independent experiments with duplicate assay.	curated	high	MDR A. baumannii SSTI isolate panel plus K. pneumoniae/MRSA controls.
wintachai2022_abpw0197_vabwu2101_eop	Wintachai2022_vABWU2101	paper	35215915	10.3390/v14020194	eop	Acinetobacter baumannii	ABPW0197		vABWU2101		reported source reference host	0.93	=	0.93	high	susceptible	clear_plaques	not_evaluated		not_evaluated		Table 1 host range and EOP; duplicate independent experiments with duplicate assay.	curated	high	MDR A. baumannii SSTI isolate panel plus K. pneumoniae/MRSA controls.
wintachai2022_abpw0198_vabwu2101_eop	Wintachai2022_vABWU2101	paper	35215915	10.3390/v14020194	eop	Acinetobacter baumannii	ABPW0198		vABWU2101		reported source reference host	0	=	0	none	resistant	no_plaques	not_evaluated		not_evaluated		Table 1 host range and EOP; duplicate independent experiments with duplicate assay.	curated	high	MDR A. baumannii SSTI isolate panel plus K. pneumoniae/MRSA controls.
wintachai2022_abpw0199_vabwu2101_eop	Wintachai2022_vABWU2101	paper	35215915	10.3390/v14020194	eop	Acinetobacter baumannii	ABPW0199		vABWU2101		reported source reference host	0	=	0	none	resistant	no_plaques	not_evaluated		not_evaluated		Table 1 host range and EOP; duplicate independent experiments with duplicate assay.	curated	high	MDR A. baumannii SSTI isolate panel plus K. pneumoniae/MRSA controls.
wintachai2022_abpw0200_vabwu2101_eop	Wintachai2022_vABWU2101	paper	35215915	10.3390/v14020194	eop	Acinetobacter baumannii	ABPW0200		vABWU2101		reported source reference host	0.06	=	0.06	low	reduced_susceptibility	pinpoint_plaques	not_evaluated		not_evaluated		Table 1 host range and EOP; duplicate independent experiments with duplicate assay.	curated	high	MDR A. baumannii SSTI isolate panel plus K. pneumoniae/MRSA controls.
wintachai2022_k_pneumoniae_control_vabwu2101_eop	Wintachai2022_vABWU2101	paper	35215915	10.3390/v14020194	eop	Klebsiella pneumoniae	K_pneumoniae_control		vABWU2101		reported source reference host	0	=	0	none	resistant	no_plaques	not_evaluated		not_evaluated		Table 1 host range and EOP; duplicate independent experiments with duplicate assay.	curated	high	MDR A. baumannii SSTI isolate panel plus K. pneumoniae/MRSA controls.
wintachai2022_mrsa_control_vabwu2101_eop	Wintachai2022_vABWU2101	paper	35215915	10.3390/v14020194	eop	Staphylococcus aureus	MRSA_control		vABWU2101		reported source reference host	0	=	0	none	resistant	no_plaques	not_evaluated		not_evaluated		Table 1 host range and EOP; duplicate independent experiments with duplicate assay.	curated	high	MDR A. baumannii SSTI isolate panel plus K. pneumoniae/MRSA controls.
wintachai2024_pw001_vecpw8_eop	Wintachai2024_vECPW8	paper	39595283	10.3390/antibiotics13111083	eop	Escherichia coli	MDR_APEC_PW001		vECPW8		reported source reference host	0	=	0	none	resistant	no_plaques	not_evaluated		not_evaluated		Table 1 bacterial lysis efficacy and EOP; triplicate experiments with duplicate plaque assays, repeated twice.	curated	high	MDR avian pathogenic E. coli isolate panel.
wintachai2024_pw002_vecpw8_eop	Wintachai2024_vECPW8	paper	39595283	10.3390/antibiotics13111083	eop	Escherichia coli	MDR_APEC_PW002		vECPW8		reported source reference host	0.8	=	0.8	high	susceptible	clear_plaques	not_evaluated		not_evaluated		Table 1 bacterial lysis efficacy and EOP; triplicate experiments with duplicate plaque assays, repeated twice.	curated	high	MDR avian pathogenic E. coli isolate panel.
wintachai2024_pw003_vecpw8_eop	Wintachai2024_vECPW8	paper	39595283	10.3390/antibiotics13111083	eop	Escherichia coli	MDR_APEC_PW003		vECPW8		reported source reference host	0.65	=	0.65	high	susceptible	clear_plaques	not_evaluated		not_evaluated		Table 1 bacterial lysis efficacy and EOP; triplicate experiments with duplicate plaque assays, repeated twice.	curated	high	MDR avian pathogenic E. coli isolate panel.
wintachai2024_pw004_vecpw8_eop	Wintachai2024_vECPW8	paper	39595283	10.3390/antibiotics13111083	eop	Escherichia coli	MDR_APEC_PW004		vECPW8		reported source reference host	0	=	0	none	resistant	no_plaques	not_evaluated		not_evaluated		Table 1 bacterial lysis efficacy and EOP; triplicate experiments with duplicate plaque assays, repeated twice.	curated	high	MDR avian pathogenic E. coli isolate panel.
wintachai2024_pw005_host_vecpw8_eop	Wintachai2024_vECPW8	paper	39595283	10.3390/antibiotics13111083	eop	Escherichia coli	MDR_APEC_PW005_host		vECPW8		reported source reference host	1	=	1	high	susceptible	clear_plaques	not_evaluated		not_evaluated		Table 1 bacterial lysis efficacy and EOP; triplicate experiments with duplicate plaque assays, repeated twice.	curated	high	MDR avian pathogenic E. coli isolate panel.
wintachai2024_pw006_vecpw8_eop	Wintachai2024_vECPW8	paper	39595283	10.3390/antibiotics13111083	eop	Escherichia coli	MDR_APEC_PW006		vECPW8		reported source reference host	0.49	=	0.49	medium	susceptible	clear_plaques	not_evaluated		not_evaluated		Table 1 bacterial lysis efficacy and EOP; triplicate experiments with duplicate plaque assays, repeated twice.	curated	high	MDR avian pathogenic E. coli isolate panel.
wintachai2024_pw007_vecpw8_eop	Wintachai2024_vECPW8	paper	39595283	10.3390/antibiotics13111083	eop	Escherichia coli	MDR_APEC_PW007		vECPW8		reported source reference host	0	=	0	none	resistant	no_plaques	not_evaluated		not_evaluated		Table 1 bacterial lysis efficacy and EOP; triplicate experiments with duplicate plaque assays, repeated twice.	curated	high	MDR avian pathogenic E. coli isolate panel.
wintachai2024_pw008_vecpw8_eop	Wintachai2024_vECPW8	paper	39595283	10.3390/antibiotics13111083	eop	Escherichia coli	MDR_APEC_PW008		vECPW8		reported source reference host	0.57	=	0.57	high	susceptible	clear_plaques	not_evaluated		not_evaluated		Table 1 bacterial lysis efficacy and EOP; triplicate experiments with duplicate plaque assays, repeated twice.	curated	high	MDR avian pathogenic E. coli isolate panel.
wintachai2024_pw009_vecpw8_eop	Wintachai2024_vECPW8	paper	39595283	10.3390/antibiotics13111083	eop	Escherichia coli	MDR_APEC_PW009		vECPW8		reported source reference host	0	=	0	none	resistant	no_plaques	not_evaluated		not_evaluated		Table 1 bacterial lysis efficacy and EOP; triplicate experiments with duplicate plaque assays, repeated twice.	curated	high	MDR avian pathogenic E. coli isolate panel.
wintachai2024_pw010_vecpw8_eop	Wintachai2024_vECPW8	paper	39595283	10.3390/antibiotics13111083	eop	Escherichia coli	MDR_APEC_PW010		vECPW8		reported source reference host	0.32	=	0.32	medium	susceptible	clear_plaques	not_evaluated		not_evaluated		Table 1 bacterial lysis efficacy and EOP; triplicate experiments with duplicate plaque assays, repeated twice.	curated	high	MDR avian pathogenic E. coli isolate panel.
wintachai2024_pw011_vecpw8_eop	Wintachai2024_vECPW8	paper	39595283	10.3390/antibiotics13111083	eop	Escherichia coli	MDR_APEC_PW011		vECPW8		reported source reference host	0	=	0	none	resistant	no_plaques	not_evaluated		not_evaluated		Table 1 bacterial lysis efficacy and EOP; triplicate experiments with duplicate plaque assays, repeated twice.	curated	high	MDR avian pathogenic E. coli isolate panel.
wintachai2024_pw012_vecpw8_eop	Wintachai2024_vECPW8	paper	39595283	10.3390/antibiotics13111083	eop	Escherichia coli	MDR_APEC_PW012		vECPW8		reported source reference host	0.44	=	0.44	medium	susceptible	clear_plaques	not_evaluated		not_evaluated		Table 1 bacterial lysis efficacy and EOP; triplicate experiments with duplicate plaque assays, repeated twice.	curated	high	MDR avian pathogenic E. coli isolate panel.
wintachai2024_pw013_vecpw8_eop	Wintachai2024_vECPW8	paper	39595283	10.3390/antibiotics13111083	eop	Escherichia coli	MDR_APEC_PW013		vECPW8		reported source reference host	0.02	=	0.02	low	reduced_susceptibility	pinpoint_plaques	not_evaluated		not_evaluated		Table 1 bacterial lysis efficacy and EOP; triplicate experiments with duplicate plaque assays, repeated twice.	curated	high	MDR avian pathogenic E. coli isolate panel.
wintachai2024_pw014_vecpw8_eop	Wintachai2024_vECPW8	paper	39595283	10.3390/antibiotics13111083	eop	Escherichia coli	MDR_APEC_PW014		vECPW8		reported source reference host	0	=	0	none	resistant	no_plaques	not_evaluated		not_evaluated		Table 1 bacterial lysis efficacy and EOP; triplicate experiments with duplicate plaque assays, repeated twice.	curated	high	MDR avian pathogenic E. coli isolate panel.
wintachai2024_pw015_vecpw8_eop	Wintachai2024_vECPW8	paper	39595283	10.3390/antibiotics13111083	eop	Escherichia coli	MDR_APEC_PW015		vECPW8		reported source reference host	0.41	=	0.41	medium	susceptible	clear_plaques	not_evaluated		not_evaluated		Table 1 bacterial lysis efficacy and EOP; triplicate experiments with duplicate plaque assays, repeated twice.	curated	high	MDR avian pathogenic E. coli isolate panel.
wintachai2024_pw016_vecpw8_eop	Wintachai2024_vECPW8	paper	39595283	10.3390/antibiotics13111083	eop	Escherichia coli	MDR_APEC_PW016		vECPW8		reported source reference host	0.79	=	0.79	high	susceptible	clear_plaques	not_evaluated		not_evaluated		Table 1 bacterial lysis efficacy and EOP; triplicate experiments with duplicate plaque assays, repeated twice.	curated	high	MDR avian pathogenic E. coli isolate panel.
wintachai2024_pw017_vecpw8_eop	Wintachai2024_vECPW8	paper	39595283	10.3390/antibiotics13111083	eop	Escherichia coli	MDR_APEC_PW017		vECPW8		reported source reference host	0	=	0	none	resistant	no_plaques	not_evaluated		not_evaluated		Table 1 bacterial lysis efficacy and EOP; triplicate experiments with duplicate plaque assays, repeated twice.	curated	high	MDR avian pathogenic E. coli isolate panel.
wintachai2024_pw018_vecpw8_eop	Wintachai2024_vECPW8	paper	39595283	10.3390/antibiotics13111083	eop	Escherichia coli	MDR_APEC_PW018		vECPW8		reported source reference host	0.03	=	0.03	low	reduced_susceptibility	pinpoint_plaques	not_evaluated		not_evaluated		Table 1 bacterial lysis efficacy and EOP; triplicate experiments with duplicate plaque assays, repeated twice.	curated	high	MDR avian pathogenic E. coli isolate panel.
wintachai2024_pw019_vecpw8_eop	Wintachai2024_vECPW8	paper	39595283	10.3390/antibiotics13111083	eop	Escherichia coli	MDR_APEC_PW019		vECPW8		reported source reference host	0	=	0	none	resistant	no_plaques	not_evaluated		not_evaluated		Table 1 bacterial lysis efficacy and EOP; triplicate experiments with duplicate plaque assays, repeated twice.	curated	high	MDR avian pathogenic E. coli isolate panel.
wintachai2024_pw020_vecpw8_eop	Wintachai2024_vECPW8	paper	39595283	10.3390/antibiotics13111083	eop	Escherichia coli	MDR_APEC_PW020		vECPW8		reported source reference host	0	=	0	none	resistant	no_plaques	not_evaluated		not_evaluated		Table 1 bacterial lysis efficacy and EOP; triplicate experiments with duplicate plaque assays, repeated twice.	curated	high	MDR avian pathogenic E. coli isolate panel.
kim2022_k16_kpn_13_022_kp1_eop	Kim2022_KP1_KP12	paper	36704203	10.3389/fmicb.2022.990910	eop	Klebsiella pneumoniae	K16-KPN-13-022		KP1		reported source reference host	100%	=	1	high	susceptible	clear_plaques	not_evaluated		not_evaluated		Table 1 host specificity; EOP reported as percent with K16-KPN-13-022 considered 100%; triplicate experiment.	curated	high	Percent EOP converted to ratio for SABR schema.
kim2022_k16_kpn_13_022_kp12_eop	Kim2022_KP1_KP12	paper	36704203	10.3389/fmicb.2022.990910	eop	Klebsiella pneumoniae	K16-KPN-13-022		KP12		reported source reference host	100%	=	1	high	susceptible	clear_plaques	not_evaluated		not_evaluated		Table 1 host specificity; EOP reported as percent with K16-KPN-13-022 considered 100%; triplicate experiment.	curated	high	Percent EOP converted to ratio for SABR schema.
kim2022_k01_kpn_13_134_kp1_eop	Kim2022_KP1_KP12	paper	36704203	10.3389/fmicb.2022.990910	eop	Klebsiella pneumoniae	K01-KPN-13-134		KP1		reported source reference host	40.44%	=	0.4044	medium	susceptible	clear_plaques	not_evaluated		not_evaluated		Table 1 host specificity; EOP reported as percent with K16-KPN-13-022 considered 100%; triplicate experiment.	curated	high	Percent EOP converted to ratio for SABR schema.
kim2022_k01_kpn_13_134_kp12_eop	Kim2022_KP1_KP12	paper	36704203	10.3389/fmicb.2022.990910	eop	Klebsiella pneumoniae	K01-KPN-13-134		KP12		reported source reference host	49.08%	=	0.4908	medium	susceptible	clear_plaques	not_evaluated		not_evaluated		Table 1 host specificity; EOP reported as percent with K16-KPN-13-022 considered 100%; triplicate experiment.	curated	high	Percent EOP converted to ratio for SABR schema.
kim2022_k01_kpn_13_149_kp1_eop	Kim2022_KP1_KP12	paper	36704203	10.3389/fmicb.2022.990910	eop	Klebsiella pneumoniae	K01-KPN-13-149		KP1		reported source reference host	21.98%	=	0.2198	medium	susceptible	clear_plaques	not_evaluated		not_evaluated		Table 1 host specificity; EOP reported as percent with K16-KPN-13-022 considered 100%; triplicate experiment.	curated	high	Percent EOP converted to ratio for SABR schema.
kim2022_k01_kpn_13_149_kp12_eop	Kim2022_KP1_KP12	paper	36704203	10.3389/fmicb.2022.990910	eop	Klebsiella pneumoniae	K01-KPN-13-149		KP12		reported source reference host	0%	=	0	none	resistant	no_plaques	not_evaluated		not_evaluated		Table 1 host specificity; EOP reported as percent with K16-KPN-13-022 considered 100%; triplicate experiment.	curated	high	Percent EOP converted to ratio for SABR schema.
kim2022_k07_kpn_13_002_kp1_eop	Kim2022_KP1_KP12	paper	36704203	10.3389/fmicb.2022.990910	eop	Klebsiella pneumoniae	K07-KPN-13-002		KP1		reported source reference host	97.65%	=	0.9765	high	susceptible	clear_plaques	not_evaluated		not_evaluated		Table 1 host specificity; EOP reported as percent with K16-KPN-13-022 considered 100%; triplicate experiment.	curated	high	Percent EOP converted to ratio for SABR schema.
kim2022_k07_kpn_13_002_kp12_eop	Kim2022_KP1_KP12	paper	36704203	10.3389/fmicb.2022.990910	eop	Klebsiella pneumoniae	K07-KPN-13-002		KP12		reported source reference host	81.06%	=	0.8106	high	susceptible	clear_plaques	not_evaluated		not_evaluated		Table 1 host specificity; EOP reported as percent with K16-KPN-13-022 considered 100%; triplicate experiment.	curated	high	Percent EOP converted to ratio for SABR schema.
kim2022_k14_kpn_13_016_kp1_eop	Kim2022_KP1_KP12	paper	36704203	10.3389/fmicb.2022.990910	eop	Klebsiella pneumoniae	K14-KPN-13-016		KP1		reported source reference host	83.39%	=	0.8339	high	susceptible	clear_plaques	not_evaluated		not_evaluated		Table 1 host specificity; EOP reported as percent with K16-KPN-13-022 considered 100%; triplicate experiment.	curated	high	Percent EOP converted to ratio for SABR schema.
kim2022_k14_kpn_13_016_kp12_eop	Kim2022_KP1_KP12	paper	36704203	10.3389/fmicb.2022.990910	eop	Klebsiella pneumoniae	K14-KPN-13-016		KP12		reported source reference host	75.15%	=	0.7515	high	susceptible	clear_plaques	not_evaluated		not_evaluated		Table 1 host specificity; EOP reported as percent with K16-KPN-13-022 considered 100%; triplicate experiment.	curated	high	Percent EOP converted to ratio for SABR schema.
kim2022_k16_kpn_13_008_kp1_eop	Kim2022_KP1_KP12	paper	36704203	10.3389/fmicb.2022.990910	eop	Klebsiella pneumoniae	K16-KPN-13-008		KP1		reported source reference host	0%	=	0	none	resistant	no_plaques	not_evaluated		not_evaluated		Table 1 host specificity; EOP reported as percent with K16-KPN-13-022 considered 100%; triplicate experiment.	curated	high	Percent EOP converted to ratio for SABR schema.
kim2022_k16_kpn_13_008_kp12_eop	Kim2022_KP1_KP12	paper	36704203	10.3389/fmicb.2022.990910	eop	Klebsiella pneumoniae	K16-KPN-13-008		KP12		reported source reference host	51.73%	=	0.5173	high	susceptible	clear_plaques	not_evaluated		not_evaluated		Table 1 host specificity; EOP reported as percent with K16-KPN-13-022 considered 100%; triplicate experiment.	curated	high	Percent EOP converted to ratio for SABR schema.
kim2022_k20_kpn_12_057_kp1_eop	Kim2022_KP1_KP12	paper	36704203	10.3389/fmicb.2022.990910	eop	Klebsiella pneumoniae	K20-KPN-12-057		KP1		reported source reference host	14.77%	=	0.1477	medium	susceptible	clear_plaques	not_evaluated		not_evaluated		Table 1 host specificity; EOP reported as percent with K16-KPN-13-022 considered 100%; triplicate experiment.	curated	high	Percent EOP converted to ratio for SABR schema.
kim2022_k20_kpn_12_057_kp12_eop	Kim2022_KP1_KP12	paper	36704203	10.3389/fmicb.2022.990910	eop	Klebsiella pneumoniae	K20-KPN-12-057		KP12		reported source reference host	0%	=	0	none	resistant	no_plaques	not_evaluated		not_evaluated		Table 1 host specificity; EOP reported as percent with K16-KPN-13-022 considered 100%; triplicate experiment.	curated	high	Percent EOP converted to ratio for SABR schema.
kim2022_k20_kpn_12_067_kp1_eop	Kim2022_KP1_KP12	paper	36704203	10.3389/fmicb.2022.990910	eop	Klebsiella pneumoniae	K20-KPN-12-067		KP1		reported source reference host	44.30%	=	0.443	medium	susceptible	clear_plaques	not_evaluated		not_evaluated		Table 1 host specificity; EOP reported as percent with K16-KPN-13-022 considered 100%; triplicate experiment.	curated	high	Percent EOP converted to ratio for SABR schema.
kim2022_k20_kpn_12_067_kp12_eop	Kim2022_KP1_KP12	paper	36704203	10.3389/fmicb.2022.990910	eop	Klebsiella pneumoniae	K20-KPN-12-067		KP12		reported source reference host	53.77%	=	0.5377	high	susceptible	clear_plaques	not_evaluated		not_evaluated		Table 1 host specificity; EOP reported as percent with K16-KPN-13-022 considered 100%; triplicate experiment.	curated	high	Percent EOP converted to ratio for SABR schema.
kim2022_k21_kpn_12_013_kp1_eop	Kim2022_KP1_KP12	paper	36704203	10.3389/fmicb.2022.990910	eop	Klebsiella pneumoniae	K21-KPN-12-013		KP1		reported source reference host	62.42%	=	0.6242	high	susceptible	clear_plaques	not_evaluated		not_evaluated		Table 1 host specificity; EOP reported as percent with K16-KPN-13-022 considered 100%; triplicate experiment.	curated	high	Percent EOP converted to ratio for SABR schema.
kim2022_k21_kpn_12_013_kp12_eop	Kim2022_KP1_KP12	paper	36704203	10.3389/fmicb.2022.990910	eop	Klebsiella pneumoniae	K21-KPN-12-013		KP12		reported source reference host	96.95%	=	0.9695	high	susceptible	clear_plaques	not_evaluated		not_evaluated		Table 1 host specificity; EOP reported as percent with K16-KPN-13-022 considered 100%; triplicate experiment.	curated	high	Percent EOP converted to ratio for SABR schema.
kim2022_k22_kpn_13_007_kp1_eop	Kim2022_KP1_KP12	paper	36704203	10.3389/fmicb.2022.990910	eop	Klebsiella pneumoniae	K22-KPN-13-007		KP1		reported source reference host	0%	=	0	none	resistant	no_plaques	not_evaluated		not_evaluated		Table 1 host specificity; EOP reported as percent with K16-KPN-13-022 considered 100%; triplicate experiment.	curated	high	Percent EOP converted to ratio for SABR schema.
kim2022_k22_kpn_13_007_kp12_eop	Kim2022_KP1_KP12	paper	36704203	10.3389/fmicb.2022.990910	eop	Klebsiella pneumoniae	K22-KPN-13-007		KP12		reported source reference host	0%	=	0	none	resistant	no_plaques	not_evaluated		not_evaluated		Table 1 host specificity; EOP reported as percent with K16-KPN-13-022 considered 100%; triplicate experiment.	curated	high	Percent EOP converted to ratio for SABR schema.
kim2022_k22_kpn_13_013_kp1_eop	Kim2022_KP1_KP12	paper	36704203	10.3389/fmicb.2022.990910	eop	Klebsiella pneumoniae	K22-KPN-13-013		KP1		reported source reference host	14.60%	=	0.146	medium	susceptible	clear_plaques	not_evaluated		not_evaluated		Table 1 host specificity; EOP reported as percent with K16-KPN-13-022 considered 100%; triplicate experiment.	curated	high	Percent EOP converted to ratio for SABR schema.
kim2022_k22_kpn_13_013_kp12_eop	Kim2022_KP1_KP12	paper	36704203	10.3389/fmicb.2022.990910	eop	Klebsiella pneumoniae	K22-KPN-13-013		KP12		reported source reference host	26.68%	=	0.2668	medium	susceptible	clear_plaques	not_evaluated		not_evaluated		Table 1 host specificity; EOP reported as percent with K16-KPN-13-022 considered 100%; triplicate experiment.	curated	high	Percent EOP converted to ratio for SABR schema.
kim2022_atcc17978_kp1_eop	Kim2022_KP1_KP12	paper	36704203	10.3389/fmicb.2022.990910	eop	Acinetobacter baumannii	ATCC17978		KP1		reported source reference host	0%	=	0	none	resistant	no_plaques	not_evaluated		not_evaluated		Table 1 host specificity; EOP reported as percent with K16-KPN-13-022 considered 100%; triplicate experiment.	curated	high	Percent EOP converted to ratio for SABR schema.
kim2022_atcc17978_kp12_eop	Kim2022_KP1_KP12	paper	36704203	10.3389/fmicb.2022.990910	eop	Acinetobacter baumannii	ATCC17978		KP12		reported source reference host	0%	=	0	none	resistant	no_plaques	not_evaluated		not_evaluated		Table 1 host specificity; EOP reported as percent with K16-KPN-13-022 considered 100%; triplicate experiment.	curated	high	Percent EOP converted to ratio for SABR schema.
kim2022_clinical_isolate_15_0628_kp1_eop	Kim2022_KP1_KP12	paper	36704203	10.3389/fmicb.2022.990910	eop	Citrobacter freundii	clinical_isolate_15-0628		KP1		reported source reference host	0%	=	0	none	resistant	no_plaques	not_evaluated		not_evaluated		Table 1 host specificity; EOP reported as percent with K16-KPN-13-022 considered 100%; triplicate experiment.	curated	high	Percent EOP converted to ratio for SABR schema.
kim2022_clinical_isolate_15_0628_kp12_eop	Kim2022_KP1_KP12	paper	36704203	10.3389/fmicb.2022.990910	eop	Citrobacter freundii	clinical_isolate_15-0628		KP12		reported source reference host	0%	=	0	none	resistant	no_plaques	not_evaluated		not_evaluated		Table 1 host specificity; EOP reported as percent with K16-KPN-13-022 considered 100%; triplicate experiment.	curated	high	Percent EOP converted to ratio for SABR schema.
kim2022_kctc_2949_kp1_eop	Kim2022_KP1_KP12	paper	36704203	10.3389/fmicb.2022.990910	eop	Cronobacter sakazakii	KCTC_2949		KP1		reported source reference host	0%	=	0	none	resistant	no_plaques	not_evaluated		not_evaluated		Table 1 host specificity; EOP reported as percent with K16-KPN-13-022 considered 100%; triplicate experiment.	curated	high	Percent EOP converted to ratio for SABR schema.
kim2022_kctc_2949_kp12_eop	Kim2022_KP1_KP12	paper	36704203	10.3389/fmicb.2022.990910	eop	Cronobacter sakazakii	KCTC_2949		KP12		reported source reference host	0%	=	0	none	resistant	no_plaques	not_evaluated		not_evaluated		Table 1 host specificity; EOP reported as percent with K16-KPN-13-022 considered 100%; triplicate experiment.	curated	high	Percent EOP converted to ratio for SABR schema.
kim2022_kctc_1039_kp1_eop	Kim2022_KP1_KP12	paper	36704203	10.3389/fmicb.2022.990910	eop	Escherichia coli	KCTC_1039		KP1		reported source reference host	0%	=	0	none	resistant	no_plaques	not_evaluated		not_evaluated		Table 1 host specificity; EOP reported as percent with K16-KPN-13-022 considered 100%; triplicate experiment.	curated	high	Percent EOP converted to ratio for SABR schema.
kim2022_kctc_1039_kp12_eop	Kim2022_KP1_KP12	paper	36704203	10.3389/fmicb.2022.990910	eop	Escherichia coli	KCTC_1039		KP12		reported source reference host	0%	=	0	none	resistant	no_plaques	not_evaluated		not_evaluated		Table 1 host specificity; EOP reported as percent with K16-KPN-13-022 considered 100%; triplicate experiment.	curated	high	Percent EOP converted to ratio for SABR schema.
kim2022_k01_eco12_052_kp1_eop	Kim2022_KP1_KP12	paper	36704203	10.3389/fmicb.2022.990910	eop	Escherichia coli	K01-ECO12-052		KP1		reported source reference host	0%	=	0	none	resistant	no_plaques	not_evaluated		not_evaluated		Table 1 host specificity; EOP reported as percent with K16-KPN-13-022 considered 100%; triplicate experiment.	curated	high	Percent EOP converted to ratio for SABR schema.
kim2022_k01_eco12_052_kp12_eop	Kim2022_KP1_KP12	paper	36704203	10.3389/fmicb.2022.990910	eop	Escherichia coli	K01-ECO12-052		KP12		reported source reference host	0%	=	0	none	resistant	no_plaques	not_evaluated		not_evaluated		Table 1 host specificity; EOP reported as percent with K16-KPN-13-022 considered 100%; triplicate experiment.	curated	high	Percent EOP converted to ratio for SABR schema.
kim2022_kctc_2566_kp1_eop	Kim2022_KP1_KP12	paper	36704203	10.3389/fmicb.2022.990910	eop	Proteus mirabilis	KCTC_2566		KP1		reported source reference host	0%	=	0	none	resistant	no_plaques	not_evaluated		not_evaluated		Table 1 host specificity; EOP reported as percent with K16-KPN-13-022 considered 100%; triplicate experiment.	curated	high	Percent EOP converted to ratio for SABR schema.
kim2022_kctc_2566_kp12_eop	Kim2022_KP1_KP12	paper	36704203	10.3389/fmicb.2022.990910	eop	Proteus mirabilis	KCTC_2566		KP12		reported source reference host	0%	=	0	none	resistant	no_plaques	not_evaluated		not_evaluated		Table 1 host specificity; EOP reported as percent with K16-KPN-13-022 considered 100%; triplicate experiment.	curated	high	Percent EOP converted to ratio for SABR schema.
kim2022_kctc2004_kp1_eop	Kim2022_KP1_KP12	paper	36704203	10.3389/fmicb.2022.990910	eop	Pseudomonas aeruginosa	KCTC2004		KP1		reported source reference host	0%	=	0	none	resistant	no_plaques	not_evaluated		not_evaluated		Table 1 host specificity; EOP reported as percent with K16-KPN-13-022 considered 100%; triplicate experiment.	curated	high	Percent EOP converted to ratio for SABR schema.
kim2022_kctc2004_kp12_eop	Kim2022_KP1_KP12	paper	36704203	10.3389/fmicb.2022.990910	eop	Pseudomonas aeruginosa	KCTC2004		KP12		reported source reference host	0%	=	0	none	resistant	no_plaques	not_evaluated		not_evaluated		Table 1 host specificity; EOP reported as percent with K16-KPN-13-022 considered 100%; triplicate experiment.	curated	high	Percent EOP converted to ratio for SABR schema.
kim2022_typhimurium_atcc14028_kp1_eop	Kim2022_KP1_KP12	paper	36704203	10.3389/fmicb.2022.990910	eop	Salmonella enterica	Typhimurium_ATCC14028		KP1		reported source reference host	0%	=	0	none	resistant	no_plaques	not_evaluated		not_evaluated		Table 1 host specificity; EOP reported as percent with K16-KPN-13-022 considered 100%; triplicate experiment.	curated	high	Percent EOP converted to ratio for SABR schema.
kim2022_typhimurium_atcc14028_kp12_eop	Kim2022_KP1_KP12	paper	36704203	10.3389/fmicb.2022.990910	eop	Salmonella enterica	Typhimurium_ATCC14028		KP12		reported source reference host	0%	=	0	none	resistant	no_plaques	not_evaluated		not_evaluated		Table 1 host specificity; EOP reported as percent with K16-KPN-13-022 considered 100%; triplicate experiment.	curated	high	Percent EOP converted to ratio for SABR schema.
kim2022_enteritidis_kccm12021_kp1_eop	Kim2022_KP1_KP12	paper	36704203	10.3389/fmicb.2022.990910	eop	Salmonella enterica	Enteritidis_KCCM12021		KP1		reported source reference host	0%	=	0	none	resistant	no_plaques	not_evaluated		not_evaluated		Table 1 host specificity; EOP reported as percent with K16-KPN-13-022 considered 100%; triplicate experiment.	curated	high	Percent EOP converted to ratio for SABR schema.
kim2022_enteritidis_kccm12021_kp12_eop	Kim2022_KP1_KP12	paper	36704203	10.3389/fmicb.2022.990910	eop	Salmonella enterica	Enteritidis_KCCM12021		KP12		reported source reference host	0%	=	0	none	resistant	no_plaques	not_evaluated		not_evaluated		Table 1 host specificity; EOP reported as percent with K16-KPN-13-022 considered 100%; triplicate experiment.	curated	high	Percent EOP converted to ratio for SABR schema.
ciacci2018_12c47_vb_kpn_f48_eop	Ciacci2018_vB_Kpn_F48	paper	30205589	10.3390/v10090482	eop	Klebsiella pneumoniae	12C47		vB_Kpn_F48		12C47	1	=	1	high	susceptible	clear_plaques	not_evaluated		not_evaluated		Table 2 EOP for spot-test-sensitive K. pneumoniae isolates; mean of three observations with production category.	curated	high	Sequence type ST101.
ciacci2018_12c73_vb_kpn_f48_eop	Ciacci2018_vB_Kpn_F48	paper	30205589	10.3390/v10090482	eop	Klebsiella pneumoniae	12C73		vB_Kpn_F48		12C47	0.9 ± 0.2	=	0.9	high	susceptible	clear_plaques	not_evaluated		not_evaluated		Table 2 EOP for spot-test-sensitive K. pneumoniae isolates; mean of three observations with production category.	curated	high	Sequence type ST101.
ciacci2018_kpc174_vb_kpn_f48_eop	Ciacci2018_vB_Kpn_F48	paper	30205589	10.3390/v10090482	eop	Klebsiella pneumoniae	KPC174		vB_Kpn_F48		12C47	0.44 ± 0.06	=	0.44	medium	susceptible	clear_plaques	not_evaluated		not_evaluated		Table 2 EOP for spot-test-sensitive K. pneumoniae isolates; mean of three observations with production category.	curated	high	Sequence type ST1633.
ciacci2018_5559_vb_kpn_f48_eop	Ciacci2018_vB_Kpn_F48	paper	30205589	10.3390/v10090482	eop	Klebsiella pneumoniae	5559		vB_Kpn_F48		12C47	0.5 ± 0.2	=	0.5	high	susceptible	clear_plaques	not_evaluated		not_evaluated		Table 2 EOP for spot-test-sensitive K. pneumoniae isolates; mean of three observations with production category.	curated	high	Sequence type ST101.
ciacci2018_5583_vb_kpn_f48_eop	Ciacci2018_vB_Kpn_F48	paper	30205589	10.3390/v10090482	eop	Klebsiella pneumoniae	5583		vB_Kpn_F48		12C47	0	=	0	none	resistant	no_plaques	not_evaluated		not_evaluated		Table 2 EOP for spot-test-sensitive K. pneumoniae isolates; mean of three observations with production category.	curated	high	Sequence type ST2502.
ciacci2018_c002_vb_kpn_f48_eop	Ciacci2018_vB_Kpn_F48	paper	30205589	10.3390/v10090482	eop	Klebsiella pneumoniae	C002		vB_Kpn_F48		12C47	1.9 ± 0.7	=	1.9	high	susceptible	clear_plaques	not_evaluated		not_evaluated		Table 2 EOP for spot-test-sensitive K. pneumoniae isolates; mean of three observations with production category.	curated	high	Sequence type ST101.
ciacci2018_k13_vb_kpn_f48_eop	Ciacci2018_vB_Kpn_F48	paper	30205589	10.3390/v10090482	eop	Klebsiella pneumoniae	K13		vB_Kpn_F48		12C47	2.62 ± 0.01	=	2.62	high	susceptible	clear_plaques	not_evaluated		not_evaluated		Table 2 EOP for spot-test-sensitive K. pneumoniae isolates; mean of three observations with production category.	curated	high	Sequence type ST101.
ciacci2018_k18_vb_kpn_f48_eop	Ciacci2018_vB_Kpn_F48	paper	30205589	10.3390/v10090482	eop	Klebsiella pneumoniae	K18		vB_Kpn_F48		12C47	<0.001	<	0.001	none	resistant	no_plaques	not_evaluated		not_evaluated		Table 2 EOP for spot-test-sensitive K. pneumoniae isolates; mean of three observations with production category.	curated	high	Sequence type ST101.
ciacci2018_6071_vb_kpn_f48_eop	Ciacci2018_vB_Kpn_F48	paper	30205589	10.3390/v10090482	eop	Klebsiella pneumoniae	6071		vB_Kpn_F48		12C47	0	=	0	none	resistant	no_plaques	not_evaluated		not_evaluated		Table 2 EOP for spot-test-sensitive K. pneumoniae isolates; mean of three observations with production category.	curated	high	Sequence type ST2502.
ciacci2018_12c29_vb_kpn_f48_eop	Ciacci2018_vB_Kpn_F48	paper	30205589	10.3390/v10090482	eop	Klebsiella pneumoniae	12C29		vB_Kpn_F48		12C47	2.2 ± 0.7	=	2.2	high	susceptible	clear_plaques	not_evaluated		not_evaluated		Table 2 EOP for spot-test-sensitive K. pneumoniae isolates; mean of three observations with production category.	curated	high	Sequence type ST101.
ciacci2018_5546_vb_kpn_f48_eop	Ciacci2018_vB_Kpn_F48	paper	30205589	10.3390/v10090482	eop	Klebsiella pneumoniae	5546		vB_Kpn_F48		12C47	3.9 ± 0.3	=	3.9	high	susceptible	clear_plaques	not_evaluated		not_evaluated		Table 2 EOP for spot-test-sensitive K. pneumoniae isolates; mean of three observations with production category.	curated	high	Sequence type ST101.
ciacci2018_12c72_vb_kpn_f48_eop	Ciacci2018_vB_Kpn_F48	paper	30205589	10.3390/v10090482	eop	Klebsiella pneumoniae	12C72		vB_Kpn_F48		12C47	3.1 ± 0.3	=	3.1	high	susceptible	clear_plaques	not_evaluated		not_evaluated		Table 2 EOP for spot-test-sensitive K. pneumoniae isolates; mean of three observations with production category.	curated	high	Sequence type ST101.
ciacci2018_kpc220_vb_kpn_f48_eop	Ciacci2018_vB_Kpn_F48	paper	30205589	10.3390/v10090482	eop	Klebsiella pneumoniae	KPC220		vB_Kpn_F48		12C47	0	=	0	none	resistant	no_plaques	not_evaluated		not_evaluated		Table 2 EOP for spot-test-sensitive K. pneumoniae isolates; mean of three observations with production category.	curated	high	Sequence type ST101.
ciacci2018_494647_vb_kpn_f48_eop	Ciacci2018_vB_Kpn_F48	paper	30205589	10.3390/v10090482	eop	Klebsiella pneumoniae	494647		vB_Kpn_F48		12C47	0.9 ± 0.2	=	0.9	high	susceptible	clear_plaques	not_evaluated		not_evaluated		Table 2 EOP for spot-test-sensitive K. pneumoniae isolates; mean of three observations with production category.	curated	high	Sequence type ST101.
peng2025_p4_vb_kp_xp4_eop	Peng2025_vB_Kp_XP4	paper		10.3389/fmicb.2025.1491961	eop	Klebsiella pneumoniae	XP4_panel_P4		vB_Kp_XP4		P4	100%	=	1	high	susceptible	clear_plaques	not_evaluated		not_evaluated		Table 2 host-range details; EOP reported as percent relative to strain P4.	curated	high	K-type K1; KPC -; NDM -; sensitivity +.
peng2025_1_vb_kp_xp4_eop	Peng2025_vB_Kp_XP4	paper		10.3389/fmicb.2025.1491961	eop	Klebsiella pneumoniae	XP4_panel_1		vB_Kp_XP4		P4	0%	=	0	none	resistant	no_plaques	not_evaluated		not_evaluated		Table 2 host-range details; EOP reported as percent relative to strain P4.	curated	high	K-type K64; KPC +; NDM -; sensitivity -.
peng2025_2_vb_kp_xp4_eop	Peng2025_vB_Kp_XP4	paper		10.3389/fmicb.2025.1491961	eop	Klebsiella pneumoniae	XP4_panel_2		vB_Kp_XP4		P4	0%	=	0	none	resistant	no_plaques	not_evaluated		not_evaluated		Table 2 host-range details; EOP reported as percent relative to strain P4.	curated	high	K-type K64; KPC +; NDM -; sensitivity -.
peng2025_3_vb_kp_xp4_eop	Peng2025_vB_Kp_XP4	paper		10.3389/fmicb.2025.1491961	eop	Klebsiella pneumoniae	XP4_panel_3		vB_Kp_XP4		P4	0%	=	0	none	resistant	no_plaques	not_evaluated		not_evaluated		Table 2 host-range details; EOP reported as percent relative to strain P4.	curated	high	K-type K64; KPC +; NDM -; sensitivity -.
peng2025_4_vb_kp_xp4_eop	Peng2025_vB_Kp_XP4	paper		10.3389/fmicb.2025.1491961	eop	Klebsiella pneumoniae	XP4_panel_4		vB_Kp_XP4		P4	0%	=	0	none	resistant	no_plaques	not_evaluated		not_evaluated		Table 2 host-range details; EOP reported as percent relative to strain P4.	curated	high	K-type K64; KPC +; NDM -; sensitivity -.
peng2025_5_vb_kp_xp4_eop	Peng2025_vB_Kp_XP4	paper		10.3389/fmicb.2025.1491961	eop	Klebsiella pneumoniae	XP4_panel_5		vB_Kp_XP4		P4	0%	=	0	none	resistant	no_plaques	not_evaluated		not_evaluated		Table 2 host-range details; EOP reported as percent relative to strain P4.	curated	high	K-type K64; KPC +; NDM -; sensitivity -.
peng2025_6_vb_kp_xp4_eop	Peng2025_vB_Kp_XP4	paper		10.3389/fmicb.2025.1491961	eop	Klebsiella pneumoniae	XP4_panel_6		vB_Kp_XP4		P4	0%	=	0	none	resistant	no_plaques	not_evaluated		not_evaluated		Table 2 host-range details; EOP reported as percent relative to strain P4.	curated	high	K-type K19; KPC +; NDM -; sensitivity -.
peng2025_7_vb_kp_xp4_eop	Peng2025_vB_Kp_XP4	paper		10.3389/fmicb.2025.1491961	eop	Klebsiella pneumoniae	XP4_panel_7		vB_Kp_XP4		P4	0%	=	0	none	resistant	no_plaques	not_evaluated		not_evaluated		Table 2 host-range details; EOP reported as percent relative to strain P4.	curated	high	K-type K64; KPC +; NDM -; sensitivity -.
peng2025_8_vb_kp_xp4_eop	Peng2025_vB_Kp_XP4	paper		10.3389/fmicb.2025.1491961	eop	Klebsiella pneumoniae	XP4_panel_8		vB_Kp_XP4		P4	0%	=	0	none	resistant	no_plaques	not_evaluated		not_evaluated		Table 2 host-range details; EOP reported as percent relative to strain P4.	curated	high	K-type K64; KPC +; NDM -; sensitivity -.
peng2025_9_vb_kp_xp4_eop	Peng2025_vB_Kp_XP4	paper		10.3389/fmicb.2025.1491961	eop	Klebsiella pneumoniae	XP4_panel_9		vB_Kp_XP4		P4	0%	=	0	none	resistant	no_plaques	not_evaluated		not_evaluated		Table 2 host-range details; EOP reported as percent relative to strain P4.	curated	high	K-type K64; KPC +; NDM -; sensitivity -.
peng2025_10_vb_kp_xp4_eop	Peng2025_vB_Kp_XP4	paper		10.3389/fmicb.2025.1491961	eop	Klebsiella pneumoniae	XP4_panel_10		vB_Kp_XP4		P4	51%	=	0.51	high	susceptible	clear_plaques	not_evaluated		not_evaluated		Table 2 host-range details; EOP reported as percent relative to strain P4.	curated	high	K-type K19; KPC +; NDM -; sensitivity +.
peng2025_11_vb_kp_xp4_eop	Peng2025_vB_Kp_XP4	paper		10.3389/fmicb.2025.1491961	eop	Klebsiella pneumoniae	XP4_panel_11		vB_Kp_XP4		P4	0%	=	0	none	resistant	no_plaques	not_evaluated		not_evaluated		Table 2 host-range details; EOP reported as percent relative to strain P4.	curated	high	K-type K64; KPC +; NDM -; sensitivity -.
peng2025_12_vb_kp_xp4_eop	Peng2025_vB_Kp_XP4	paper		10.3389/fmicb.2025.1491961	eop	Klebsiella pneumoniae	XP4_panel_12		vB_Kp_XP4		P4	0%	=	0	none	resistant	no_plaques	not_evaluated		not_evaluated		Table 2 host-range details; EOP reported as percent relative to strain P4.	curated	high	K-type K149; KPC +; NDM -; sensitivity -.
peng2025_13_vb_kp_xp4_eop	Peng2025_vB_Kp_XP4	paper		10.3389/fmicb.2025.1491961	eop	Klebsiella pneumoniae	XP4_panel_13		vB_Kp_XP4		P4	0%	=	0	none	resistant	no_plaques	not_evaluated		not_evaluated		Table 2 host-range details; EOP reported as percent relative to strain P4.	curated	high	K-type K19; KPC +; NDM -; sensitivity -.
peng2025_14_vb_kp_xp4_eop	Peng2025_vB_Kp_XP4	paper		10.3389/fmicb.2025.1491961	eop	Klebsiella pneumoniae	XP4_panel_14		vB_Kp_XP4		P4	0%	=	0	none	resistant	no_plaques	not_evaluated		not_evaluated		Table 2 host-range details; EOP reported as percent relative to strain P4.	curated	high	K-type K64; KPC +; NDM -; sensitivity -.
peng2025_15_vb_kp_xp4_eop	Peng2025_vB_Kp_XP4	paper		10.3389/fmicb.2025.1491961	eop	Klebsiella pneumoniae	XP4_panel_15		vB_Kp_XP4		P4	0%	=	0	none	resistant	no_plaques	not_evaluated		not_evaluated		Table 2 host-range details; EOP reported as percent relative to strain P4.	curated	high	K-type K19; KPC -; NDM -; sensitivity -.
peng2025_16_vb_kp_xp4_eop	Peng2025_vB_Kp_XP4	paper		10.3389/fmicb.2025.1491961	eop	Klebsiella pneumoniae	XP4_panel_16		vB_Kp_XP4		P4	0%	=	0	none	resistant	no_plaques	not_evaluated		not_evaluated		Table 2 host-range details; EOP reported as percent relative to strain P4.	curated	high	K-type K57; KPC -; NDM -; sensitivity -.
peng2025_17_vb_kp_xp4_eop	Peng2025_vB_Kp_XP4	paper		10.3389/fmicb.2025.1491961	eop	Klebsiella pneumoniae	XP4_panel_17		vB_Kp_XP4		P4	0%	=	0	none	resistant	no_plaques	not_evaluated		not_evaluated		Table 2 host-range details; EOP reported as percent relative to strain P4.	curated	high	K-type K125; KPC -; NDM -; sensitivity -.
peng2025_18_vb_kp_xp4_eop	Peng2025_vB_Kp_XP4	paper		10.3389/fmicb.2025.1491961	eop	Klebsiella pneumoniae	XP4_panel_18		vB_Kp_XP4		P4	0%	=	0	none	resistant	no_plaques	not_evaluated		not_evaluated		Table 2 host-range details; EOP reported as percent relative to strain P4.	curated	high	K-type K64; KPC +; NDM -; sensitivity -.
peng2025_19_vb_kp_xp4_eop	Peng2025_vB_Kp_XP4	paper		10.3389/fmicb.2025.1491961	eop	Klebsiella pneumoniae	XP4_panel_19		vB_Kp_XP4		P4	0%	=	0	none	resistant	no_plaques	not_evaluated		not_evaluated		Table 2 host-range details; EOP reported as percent relative to strain P4.	curated	high	K-type K102; KPC -; NDM +; sensitivity -.
peng2025_20_vb_kp_xp4_eop	Peng2025_vB_Kp_XP4	paper		10.3389/fmicb.2025.1491961	eop	Klebsiella pneumoniae	XP4_panel_20		vB_Kp_XP4		P4	0%	=	0	none	resistant	no_plaques	not_evaluated		not_evaluated		Table 2 host-range details; EOP reported as percent relative to strain P4.	curated	high	K-type K64; KPC +; NDM -; sensitivity -.
