interaction_id	source_key	source_type	pmid	doi	assay_type	bacterium	strain	bacterial_accession	phage	phage_accession	reference_host	raw_eop	eop_relation	eop_value	eop_class	susceptibility_label	plaque_result	anti_crispr_status	anti_crispr_genes	crispr_interference_evidence	other_defense_evidence	experimental_conditions	curation_status	curation_confidence	notes
mirzaei2015_ecor_4_su10_eop	MirzaeiNilsson2015_EOP	supplement	25794006	10.1371/journal.pone.0118557	eop	Escherichia coli	ECOR_4		SU10		primary isolation host	< 0.001	<	0.001	none	resistant	no_plaques	not_evaluated		not_evaluated	P2 prophage marker: 4	Stationary-phase bacteria, double-layer plaque assay, 30 C overnight; EOP is average PFU on target divided by average PFU on host, three measurements.	curated	high	Imported from S1 Table; blank source cells were not treated as measured interactions.
mirzaei2015_ecor_4_su16_eop	MirzaeiNilsson2015_EOP	supplement	25794006	10.1371/journal.pone.0118557	eop	Escherichia coli	ECOR_4		SU16		primary isolation host	0.04±0.02	=	0.04	low	reduced_susceptibility	pinpoint_plaques	not_evaluated		not_evaluated	P2 prophage marker: 4	Stationary-phase bacteria, double-layer plaque assay, 30 C overnight; EOP is average PFU on target divided by average PFU on host, three measurements.	curated	high	Imported from S1 Table; blank source cells were not treated as measured interactions.
mirzaei2015_ecor_4_su27_eop	MirzaeiNilsson2015_EOP	supplement	25794006	10.1371/journal.pone.0118557	eop	Escherichia coli	ECOR_4		SU27		primary isolation host	< 0.001	<	0.001	none	resistant	no_plaques	not_evaluated		not_evaluated	P2 prophage marker: 4	Stationary-phase bacteria, double-layer plaque assay, 30 C overnight; EOP is average PFU on target divided by average PFU on host, three measurements.	curated	high	Imported from S1 Table; blank source cells were not treated as measured interactions.
mirzaei2015_ecor_4_su32_eop	MirzaeiNilsson2015_EOP	supplement	25794006	10.1371/journal.pone.0118557	eop	Escherichia coli	ECOR_4		SU32		primary isolation host	0	=	0	none	resistant	no_plaques	not_evaluated		not_evaluated	P2 prophage marker: 4	Stationary-phase bacteria, double-layer plaque assay, 30 C overnight; EOP is average PFU on target divided by average PFU on host, three measurements.	curated	high	Imported from S1 Table; blank source cells were not treated as measured interactions.
mirzaei2015_ecor_4_su63_eop	MirzaeiNilsson2015_EOP	supplement	25794006	10.1371/journal.pone.0118557	eop	Escherichia coli	ECOR_4		SU63		primary isolation host	< 0.001	<	0.001	none	resistant	no_plaques	not_evaluated		not_evaluated	P2 prophage marker: 4	Stationary-phase bacteria, double-layer plaque assay, 30 C overnight; EOP is average PFU on target divided by average PFU on host, three measurements.	curated	high	Imported from S1 Table; blank source cells were not treated as measured interactions.
mirzaei2015_ecor_5_su27_eop	MirzaeiNilsson2015_EOP	supplement	25794006	10.1371/journal.pone.0118557	eop	Escherichia coli	ECOR_5		SU27		primary isolation host	0	=	0	none	resistant	no_plaques	not_evaluated		not_evaluated	P2 prophage marker: 3	Stationary-phase bacteria, double-layer plaque assay, 30 C overnight; EOP is average PFU on target divided by average PFU on host, three measurements.	curated	high	Imported from S1 Table; blank source cells were not treated as measured interactions.
mirzaei2015_ecor_6_su57_eop	MirzaeiNilsson2015_EOP	supplement	25794006	10.1371/journal.pone.0118557	eop	Escherichia coli	ECOR_6		SU57		primary isolation host	< 0.001	<	0.001	none	resistant	no_plaques	not_evaluated		not_evaluated	P2 prophage marker: -	Stationary-phase bacteria, double-layer plaque assay, 30 C overnight; EOP is average PFU on target divided by average PFU on host, three measurements.	curated	high	Imported from S1 Table; blank source cells were not treated as measured interactions.
mirzaei2015_ecor_8_su63_eop	MirzaeiNilsson2015_EOP	supplement	25794006	10.1371/journal.pone.0118557	eop	Escherichia coli	ECOR_8		SU63		primary isolation host	0	=	0	none	resistant	no_plaques	not_evaluated		not_evaluated	P2 prophage marker: -	Stationary-phase bacteria, double-layer plaque assay, 30 C overnight; EOP is average PFU on target divided by average PFU on host, three measurements.	curated	high	Imported from S1 Table; blank source cells were not treated as measured interactions.
mirzaei2015_ecor_10_su10_eop	MirzaeiNilsson2015_EOP	supplement	25794006	10.1371/journal.pone.0118557	eop	Escherichia coli	ECOR_10		SU10		primary isolation host	1.0	=	1	high	susceptible	clear_plaques	not_evaluated		not_evaluated	P2 prophage marker: 2	Stationary-phase bacteria, double-layer plaque assay, 30 C overnight; EOP is average PFU on target divided by average PFU on host, three measurements.	curated	high	Imported from S1 Table; blank source cells were not treated as measured interactions.
mirzaei2015_ecor_10_su16_eop	MirzaeiNilsson2015_EOP	supplement	25794006	10.1371/journal.pone.0118557	eop	Escherichia coli	ECOR_10		SU16		primary isolation host	0.006±0.003	=	0.006	low	reduced_susceptibility	pinpoint_plaques	not_evaluated		not_evaluated	P2 prophage marker: 2	Stationary-phase bacteria, double-layer plaque assay, 30 C overnight; EOP is average PFU on target divided by average PFU on host, three measurements.	curated	high	Imported from S1 Table; blank source cells were not treated as measured interactions.
mirzaei2015_ecor_10_su27_eop	MirzaeiNilsson2015_EOP	supplement	25794006	10.1371/journal.pone.0118557	eop	Escherichia coli	ECOR_10		SU27		primary isolation host	0	=	0	none	resistant	no_plaques	not_evaluated		not_evaluated	P2 prophage marker: 2	Stationary-phase bacteria, double-layer plaque assay, 30 C overnight; EOP is average PFU on target divided by average PFU on host, three measurements.	curated	high	Imported from S1 Table; blank source cells were not treated as measured interactions.
mirzaei2015_ecor_10_su63_eop	MirzaeiNilsson2015_EOP	supplement	25794006	10.1371/journal.pone.0118557	eop	Escherichia coli	ECOR_10		SU63		primary isolation host	0.25±0.22	=	0.25	medium	susceptible	clear_plaques	not_evaluated		not_evaluated	P2 prophage marker: 2	Stationary-phase bacteria, double-layer plaque assay, 30 C overnight; EOP is average PFU on target divided by average PFU on host, three measurements.	curated	high	Imported from S1 Table; blank source cells were not treated as measured interactions.
mirzaei2015_ecor_13_su10_eop	MirzaeiNilsson2015_EOP	supplement	25794006	10.1371/journal.pone.0118557	eop	Escherichia coli	ECOR_13		SU10		primary isolation host	0	=	0	none	resistant	no_plaques	not_evaluated		not_evaluated	P2 prophage marker: 1	Stationary-phase bacteria, double-layer plaque assay, 30 C overnight; EOP is average PFU on target divided by average PFU on host, three measurements.	curated	high	Imported from S1 Table; blank source cells were not treated as measured interactions.
mirzaei2015_ecor_13_su27_eop	MirzaeiNilsson2015_EOP	supplement	25794006	10.1371/journal.pone.0118557	eop	Escherichia coli	ECOR_13		SU27		primary isolation host	< 0.001	<	0.001	none	resistant	no_plaques	not_evaluated		not_evaluated	P2 prophage marker: 1	Stationary-phase bacteria, double-layer plaque assay, 30 C overnight; EOP is average PFU on target divided by average PFU on host, three measurements.	curated	high	Imported from S1 Table; blank source cells were not treated as measured interactions.
mirzaei2015_ecor_15_su32_eop	MirzaeiNilsson2015_EOP	supplement	25794006	10.1371/journal.pone.0118557	eop	Escherichia coli	ECOR_15		SU32		primary isolation host	0.003±0.002	=	0.003	low	reduced_susceptibility	pinpoint_plaques	not_evaluated		not_evaluated	colicin/plasmid marker: Ia; P2 prophage marker: 2	Stationary-phase bacteria, double-layer plaque assay, 30 C overnight; EOP is average PFU on target divided by average PFU on host, three measurements.	curated	high	Imported from S1 Table; blank source cells were not treated as measured interactions.
mirzaei2015_ecor_16_su16_eop	MirzaeiNilsson2015_EOP	supplement	25794006	10.1371/journal.pone.0118557	eop	Escherichia coli	ECOR_16		SU16		primary isolation host	1.0	=	1	high	susceptible	clear_plaques	not_evaluated		not_evaluated	P2 prophage marker: -	Stationary-phase bacteria, double-layer plaque assay, 30 C overnight; EOP is average PFU on target divided by average PFU on host, three measurements.	curated	high	Imported from S1 Table; blank source cells were not treated as measured interactions.
mirzaei2015_ecor_16_su27_eop	MirzaeiNilsson2015_EOP	supplement	25794006	10.1371/journal.pone.0118557	eop	Escherichia coli	ECOR_16		SU27		primary isolation host	0.4±0.2	=	0.4	medium	susceptible	clear_plaques	not_evaluated		not_evaluated	P2 prophage marker: -	Stationary-phase bacteria, double-layer plaque assay, 30 C overnight; EOP is average PFU on target divided by average PFU on host, three measurements.	curated	high	Imported from S1 Table; blank source cells were not treated as measured interactions.
mirzaei2015_ecor_16_su32_eop	MirzaeiNilsson2015_EOP	supplement	25794006	10.1371/journal.pone.0118557	eop	Escherichia coli	ECOR_16		SU32		primary isolation host	0	=	0	none	resistant	no_plaques	not_evaluated		not_evaluated	P2 prophage marker: -	Stationary-phase bacteria, double-layer plaque assay, 30 C overnight; EOP is average PFU on target divided by average PFU on host, three measurements.	curated	high	Imported from S1 Table; blank source cells were not treated as measured interactions.
mirzaei2015_ecor_16_su63_eop	MirzaeiNilsson2015_EOP	supplement	25794006	10.1371/journal.pone.0118557	eop	Escherichia coli	ECOR_16		SU63		primary isolation host	0.11±0.06	=	0.11	medium	susceptible	clear_plaques	not_evaluated		not_evaluated	P2 prophage marker: -	Stationary-phase bacteria, double-layer plaque assay, 30 C overnight; EOP is average PFU on target divided by average PFU on host, three measurements.	curated	high	Imported from S1 Table; blank source cells were not treated as measured interactions.
mirzaei2015_ecor_19_su16_eop	MirzaeiNilsson2015_EOP	supplement	25794006	10.1371/journal.pone.0118557	eop	Escherichia coli	ECOR_19		SU16		primary isolation host	0	=	0	none	resistant	no_plaques	not_evaluated		not_evaluated	P2 prophage marker: -	Stationary-phase bacteria, double-layer plaque assay, 30 C overnight; EOP is average PFU on target divided by average PFU on host, three measurements.	curated	high	Imported from S1 Table; blank source cells were not treated as measured interactions.
mirzaei2015_ecor_20_su16_eop	MirzaeiNilsson2015_EOP	supplement	25794006	10.1371/journal.pone.0118557	eop	Escherichia coli	ECOR_20		SU16		primary isolation host	< 0.001	<	0.001	none	resistant	no_plaques	not_evaluated		not_evaluated	P2 prophage marker: -	Stationary-phase bacteria, double-layer plaque assay, 30 C overnight; EOP is average PFU on target divided by average PFU on host, three measurements.	curated	high	Imported from S1 Table; blank source cells were not treated as measured interactions.
mirzaei2015_ecor_20_su27_eop	MirzaeiNilsson2015_EOP	supplement	25794006	10.1371/journal.pone.0118557	eop	Escherichia coli	ECOR_20		SU27		primary isolation host	< 0.001	<	0.001	none	resistant	no_plaques	not_evaluated		not_evaluated	P2 prophage marker: -	Stationary-phase bacteria, double-layer plaque assay, 30 C overnight; EOP is average PFU on target divided by average PFU on host, three measurements.	curated	high	Imported from S1 Table; blank source cells were not treated as measured interactions.
mirzaei2015_ecor_21_su16_eop	MirzaeiNilsson2015_EOP	supplement	25794006	10.1371/journal.pone.0118557	eop	Escherichia coli	ECOR_21		SU16		primary isolation host	< 0.001	<	0.001	none	resistant	no_plaques	not_evaluated		not_evaluated	P2 prophage marker: -	Stationary-phase bacteria, double-layer plaque assay, 30 C overnight; EOP is average PFU on target divided by average PFU on host, three measurements.	curated	high	Imported from S1 Table; blank source cells were not treated as measured interactions.
mirzaei2015_ecor_22_su27_eop	MirzaeiNilsson2015_EOP	supplement	25794006	10.1371/journal.pone.0118557	eop	Escherichia coli	ECOR_22		SU27		primary isolation host	< 0.001	<	0.001	none	resistant	no_plaques	not_evaluated		not_evaluated	P2 prophage marker: -	Stationary-phase bacteria, double-layer plaque assay, 30 C overnight; EOP is average PFU on target divided by average PFU on host, three measurements.	curated	high	Imported from S1 Table; blank source cells were not treated as measured interactions.
mirzaei2015_ecor_22_su63_eop	MirzaeiNilsson2015_EOP	supplement	25794006	10.1371/journal.pone.0118557	eop	Escherichia coli	ECOR_22		SU63		primary isolation host	< 0.001	<	0.001	none	resistant	no_plaques	not_evaluated		not_evaluated	P2 prophage marker: -	Stationary-phase bacteria, double-layer plaque assay, 30 C overnight; EOP is average PFU on target divided by average PFU on host, three measurements.	curated	high	Imported from S1 Table; blank source cells were not treated as measured interactions.
mirzaei2015_ecor_23_su10_eop	MirzaeiNilsson2015_EOP	supplement	25794006	10.1371/journal.pone.0118557	eop	Escherichia coli	ECOR_23		SU10		primary isolation host	0.76±0.07	=	0.76	high	susceptible	clear_plaques	not_evaluated		not_evaluated	P2 prophage marker: -	Stationary-phase bacteria, double-layer plaque assay, 30 C overnight; EOP is average PFU on target divided by average PFU on host, three measurements.	curated	high	Imported from S1 Table; blank source cells were not treated as measured interactions.
mirzaei2015_ecor_23_su16_eop	MirzaeiNilsson2015_EOP	supplement	25794006	10.1371/journal.pone.0118557	eop	Escherichia coli	ECOR_23		SU16		primary isolation host	0.10±0.01	=	0.1	medium	susceptible	clear_plaques	not_evaluated		not_evaluated	P2 prophage marker: -	Stationary-phase bacteria, double-layer plaque assay, 30 C overnight; EOP is average PFU on target divided by average PFU on host, three measurements.	curated	high	Imported from S1 Table; blank source cells were not treated as measured interactions.
mirzaei2015_ecor_23_su27_eop	MirzaeiNilsson2015_EOP	supplement	25794006	10.1371/journal.pone.0118557	eop	Escherichia coli	ECOR_23		SU27		primary isolation host	< 0.001	<	0.001	none	resistant	no_plaques	not_evaluated		not_evaluated	P2 prophage marker: -	Stationary-phase bacteria, double-layer plaque assay, 30 C overnight; EOP is average PFU on target divided by average PFU on host, three measurements.	curated	high	Imported from S1 Table; blank source cells were not treated as measured interactions.
mirzaei2015_ecor_23_su32_eop	MirzaeiNilsson2015_EOP	supplement	25794006	10.1371/journal.pone.0118557	eop	Escherichia coli	ECOR_23		SU32		primary isolation host	< 0.001	<	0.001	none	resistant	no_plaques	not_evaluated		not_evaluated	P2 prophage marker: -	Stationary-phase bacteria, double-layer plaque assay, 30 C overnight; EOP is average PFU on target divided by average PFU on host, three measurements.	curated	high	Imported from S1 Table; blank source cells were not treated as measured interactions.
mirzaei2015_ecor_23_su63_eop	MirzaeiNilsson2015_EOP	supplement	25794006	10.1371/journal.pone.0118557	eop	Escherichia coli	ECOR_23		SU63		primary isolation host	0.004±0.002	=	0.004	low	reduced_susceptibility	pinpoint_plaques	not_evaluated		not_evaluated	P2 prophage marker: -	Stationary-phase bacteria, double-layer plaque assay, 30 C overnight; EOP is average PFU on target divided by average PFU on host, three measurements.	curated	high	Imported from S1 Table; blank source cells were not treated as measured interactions.
mirzaei2015_ecor_24_su10_eop	MirzaeiNilsson2015_EOP	supplement	25794006	10.1371/journal.pone.0118557	eop	Escherichia coli	ECOR_24		SU10		primary isolation host	< 0.001	<	0.001	none	resistant	no_plaques	not_evaluated		not_evaluated	colicin/plasmid marker: E(E1); P2 prophage marker: -	Stationary-phase bacteria, double-layer plaque assay, 30 C overnight; EOP is average PFU on target divided by average PFU on host, three measurements.	curated	high	Imported from S1 Table; blank source cells were not treated as measured interactions.
mirzaei2015_ecor_26_su27_eop	MirzaeiNilsson2015_EOP	supplement	25794006	10.1371/journal.pone.0118557	eop	Escherichia coli	ECOR_26		SU27		primary isolation host	0.24±0.02	=	0.24	medium	susceptible	clear_plaques	not_evaluated		not_evaluated	P2 prophage marker: 1	Stationary-phase bacteria, double-layer plaque assay, 30 C overnight; EOP is average PFU on target divided by average PFU on host, three measurements.	curated	high	Imported from S1 Table; blank source cells were not treated as measured interactions.
mirzaei2015_ecor_26_su32_eop	MirzaeiNilsson2015_EOP	supplement	25794006	10.1371/journal.pone.0118557	eop	Escherichia coli	ECOR_26		SU32		primary isolation host	0.0012±0.0002	=	0.0012	low	reduced_susceptibility	pinpoint_plaques	not_evaluated		not_evaluated	P2 prophage marker: 1	Stationary-phase bacteria, double-layer plaque assay, 30 C overnight; EOP is average PFU on target divided by average PFU on host, three measurements.	curated	high	Imported from S1 Table; blank source cells were not treated as measured interactions.
mirzaei2015_ecor_26_su63_eop	MirzaeiNilsson2015_EOP	supplement	25794006	10.1371/journal.pone.0118557	eop	Escherichia coli	ECOR_26		SU63		primary isolation host	< 0.001	<	0.001	none	resistant	no_plaques	not_evaluated		not_evaluated	P2 prophage marker: 1	Stationary-phase bacteria, double-layer plaque assay, 30 C overnight; EOP is average PFU on target divided by average PFU on host, three measurements.	curated	high	Imported from S1 Table; blank source cells were not treated as measured interactions.
mirzaei2015_ecor_27_su16_eop	MirzaeiNilsson2015_EOP	supplement	25794006	10.1371/journal.pone.0118557	eop	Escherichia coli	ECOR_27		SU16		primary isolation host	0.55±0.06	=	0.55	high	susceptible	clear_plaques	not_evaluated		not_evaluated	P2 prophage marker: -	Stationary-phase bacteria, double-layer plaque assay, 30 C overnight; EOP is average PFU on target divided by average PFU on host, three measurements.	curated	high	Imported from S1 Table; blank source cells were not treated as measured interactions.
mirzaei2015_ecor_27_su27_eop	MirzaeiNilsson2015_EOP	supplement	25794006	10.1371/journal.pone.0118557	eop	Escherichia coli	ECOR_27		SU27		primary isolation host	1.0	=	1	high	susceptible	clear_plaques	not_evaluated		not_evaluated	P2 prophage marker: -	Stationary-phase bacteria, double-layer plaque assay, 30 C overnight; EOP is average PFU on target divided by average PFU on host, three measurements.	curated	high	Imported from S1 Table; blank source cells were not treated as measured interactions.
mirzaei2015_ecor_27_su32_eop	MirzaeiNilsson2015_EOP	supplement	25794006	10.1371/journal.pone.0118557	eop	Escherichia coli	ECOR_27		SU32		primary isolation host	0.005±0.005	=	0.005	low	reduced_susceptibility	pinpoint_plaques	not_evaluated		not_evaluated	P2 prophage marker: -	Stationary-phase bacteria, double-layer plaque assay, 30 C overnight; EOP is average PFU on target divided by average PFU on host, three measurements.	curated	high	Imported from S1 Table; blank source cells were not treated as measured interactions.
mirzaei2015_ecor_27_su63_eop	MirzaeiNilsson2015_EOP	supplement	25794006	10.1371/journal.pone.0118557	eop	Escherichia coli	ECOR_27		SU63		primary isolation host	< 0.001	<	0.001	none	resistant	no_plaques	not_evaluated		not_evaluated	P2 prophage marker: -	Stationary-phase bacteria, double-layer plaque assay, 30 C overnight; EOP is average PFU on target divided by average PFU on host, three measurements.	curated	high	Imported from S1 Table; blank source cells were not treated as measured interactions.
mirzaei2015_ecor_29_su16_eop	MirzaeiNilsson2015_EOP	supplement	25794006	10.1371/journal.pone.0118557	eop	Escherichia coli	ECOR_29		SU16		primary isolation host	< 0.001	<	0.001	none	resistant	no_plaques	not_evaluated		not_evaluated	P2 prophage marker: -	Stationary-phase bacteria, double-layer plaque assay, 30 C overnight; EOP is average PFU on target divided by average PFU on host, three measurements.	curated	high	Imported from S1 Table; blank source cells were not treated as measured interactions.
mirzaei2015_ecor_29_su27_eop	MirzaeiNilsson2015_EOP	supplement	25794006	10.1371/journal.pone.0118557	eop	Escherichia coli	ECOR_29		SU27		primary isolation host	0.001	=	0.001	low	reduced_susceptibility	pinpoint_plaques	not_evaluated		not_evaluated	P2 prophage marker: -	Stationary-phase bacteria, double-layer plaque assay, 30 C overnight; EOP is average PFU on target divided by average PFU on host, three measurements.	curated	high	Imported from S1 Table; blank source cells were not treated as measured interactions.
mirzaei2015_ecor_29_su63_eop	MirzaeiNilsson2015_EOP	supplement	25794006	10.1371/journal.pone.0118557	eop	Escherichia coli	ECOR_29		SU63		primary isolation host	0	=	0	none	resistant	no_plaques	not_evaluated		not_evaluated	P2 prophage marker: -	Stationary-phase bacteria, double-layer plaque assay, 30 C overnight; EOP is average PFU on target divided by average PFU on host, three measurements.	curated	high	Imported from S1 Table; blank source cells were not treated as measured interactions.
mirzaei2015_ecor_30_su16_eop	MirzaeiNilsson2015_EOP	supplement	25794006	10.1371/journal.pone.0118557	eop	Escherichia coli	ECOR_30		SU16		primary isolation host	< 0.001	<	0.001	none	resistant	no_plaques	not_evaluated		not_evaluated	P2 prophage marker: 4	Stationary-phase bacteria, double-layer plaque assay, 30 C overnight; EOP is average PFU on target divided by average PFU on host, three measurements.	curated	high	Imported from S1 Table; blank source cells were not treated as measured interactions.
mirzaei2015_ecor_30_su27_eop	MirzaeiNilsson2015_EOP	supplement	25794006	10.1371/journal.pone.0118557	eop	Escherichia coli	ECOR_30		SU27		primary isolation host	0.015±0.003	=	0.015	low	reduced_susceptibility	pinpoint_plaques	not_evaluated		not_evaluated	P2 prophage marker: 4	Stationary-phase bacteria, double-layer plaque assay, 30 C overnight; EOP is average PFU on target divided by average PFU on host, three measurements.	curated	high	Imported from S1 Table; blank source cells were not treated as measured interactions.
mirzaei2015_ecor_30_su63_eop	MirzaeiNilsson2015_EOP	supplement	25794006	10.1371/journal.pone.0118557	eop	Escherichia coli	ECOR_30		SU63		primary isolation host	< 0.001	<	0.001	none	resistant	no_plaques	not_evaluated		not_evaluated	P2 prophage marker: 4	Stationary-phase bacteria, double-layer plaque assay, 30 C overnight; EOP is average PFU on target divided by average PFU on host, three measurements.	curated	high	Imported from S1 Table; blank source cells were not treated as measured interactions.
mirzaei2015_ecor_32_su10_eop	MirzaeiNilsson2015_EOP	supplement	25794006	10.1371/journal.pone.0118557	eop	Escherichia coli	ECOR_32		SU10		primary isolation host	0.90±0.08	=	0.9	high	susceptible	clear_plaques	not_evaluated		not_evaluated	P2 prophage marker: -	Stationary-phase bacteria, double-layer plaque assay, 30 C overnight; EOP is average PFU on target divided by average PFU on host, three measurements.	curated	high	Imported from S1 Table; blank source cells were not treated as measured interactions.
mirzaei2015_ecor_32_su16_eop	MirzaeiNilsson2015_EOP	supplement	25794006	10.1371/journal.pone.0118557	eop	Escherichia coli	ECOR_32		SU16		primary isolation host	1.1±0.3	=	1.1	high	susceptible	clear_plaques	not_evaluated		not_evaluated	P2 prophage marker: -	Stationary-phase bacteria, double-layer plaque assay, 30 C overnight; EOP is average PFU on target divided by average PFU on host, three measurements.	curated	high	Imported from S1 Table; blank source cells were not treated as measured interactions.
mirzaei2015_ecor_32_su27_eop	MirzaeiNilsson2015_EOP	supplement	25794006	10.1371/journal.pone.0118557	eop	Escherichia coli	ECOR_32		SU27		primary isolation host	0.006±0.001	=	0.006	low	reduced_susceptibility	pinpoint_plaques	not_evaluated		not_evaluated	P2 prophage marker: -	Stationary-phase bacteria, double-layer plaque assay, 30 C overnight; EOP is average PFU on target divided by average PFU on host, three measurements.	curated	high	Imported from S1 Table; blank source cells were not treated as measured interactions.
mirzaei2015_ecor_32_su32_eop	MirzaeiNilsson2015_EOP	supplement	25794006	10.1371/journal.pone.0118557	eop	Escherichia coli	ECOR_32		SU32		primary isolation host	1.0	=	1	high	susceptible	clear_plaques	not_evaluated		not_evaluated	P2 prophage marker: -	Stationary-phase bacteria, double-layer plaque assay, 30 C overnight; EOP is average PFU on target divided by average PFU on host, three measurements.	curated	high	Imported from S1 Table; blank source cells were not treated as measured interactions.
mirzaei2015_ecor_33_su10_eop	MirzaeiNilsson2015_EOP	supplement	25794006	10.1371/journal.pone.0118557	eop	Escherichia coli	ECOR_33		SU10		primary isolation host	0.068±0.001	=	0.068	low	reduced_susceptibility	pinpoint_plaques	not_evaluated		not_evaluated	P2 prophage marker: -	Stationary-phase bacteria, double-layer plaque assay, 30 C overnight; EOP is average PFU on target divided by average PFU on host, three measurements.	curated	high	Imported from S1 Table; blank source cells were not treated as measured interactions.
mirzaei2015_ecor_33_su16_eop	MirzaeiNilsson2015_EOP	supplement	25794006	10.1371/journal.pone.0118557	eop	Escherichia coli	ECOR_33		SU16		primary isolation host	0.011±0.008	=	0.011	low	reduced_susceptibility	pinpoint_plaques	not_evaluated		not_evaluated	P2 prophage marker: -	Stationary-phase bacteria, double-layer plaque assay, 30 C overnight; EOP is average PFU on target divided by average PFU on host, three measurements.	curated	high	Imported from S1 Table; blank source cells were not treated as measured interactions.
mirzaei2015_ecor_33_su27_eop	MirzaeiNilsson2015_EOP	supplement	25794006	10.1371/journal.pone.0118557	eop	Escherichia coli	ECOR_33		SU27		primary isolation host	0.002±0.001	=	0.002	low	reduced_susceptibility	pinpoint_plaques	not_evaluated		not_evaluated	P2 prophage marker: -	Stationary-phase bacteria, double-layer plaque assay, 30 C overnight; EOP is average PFU on target divided by average PFU on host, three measurements.	curated	high	Imported from S1 Table; blank source cells were not treated as measured interactions.
mirzaei2015_ecor_34_su16_eop	MirzaeiNilsson2015_EOP	supplement	25794006	10.1371/journal.pone.0118557	eop	Escherichia coli	ECOR_34		SU16		primary isolation host	< 0.001	<	0.001	none	resistant	no_plaques	not_evaluated		not_evaluated	colicin/plasmid marker: Ia; P2 prophage marker: -	Stationary-phase bacteria, double-layer plaque assay, 30 C overnight; EOP is average PFU on target divided by average PFU on host, three measurements.	curated	high	Imported from S1 Table; blank source cells were not treated as measured interactions.
mirzaei2015_ecor_34_su27_eop	MirzaeiNilsson2015_EOP	supplement	25794006	10.1371/journal.pone.0118557	eop	Escherichia coli	ECOR_34		SU27		primary isolation host	0	=	0	none	resistant	no_plaques	not_evaluated		not_evaluated	colicin/plasmid marker: Ia; P2 prophage marker: -	Stationary-phase bacteria, double-layer plaque assay, 30 C overnight; EOP is average PFU on target divided by average PFU on host, three measurements.	curated	high	Imported from S1 Table; blank source cells were not treated as measured interactions.
mirzaei2015_ecor_34_su63_eop	MirzaeiNilsson2015_EOP	supplement	25794006	10.1371/journal.pone.0118557	eop	Escherichia coli	ECOR_34		SU63		primary isolation host	0.008±0.005	=	0.008	low	reduced_susceptibility	pinpoint_plaques	not_evaluated		not_evaluated	colicin/plasmid marker: Ia; P2 prophage marker: -	Stationary-phase bacteria, double-layer plaque assay, 30 C overnight; EOP is average PFU on target divided by average PFU on host, three measurements.	curated	high	Imported from S1 Table; blank source cells were not treated as measured interactions.
mirzaei2015_ecor_35_su10_eop	MirzaeiNilsson2015_EOP	supplement	25794006	10.1371/journal.pone.0118557	eop	Escherichia coli	ECOR_35		SU10		primary isolation host	0.008±0.001	=	0.008	low	reduced_susceptibility	pinpoint_plaques	not_evaluated		not_evaluated	P2 prophage marker: -	Stationary-phase bacteria, double-layer plaque assay, 30 C overnight; EOP is average PFU on target divided by average PFU on host, three measurements.	curated	high	Imported from S1 Table; blank source cells were not treated as measured interactions.
mirzaei2015_ecor_35_su16_eop	MirzaeiNilsson2015_EOP	supplement	25794006	10.1371/journal.pone.0118557	eop	Escherichia coli	ECOR_35		SU16		primary isolation host	0.013±0.005	=	0.013	low	reduced_susceptibility	pinpoint_plaques	not_evaluated		not_evaluated	P2 prophage marker: -	Stationary-phase bacteria, double-layer plaque assay, 30 C overnight; EOP is average PFU on target divided by average PFU on host, three measurements.	curated	high	Imported from S1 Table; blank source cells were not treated as measured interactions.
mirzaei2015_ecor_35_su32_eop	MirzaeiNilsson2015_EOP	supplement	25794006	10.1371/journal.pone.0118557	eop	Escherichia coli	ECOR_35		SU32		primary isolation host	< 0.001	<	0.001	none	resistant	no_plaques	not_evaluated		not_evaluated	P2 prophage marker: -	Stationary-phase bacteria, double-layer plaque assay, 30 C overnight; EOP is average PFU on target divided by average PFU on host, three measurements.	curated	high	Imported from S1 Table; blank source cells were not treated as measured interactions.
mirzaei2015_ecor_35_su63_eop	MirzaeiNilsson2015_EOP	supplement	25794006	10.1371/journal.pone.0118557	eop	Escherichia coli	ECOR_35		SU63		primary isolation host	0.13±0.14	=	0.13	medium	susceptible	clear_plaques	not_evaluated		not_evaluated	P2 prophage marker: -	Stationary-phase bacteria, double-layer plaque assay, 30 C overnight; EOP is average PFU on target divided by average PFU on host, three measurements.	curated	high	Imported from S1 Table; blank source cells were not treated as measured interactions.
mirzaei2015_ecor_36_su10_eop	MirzaeiNilsson2015_EOP	supplement	25794006	10.1371/journal.pone.0118557	eop	Escherichia coli	ECOR_36		SU10		primary isolation host	0.60±0.08	=	0.6	high	susceptible	clear_plaques	not_evaluated		not_evaluated	colicin/plasmid marker: E(E1); P2 prophage marker: -	Stationary-phase bacteria, double-layer plaque assay, 30 C overnight; EOP is average PFU on target divided by average PFU on host, three measurements.	curated	high	Imported from S1 Table; blank source cells were not treated as measured interactions.
mirzaei2015_ecor_36_su16_eop	MirzaeiNilsson2015_EOP	supplement	25794006	10.1371/journal.pone.0118557	eop	Escherichia coli	ECOR_36		SU16		primary isolation host	0.22±0.15	=	0.22	medium	susceptible	clear_plaques	not_evaluated		not_evaluated	colicin/plasmid marker: E(E1); P2 prophage marker: -	Stationary-phase bacteria, double-layer plaque assay, 30 C overnight; EOP is average PFU on target divided by average PFU on host, three measurements.	curated	high	Imported from S1 Table; blank source cells were not treated as measured interactions.
mirzaei2015_ecor_36_su32_eop	MirzaeiNilsson2015_EOP	supplement	25794006	10.1371/journal.pone.0118557	eop	Escherichia coli	ECOR_36		SU32		primary isolation host	< 0.001	<	0.001	none	resistant	no_plaques	not_evaluated		not_evaluated	colicin/plasmid marker: E(E1); P2 prophage marker: -	Stationary-phase bacteria, double-layer plaque assay, 30 C overnight; EOP is average PFU on target divided by average PFU on host, three measurements.	curated	high	Imported from S1 Table; blank source cells were not treated as measured interactions.
mirzaei2015_ecor_36_su57_eop	MirzaeiNilsson2015_EOP	supplement	25794006	10.1371/journal.pone.0118557	eop	Escherichia coli	ECOR_36		SU57		primary isolation host	< 0.001	<	0.001	none	resistant	no_plaques	not_evaluated		not_evaluated	colicin/plasmid marker: E(E1); P2 prophage marker: -	Stationary-phase bacteria, double-layer plaque assay, 30 C overnight; EOP is average PFU on target divided by average PFU on host, three measurements.	curated	high	Imported from S1 Table; blank source cells were not treated as measured interactions.
mirzaei2015_ecor_36_su63_eop	MirzaeiNilsson2015_EOP	supplement	25794006	10.1371/journal.pone.0118557	eop	Escherichia coli	ECOR_36		SU63		primary isolation host	0.05±0.04	=	0.05	low	reduced_susceptibility	pinpoint_plaques	not_evaluated		not_evaluated	colicin/plasmid marker: E(E1); P2 prophage marker: -	Stationary-phase bacteria, double-layer plaque assay, 30 C overnight; EOP is average PFU on target divided by average PFU on host, three measurements.	curated	high	Imported from S1 Table; blank source cells were not treated as measured interactions.
mirzaei2015_ecor_37_su63_eop	MirzaeiNilsson2015_EOP	supplement	25794006	10.1371/journal.pone.0118557	eop	Escherichia coli	ECOR_37		SU63		primary isolation host	< 0.001	<	0.001	none	resistant	no_plaques	not_evaluated		not_evaluated	P2 prophage marker: -	Stationary-phase bacteria, double-layer plaque assay, 30 C overnight; EOP is average PFU on target divided by average PFU on host, three measurements.	curated	high	Imported from S1 Table; blank source cells were not treated as measured interactions.
mirzaei2015_ecor_38_su10_eop	MirzaeiNilsson2015_EOP	supplement	25794006	10.1371/journal.pone.0118557	eop	Escherichia coli	ECOR_38		SU10		primary isolation host	< 0.001	<	0.001	none	resistant	no_plaques	not_evaluated		not_evaluated	colicin/plasmid marker: Ia; P2 prophage marker: 1	Stationary-phase bacteria, double-layer plaque assay, 30 C overnight; EOP is average PFU on target divided by average PFU on host, three measurements.	curated	high	Imported from S1 Table; blank source cells were not treated as measured interactions.
mirzaei2015_ecor_38_su16_eop	MirzaeiNilsson2015_EOP	supplement	25794006	10.1371/journal.pone.0118557	eop	Escherichia coli	ECOR_38		SU16		primary isolation host	< 0.001	<	0.001	none	resistant	no_plaques	not_evaluated		not_evaluated	colicin/plasmid marker: Ia; P2 prophage marker: 1	Stationary-phase bacteria, double-layer plaque assay, 30 C overnight; EOP is average PFU on target divided by average PFU on host, three measurements.	curated	high	Imported from S1 Table; blank source cells were not treated as measured interactions.
mirzaei2015_ecor_38_su63_eop	MirzaeiNilsson2015_EOP	supplement	25794006	10.1371/journal.pone.0118557	eop	Escherichia coli	ECOR_38		SU63		primary isolation host	< 0.001	<	0.001	none	resistant	no_plaques	not_evaluated		not_evaluated	colicin/plasmid marker: Ia; P2 prophage marker: 1	Stationary-phase bacteria, double-layer plaque assay, 30 C overnight; EOP is average PFU on target divided by average PFU on host, three measurements.	curated	high	Imported from S1 Table; blank source cells were not treated as measured interactions.
mirzaei2015_ecor_39_su10_eop	MirzaeiNilsson2015_EOP	supplement	25794006	10.1371/journal.pone.0118557	eop	Escherichia coli	ECOR_39		SU10		primary isolation host	< 0.001	<	0.001	none	resistant	no_plaques	not_evaluated		not_evaluated	colicin/plasmid marker: E(E1); P2 prophage marker: 1	Stationary-phase bacteria, double-layer plaque assay, 30 C overnight; EOP is average PFU on target divided by average PFU on host, three measurements.	curated	high	Imported from S1 Table; blank source cells were not treated as measured interactions.
mirzaei2015_ecor_39_su16_eop	MirzaeiNilsson2015_EOP	supplement	25794006	10.1371/journal.pone.0118557	eop	Escherichia coli	ECOR_39		SU16		primary isolation host	0	=	0	none	resistant	no_plaques	not_evaluated		not_evaluated	colicin/plasmid marker: E(E1); P2 prophage marker: 1	Stationary-phase bacteria, double-layer plaque assay, 30 C overnight; EOP is average PFU on target divided by average PFU on host, three measurements.	curated	high	Imported from S1 Table; blank source cells were not treated as measured interactions.
mirzaei2015_ecor_40_su10_eop	MirzaeiNilsson2015_EOP	supplement	25794006	10.1371/journal.pone.0118557	eop	Escherichia coli	ECOR_40		SU10		primary isolation host	0.91±0.04	=	0.91	high	susceptible	clear_plaques	not_evaluated		not_evaluated	colicin/plasmid marker: E(E1); P2 prophage marker: -	Stationary-phase bacteria, double-layer plaque assay, 30 C overnight; EOP is average PFU on target divided by average PFU on host, three measurements.	curated	high	Imported from S1 Table; blank source cells were not treated as measured interactions.
mirzaei2015_ecor_40_su16_eop	MirzaeiNilsson2015_EOP	supplement	25794006	10.1371/journal.pone.0118557	eop	Escherichia coli	ECOR_40		SU16		primary isolation host	0.14±0.03	=	0.14	medium	susceptible	clear_plaques	not_evaluated		not_evaluated	colicin/plasmid marker: E(E1); P2 prophage marker: -	Stationary-phase bacteria, double-layer plaque assay, 30 C overnight; EOP is average PFU on target divided by average PFU on host, three measurements.	curated	high	Imported from S1 Table; blank source cells were not treated as measured interactions.
mirzaei2015_ecor_40_su27_eop	MirzaeiNilsson2015_EOP	supplement	25794006	10.1371/journal.pone.0118557	eop	Escherichia coli	ECOR_40		SU27		primary isolation host	< 0.001	<	0.001	none	resistant	no_plaques	not_evaluated		not_evaluated	colicin/plasmid marker: E(E1); P2 prophage marker: -	Stationary-phase bacteria, double-layer plaque assay, 30 C overnight; EOP is average PFU on target divided by average PFU on host, three measurements.	curated	high	Imported from S1 Table; blank source cells were not treated as measured interactions.
mirzaei2015_ecor_40_su57_eop	MirzaeiNilsson2015_EOP	supplement	25794006	10.1371/journal.pone.0118557	eop	Escherichia coli	ECOR_40		SU57		primary isolation host	< 0.001	<	0.001	none	resistant	no_plaques	not_evaluated		not_evaluated	colicin/plasmid marker: E(E1); P2 prophage marker: -	Stationary-phase bacteria, double-layer plaque assay, 30 C overnight; EOP is average PFU on target divided by average PFU on host, three measurements.	curated	high	Imported from S1 Table; blank source cells were not treated as measured interactions.
mirzaei2015_ecor_40_su63_eop	MirzaeiNilsson2015_EOP	supplement	25794006	10.1371/journal.pone.0118557	eop	Escherichia coli	ECOR_40		SU63		primary isolation host	0.11±0.01	=	0.11	medium	susceptible	clear_plaques	not_evaluated		not_evaluated	colicin/plasmid marker: E(E1); P2 prophage marker: -	Stationary-phase bacteria, double-layer plaque assay, 30 C overnight; EOP is average PFU on target divided by average PFU on host, three measurements.	curated	high	Imported from S1 Table; blank source cells were not treated as measured interactions.
mirzaei2015_ecor_41_su10_eop	MirzaeiNilsson2015_EOP	supplement	25794006	10.1371/journal.pone.0118557	eop	Escherichia coli	ECOR_41		SU10		primary isolation host	0.078±0.009	=	0.078	low	reduced_susceptibility	pinpoint_plaques	not_evaluated		not_evaluated	colicin/plasmid marker: K / N; P2 prophage marker: -	Stationary-phase bacteria, double-layer plaque assay, 30 C overnight; EOP is average PFU on target divided by average PFU on host, three measurements.	curated	high	Imported from S1 Table; blank source cells were not treated as measured interactions.
mirzaei2015_ecor_41_su16_eop	MirzaeiNilsson2015_EOP	supplement	25794006	10.1371/journal.pone.0118557	eop	Escherichia coli	ECOR_41		SU16		primary isolation host	0.05±0.03	=	0.05	low	reduced_susceptibility	pinpoint_plaques	not_evaluated		not_evaluated	colicin/plasmid marker: K / N; P2 prophage marker: -	Stationary-phase bacteria, double-layer plaque assay, 30 C overnight; EOP is average PFU on target divided by average PFU on host, three measurements.	curated	high	Imported from S1 Table; blank source cells were not treated as measured interactions.
mirzaei2015_ecor_41_su57_eop	MirzaeiNilsson2015_EOP	supplement	25794006	10.1371/journal.pone.0118557	eop	Escherichia coli	ECOR_41		SU57		primary isolation host	< 0.001	<	0.001	none	resistant	no_plaques	not_evaluated		not_evaluated	colicin/plasmid marker: K / N; P2 prophage marker: -	Stationary-phase bacteria, double-layer plaque assay, 30 C overnight; EOP is average PFU on target divided by average PFU on host, three measurements.	curated	high	Imported from S1 Table; blank source cells were not treated as measured interactions.
mirzaei2015_ecor_42_su10_eop	MirzaeiNilsson2015_EOP	supplement	25794006	10.1371/journal.pone.0118557	eop	Escherichia coli	ECOR_42		SU10		primary isolation host	< 0.001	<	0.001	none	resistant	no_plaques	not_evaluated		not_evaluated	colicin/plasmid marker: B; P2 prophage marker: 1	Stationary-phase bacteria, double-layer plaque assay, 30 C overnight; EOP is average PFU on target divided by average PFU on host, three measurements.	curated	high	Imported from S1 Table; blank source cells were not treated as measured interactions.
mirzaei2015_ecor_42_su16_eop	MirzaeiNilsson2015_EOP	supplement	25794006	10.1371/journal.pone.0118557	eop	Escherichia coli	ECOR_42		SU16		primary isolation host	0.03±0.01	=	0.03	low	reduced_susceptibility	pinpoint_plaques	not_evaluated		not_evaluated	colicin/plasmid marker: B; P2 prophage marker: 1	Stationary-phase bacteria, double-layer plaque assay, 30 C overnight; EOP is average PFU on target divided by average PFU on host, three measurements.	curated	high	Imported from S1 Table; blank source cells were not treated as measured interactions.
mirzaei2015_ecor_42_su63_eop	MirzaeiNilsson2015_EOP	supplement	25794006	10.1371/journal.pone.0118557	eop	Escherichia coli	ECOR_42		SU63		primary isolation host	< 0.001	<	0.001	none	resistant	no_plaques	not_evaluated		not_evaluated	colicin/plasmid marker: B; P2 prophage marker: 1	Stationary-phase bacteria, double-layer plaque assay, 30 C overnight; EOP is average PFU on target divided by average PFU on host, three measurements.	curated	high	Imported from S1 Table; blank source cells were not treated as measured interactions.
mirzaei2015_ecor_43_su16_eop	MirzaeiNilsson2015_EOP	supplement	25794006	10.1371/journal.pone.0118557	eop	Escherichia coli	ECOR_43		SU16		primary isolation host	< 0.001	<	0.001	none	resistant	no_plaques	not_evaluated		not_evaluated	P2 prophage marker: -	Stationary-phase bacteria, double-layer plaque assay, 30 C overnight; EOP is average PFU on target divided by average PFU on host, three measurements.	curated	high	Imported from S1 Table; blank source cells were not treated as measured interactions.
mirzaei2015_ecor_43_su63_eop	MirzaeiNilsson2015_EOP	supplement	25794006	10.1371/journal.pone.0118557	eop	Escherichia coli	ECOR_43		SU63		primary isolation host	< 0.001	<	0.001	none	resistant	no_plaques	not_evaluated		not_evaluated	P2 prophage marker: -	Stationary-phase bacteria, double-layer plaque assay, 30 C overnight; EOP is average PFU on target divided by average PFU on host, three measurements.	curated	high	Imported from S1 Table; blank source cells were not treated as measured interactions.
mirzaei2015_ecor_46_su16_eop	MirzaeiNilsson2015_EOP	supplement	25794006	10.1371/journal.pone.0118557	eop	Escherichia coli	ECOR_46		SU16		primary isolation host	< 0.001	<	0.001	none	resistant	no_plaques	not_evaluated		not_evaluated	P2 prophage marker: 4	Stationary-phase bacteria, double-layer plaque assay, 30 C overnight; EOP is average PFU on target divided by average PFU on host, three measurements.	curated	high	Imported from S1 Table; blank source cells were not treated as measured interactions.
mirzaei2015_ecor_47_su10_eop	MirzaeiNilsson2015_EOP	supplement	25794006	10.1371/journal.pone.0118557	eop	Escherichia coli	ECOR_47		SU10		primary isolation host	0.042±0.007	=	0.042	low	reduced_susceptibility	pinpoint_plaques	not_evaluated		not_evaluated	P2 prophage marker: -	Stationary-phase bacteria, double-layer plaque assay, 30 C overnight; EOP is average PFU on target divided by average PFU on host, three measurements.	curated	high	Imported from S1 Table; blank source cells were not treated as measured interactions.
mirzaei2015_ecor_47_su16_eop	MirzaeiNilsson2015_EOP	supplement	25794006	10.1371/journal.pone.0118557	eop	Escherichia coli	ECOR_47		SU16		primary isolation host	0.008±0.003	=	0.008	low	reduced_susceptibility	pinpoint_plaques	not_evaluated		not_evaluated	P2 prophage marker: -	Stationary-phase bacteria, double-layer plaque assay, 30 C overnight; EOP is average PFU on target divided by average PFU on host, three measurements.	curated	high	Imported from S1 Table; blank source cells were not treated as measured interactions.
mirzaei2015_ecor_47_su27_eop	MirzaeiNilsson2015_EOP	supplement	25794006	10.1371/journal.pone.0118557	eop	Escherichia coli	ECOR_47		SU27		primary isolation host	0.020±0.004	=	0.02	low	reduced_susceptibility	pinpoint_plaques	not_evaluated		not_evaluated	P2 prophage marker: -	Stationary-phase bacteria, double-layer plaque assay, 30 C overnight; EOP is average PFU on target divided by average PFU on host, three measurements.	curated	high	Imported from S1 Table; blank source cells were not treated as measured interactions.
mirzaei2015_ecor_48_su10_eop	MirzaeiNilsson2015_EOP	supplement	25794006	10.1371/journal.pone.0118557	eop	Escherichia coli	ECOR_48		SU10		primary isolation host	0.35±0.09	=	0.35	medium	susceptible	clear_plaques	not_evaluated		not_evaluated	colicin/plasmid marker: Ib; P2 prophage marker: 3	Stationary-phase bacteria, double-layer plaque assay, 30 C overnight; EOP is average PFU on target divided by average PFU on host, three measurements.	curated	high	Imported from S1 Table; blank source cells were not treated as measured interactions.
mirzaei2015_ecor_48_su16_eop	MirzaeiNilsson2015_EOP	supplement	25794006	10.1371/journal.pone.0118557	eop	Escherichia coli	ECOR_48		SU16		primary isolation host	0.04±0.02	=	0.04	low	reduced_susceptibility	pinpoint_plaques	not_evaluated		not_evaluated	colicin/plasmid marker: Ib; P2 prophage marker: 3	Stationary-phase bacteria, double-layer plaque assay, 30 C overnight; EOP is average PFU on target divided by average PFU on host, three measurements.	curated	high	Imported from S1 Table; blank source cells were not treated as measured interactions.
mirzaei2015_ecor_48_su27_eop	MirzaeiNilsson2015_EOP	supplement	25794006	10.1371/journal.pone.0118557	eop	Escherichia coli	ECOR_48		SU27		primary isolation host	0.005±0.002	=	0.005	low	reduced_susceptibility	pinpoint_plaques	not_evaluated		not_evaluated	colicin/plasmid marker: Ib; P2 prophage marker: 3	Stationary-phase bacteria, double-layer plaque assay, 30 C overnight; EOP is average PFU on target divided by average PFU on host, three measurements.	curated	high	Imported from S1 Table; blank source cells were not treated as measured interactions.
mirzaei2015_ecor_48_su63_eop	MirzaeiNilsson2015_EOP	supplement	25794006	10.1371/journal.pone.0118557	eop	Escherichia coli	ECOR_48		SU63		primary isolation host	0.08±0.06	=	0.08	low	reduced_susceptibility	pinpoint_plaques	not_evaluated		not_evaluated	colicin/plasmid marker: Ib; P2 prophage marker: 3	Stationary-phase bacteria, double-layer plaque assay, 30 C overnight; EOP is average PFU on target divided by average PFU on host, three measurements.	curated	high	Imported from S1 Table; blank source cells were not treated as measured interactions.
mirzaei2015_ecor_49_su10_eop	MirzaeiNilsson2015_EOP	supplement	25794006	10.1371/journal.pone.0118557	eop	Escherichia coli	ECOR_49		SU10		primary isolation host	0.074±0.009	=	0.074	low	reduced_susceptibility	pinpoint_plaques	not_evaluated		not_evaluated	P2 prophage marker: -	Stationary-phase bacteria, double-layer plaque assay, 30 C overnight; EOP is average PFU on target divided by average PFU on host, three measurements.	curated	high	Imported from S1 Table; blank source cells were not treated as measured interactions.
mirzaei2015_ecor_49_su16_eop	MirzaeiNilsson2015_EOP	supplement	25794006	10.1371/journal.pone.0118557	eop	Escherichia coli	ECOR_49		SU16		primary isolation host	0.03±0.01	=	0.03	low	reduced_susceptibility	pinpoint_plaques	not_evaluated		not_evaluated	P2 prophage marker: -	Stationary-phase bacteria, double-layer plaque assay, 30 C overnight; EOP is average PFU on target divided by average PFU on host, three measurements.	curated	high	Imported from S1 Table; blank source cells were not treated as measured interactions.
mirzaei2015_ecor_49_su27_eop	MirzaeiNilsson2015_EOP	supplement	25794006	10.1371/journal.pone.0118557	eop	Escherichia coli	ECOR_49		SU27		primary isolation host	0.001±0.001	=	0.001	low	reduced_susceptibility	pinpoint_plaques	not_evaluated		not_evaluated	P2 prophage marker: -	Stationary-phase bacteria, double-layer plaque assay, 30 C overnight; EOP is average PFU on target divided by average PFU on host, three measurements.	curated	high	Imported from S1 Table; blank source cells were not treated as measured interactions.
mirzaei2015_ecor_50_su10_eop	MirzaeiNilsson2015_EOP	supplement	25794006	10.1371/journal.pone.0118557	eop	Escherichia coli	ECOR_50		SU10		primary isolation host	0.026±0.003	=	0.026	low	reduced_susceptibility	pinpoint_plaques	not_evaluated		not_evaluated	colicin/plasmid marker: E(E1); P2 prophage marker: 1	Stationary-phase bacteria, double-layer plaque assay, 30 C overnight; EOP is average PFU on target divided by average PFU on host, three measurements.	curated	high	Imported from S1 Table; blank source cells were not treated as measured interactions.
mirzaei2015_ecor_50_su16_eop	MirzaeiNilsson2015_EOP	supplement	25794006	10.1371/journal.pone.0118557	eop	Escherichia coli	ECOR_50		SU16		primary isolation host	0.011±0.008	=	0.011	low	reduced_susceptibility	pinpoint_plaques	not_evaluated		not_evaluated	colicin/plasmid marker: E(E1); P2 prophage marker: 1	Stationary-phase bacteria, double-layer plaque assay, 30 C overnight; EOP is average PFU on target divided by average PFU on host, three measurements.	curated	high	Imported from S1 Table; blank source cells were not treated as measured interactions.
mirzaei2015_ecor_50_su57_eop	MirzaeiNilsson2015_EOP	supplement	25794006	10.1371/journal.pone.0118557	eop	Escherichia coli	ECOR_50		SU57		primary isolation host	< 0.001	<	0.001	none	resistant	no_plaques	not_evaluated		not_evaluated	colicin/plasmid marker: E(E1); P2 prophage marker: 1	Stationary-phase bacteria, double-layer plaque assay, 30 C overnight; EOP is average PFU on target divided by average PFU on host, three measurements.	curated	high	Imported from S1 Table; blank source cells were not treated as measured interactions.
mirzaei2015_ecor_50_su63_eop	MirzaeiNilsson2015_EOP	supplement	25794006	10.1371/journal.pone.0118557	eop	Escherichia coli	ECOR_50		SU63		primary isolation host	0.002±0.001	=	0.002	low	reduced_susceptibility	pinpoint_plaques	not_evaluated		not_evaluated	colicin/plasmid marker: E(E1); P2 prophage marker: 1	Stationary-phase bacteria, double-layer plaque assay, 30 C overnight; EOP is average PFU on target divided by average PFU on host, three measurements.	curated	high	Imported from S1 Table; blank source cells were not treated as measured interactions.
mirzaei2015_ecor_51_su10_eop	MirzaeiNilsson2015_EOP	supplement	25794006	10.1371/journal.pone.0118557	eop	Escherichia coli	ECOR_51		SU10		primary isolation host	0.78±0.03	=	0.78	high	susceptible	clear_plaques	not_evaluated		not_evaluated	P2 prophage marker: -	Stationary-phase bacteria, double-layer plaque assay, 30 C overnight; EOP is average PFU on target divided by average PFU on host, three measurements.	curated	high	Imported from S1 Table; blank source cells were not treated as measured interactions.
mirzaei2015_ecor_51_su16_eop	MirzaeiNilsson2015_EOP	supplement	25794006	10.1371/journal.pone.0118557	eop	Escherichia coli	ECOR_51		SU16		primary isolation host	0.20±0.06	=	0.2	medium	susceptible	clear_plaques	not_evaluated		not_evaluated	P2 prophage marker: -	Stationary-phase bacteria, double-layer plaque assay, 30 C overnight; EOP is average PFU on target divided by average PFU on host, three measurements.	curated	high	Imported from S1 Table; blank source cells were not treated as measured interactions.
mirzaei2015_ecor_51_su27_eop	MirzaeiNilsson2015_EOP	supplement	25794006	10.1371/journal.pone.0118557	eop	Escherichia coli	ECOR_51		SU27		primary isolation host	0.007±0.001	=	0.007	low	reduced_susceptibility	pinpoint_plaques	not_evaluated		not_evaluated	P2 prophage marker: -	Stationary-phase bacteria, double-layer plaque assay, 30 C overnight; EOP is average PFU on target divided by average PFU on host, three measurements.	curated	high	Imported from S1 Table; blank source cells were not treated as measured interactions.
mirzaei2015_ecor_51_su32_eop	MirzaeiNilsson2015_EOP	supplement	25794006	10.1371/journal.pone.0118557	eop	Escherichia coli	ECOR_51		SU32		primary isolation host	1.56±0.58	=	1.56	high	susceptible	clear_plaques	not_evaluated		not_evaluated	P2 prophage marker: -	Stationary-phase bacteria, double-layer plaque assay, 30 C overnight; EOP is average PFU on target divided by average PFU on host, three measurements.	curated	high	Imported from S1 Table; blank source cells were not treated as measured interactions.
mirzaei2015_ecor_51_su57_eop	MirzaeiNilsson2015_EOP	supplement	25794006	10.1371/journal.pone.0118557	eop	Escherichia coli	ECOR_51		SU57		primary isolation host	< 0.001	<	0.001	none	resistant	no_plaques	not_evaluated		not_evaluated	P2 prophage marker: -	Stationary-phase bacteria, double-layer plaque assay, 30 C overnight; EOP is average PFU on target divided by average PFU on host, three measurements.	curated	high	Imported from S1 Table; blank source cells were not treated as measured interactions.
mirzaei2015_ecor_51_su63_eop	MirzaeiNilsson2015_EOP	supplement	25794006	10.1371/journal.pone.0118557	eop	Escherichia coli	ECOR_51		SU63		primary isolation host	0.5±0.3	=	0.5	high	susceptible	clear_plaques	not_evaluated		not_evaluated	P2 prophage marker: -	Stationary-phase bacteria, double-layer plaque assay, 30 C overnight; EOP is average PFU on target divided by average PFU on host, three measurements.	curated	high	Imported from S1 Table; blank source cells were not treated as measured interactions.
mirzaei2015_ecor_52_su10_eop	MirzaeiNilsson2015_EOP	supplement	25794006	10.1371/journal.pone.0118557	eop	Escherichia coli	ECOR_52		SU10		primary isolation host	0.07±0.01	=	0.07	low	reduced_susceptibility	pinpoint_plaques	not_evaluated		not_evaluated	P2 prophage marker: -	Stationary-phase bacteria, double-layer plaque assay, 30 C overnight; EOP is average PFU on target divided by average PFU on host, three measurements.	curated	high	Imported from S1 Table; blank source cells were not treated as measured interactions.
mirzaei2015_ecor_52_su16_eop	MirzaeiNilsson2015_EOP	supplement	25794006	10.1371/journal.pone.0118557	eop	Escherichia coli	ECOR_52		SU16		primary isolation host	0.4±0.2	=	0.4	medium	susceptible	clear_plaques	not_evaluated		not_evaluated	P2 prophage marker: -	Stationary-phase bacteria, double-layer plaque assay, 30 C overnight; EOP is average PFU on target divided by average PFU on host, three measurements.	curated	high	Imported from S1 Table; blank source cells were not treated as measured interactions.
mirzaei2015_ecor_52_su27_eop	MirzaeiNilsson2015_EOP	supplement	25794006	10.1371/journal.pone.0118557	eop	Escherichia coli	ECOR_52		SU27		primary isolation host	< 0.001	<	0.001	none	resistant	no_plaques	not_evaluated		not_evaluated	P2 prophage marker: -	Stationary-phase bacteria, double-layer plaque assay, 30 C overnight; EOP is average PFU on target divided by average PFU on host, three measurements.	curated	high	Imported from S1 Table; blank source cells were not treated as measured interactions.
mirzaei2015_ecor_52_su32_eop	MirzaeiNilsson2015_EOP	supplement	25794006	10.1371/journal.pone.0118557	eop	Escherichia coli	ECOR_52		SU32		primary isolation host	< 0.001	<	0.001	none	resistant	no_plaques	not_evaluated		not_evaluated	P2 prophage marker: -	Stationary-phase bacteria, double-layer plaque assay, 30 C overnight; EOP is average PFU on target divided by average PFU on host, three measurements.	curated	high	Imported from S1 Table; blank source cells were not treated as measured interactions.
mirzaei2015_ecor_52_su63_eop	MirzaeiNilsson2015_EOP	supplement	25794006	10.1371/journal.pone.0118557	eop	Escherichia coli	ECOR_52		SU63		primary isolation host	0.09±0.07	=	0.09	low	reduced_susceptibility	pinpoint_plaques	not_evaluated		not_evaluated	P2 prophage marker: -	Stationary-phase bacteria, double-layer plaque assay, 30 C overnight; EOP is average PFU on target divided by average PFU on host, three measurements.	curated	high	Imported from S1 Table; blank source cells were not treated as measured interactions.
mirzaei2015_ecor_53_su16_eop	MirzaeiNilsson2015_EOP	supplement	25794006	10.1371/journal.pone.0118557	eop	Escherichia coli	ECOR_53		SU16		primary isolation host	< 0.001	<	0.001	none	resistant	no_plaques	not_evaluated		not_evaluated	P2 prophage marker: 3	Stationary-phase bacteria, double-layer plaque assay, 30 C overnight; EOP is average PFU on target divided by average PFU on host, three measurements.	curated	high	Imported from S1 Table; blank source cells were not treated as measured interactions.
mirzaei2015_ecor_53_su27_eop	MirzaeiNilsson2015_EOP	supplement	25794006	10.1371/journal.pone.0118557	eop	Escherichia coli	ECOR_53		SU27		primary isolation host	0	=	0	none	resistant	no_plaques	not_evaluated		not_evaluated	P2 prophage marker: 3	Stationary-phase bacteria, double-layer plaque assay, 30 C overnight; EOP is average PFU on target divided by average PFU on host, three measurements.	curated	high	Imported from S1 Table; blank source cells were not treated as measured interactions.
mirzaei2015_ecor_53_su32_eop	MirzaeiNilsson2015_EOP	supplement	25794006	10.1371/journal.pone.0118557	eop	Escherichia coli	ECOR_53		SU32		primary isolation host	1.7±0.6	=	1.7	high	susceptible	clear_plaques	not_evaluated		not_evaluated	P2 prophage marker: 3	Stationary-phase bacteria, double-layer plaque assay, 30 C overnight; EOP is average PFU on target divided by average PFU on host, three measurements.	curated	high	Imported from S1 Table; blank source cells were not treated as measured interactions.
mirzaei2015_ecor_53_su63_eop	MirzaeiNilsson2015_EOP	supplement	25794006	10.1371/journal.pone.0118557	eop	Escherichia coli	ECOR_53		SU63		primary isolation host	0.070±0.074	=	0.07	low	reduced_susceptibility	pinpoint_plaques	not_evaluated		not_evaluated	P2 prophage marker: 3	Stationary-phase bacteria, double-layer plaque assay, 30 C overnight; EOP is average PFU on target divided by average PFU on host, three measurements.	curated	high	Imported from S1 Table; blank source cells were not treated as measured interactions.
mirzaei2015_ecor_54_su10_eop	MirzaeiNilsson2015_EOP	supplement	25794006	10.1371/journal.pone.0118557	eop	Escherichia coli	ECOR_54		SU10		primary isolation host	0.73±0.12	=	0.73	high	susceptible	clear_plaques	not_evaluated		not_evaluated	P2 prophage marker: -	Stationary-phase bacteria, double-layer plaque assay, 30 C overnight; EOP is average PFU on target divided by average PFU on host, three measurements.	curated	high	Imported from S1 Table; blank source cells were not treated as measured interactions.
mirzaei2015_ecor_54_su16_eop	MirzaeiNilsson2015_EOP	supplement	25794006	10.1371/journal.pone.0118557	eop	Escherichia coli	ECOR_54		SU16		primary isolation host	0.18±0.09	=	0.18	medium	susceptible	clear_plaques	not_evaluated		not_evaluated	P2 prophage marker: -	Stationary-phase bacteria, double-layer plaque assay, 30 C overnight; EOP is average PFU on target divided by average PFU on host, three measurements.	curated	high	Imported from S1 Table; blank source cells were not treated as measured interactions.
mirzaei2015_ecor_54_su27_eop	MirzaeiNilsson2015_EOP	supplement	25794006	10.1371/journal.pone.0118557	eop	Escherichia coli	ECOR_54		SU27		primary isolation host	0.015±0.003	=	0.015	low	reduced_susceptibility	pinpoint_plaques	not_evaluated		not_evaluated	P2 prophage marker: -	Stationary-phase bacteria, double-layer plaque assay, 30 C overnight; EOP is average PFU on target divided by average PFU on host, three measurements.	curated	high	Imported from S1 Table; blank source cells were not treated as measured interactions.
mirzaei2015_ecor_54_su32_eop	MirzaeiNilsson2015_EOP	supplement	25794006	10.1371/journal.pone.0118557	eop	Escherichia coli	ECOR_54		SU32		primary isolation host	1.24±0.06	=	1.24	high	susceptible	clear_plaques	not_evaluated		not_evaluated	P2 prophage marker: -	Stationary-phase bacteria, double-layer plaque assay, 30 C overnight; EOP is average PFU on target divided by average PFU on host, three measurements.	curated	high	Imported from S1 Table; blank source cells were not treated as measured interactions.
mirzaei2015_ecor_54_su63_eop	MirzaeiNilsson2015_EOP	supplement	25794006	10.1371/journal.pone.0118557	eop	Escherichia coli	ECOR_54		SU63		primary isolation host	0.067±0.046	=	0.067	low	reduced_susceptibility	pinpoint_plaques	not_evaluated		not_evaluated	P2 prophage marker: -	Stationary-phase bacteria, double-layer plaque assay, 30 C overnight; EOP is average PFU on target divided by average PFU on host, three measurements.	curated	high	Imported from S1 Table; blank source cells were not treated as measured interactions.
mirzaei2015_ecor_55_su10_eop	MirzaeiNilsson2015_EOP	supplement	25794006	10.1371/journal.pone.0118557	eop	Escherichia coli	ECOR_55		SU10		primary isolation host	0.09±0.01	=	0.09	low	reduced_susceptibility	pinpoint_plaques	not_evaluated		not_evaluated	colicin/plasmid marker: ?; P2 prophage marker: -	Stationary-phase bacteria, double-layer plaque assay, 30 C overnight; EOP is average PFU on target divided by average PFU on host, three measurements.	curated	high	Imported from S1 Table; blank source cells were not treated as measured interactions.
mirzaei2015_ecor_55_su16_eop	MirzaeiNilsson2015_EOP	supplement	25794006	10.1371/journal.pone.0118557	eop	Escherichia coli	ECOR_55		SU16		primary isolation host	1.02±0.20	=	1.02	high	susceptible	clear_plaques	not_evaluated		not_evaluated	colicin/plasmid marker: ?; P2 prophage marker: -	Stationary-phase bacteria, double-layer plaque assay, 30 C overnight; EOP is average PFU on target divided by average PFU on host, three measurements.	curated	high	Imported from S1 Table; blank source cells were not treated as measured interactions.
mirzaei2015_ecor_55_su27_eop	MirzaeiNilsson2015_EOP	supplement	25794006	10.1371/journal.pone.0118557	eop	Escherichia coli	ECOR_55		SU27		primary isolation host	0.003±0.001	=	0.003	low	reduced_susceptibility	pinpoint_plaques	not_evaluated		not_evaluated	colicin/plasmid marker: ?; P2 prophage marker: -	Stationary-phase bacteria, double-layer plaque assay, 30 C overnight; EOP is average PFU on target divided by average PFU on host, three measurements.	curated	high	Imported from S1 Table; blank source cells were not treated as measured interactions.
mirzaei2015_ecor_55_su32_eop	MirzaeiNilsson2015_EOP	supplement	25794006	10.1371/journal.pone.0118557	eop	Escherichia coli	ECOR_55		SU32		primary isolation host	3.8±2.3	=	3.8	high	susceptible	clear_plaques	not_evaluated		not_evaluated	colicin/plasmid marker: ?; P2 prophage marker: -	Stationary-phase bacteria, double-layer plaque assay, 30 C overnight; EOP is average PFU on target divided by average PFU on host, three measurements.	curated	high	Imported from S1 Table; blank source cells were not treated as measured interactions.
mirzaei2015_ecor_55_su63_eop	MirzaeiNilsson2015_EOP	supplement	25794006	10.1371/journal.pone.0118557	eop	Escherichia coli	ECOR_55		SU63		primary isolation host	0.0153±0.0005	=	0.0153	low	reduced_susceptibility	pinpoint_plaques	not_evaluated		not_evaluated	colicin/plasmid marker: ?; P2 prophage marker: -	Stationary-phase bacteria, double-layer plaque assay, 30 C overnight; EOP is average PFU on target divided by average PFU on host, three measurements.	curated	high	Imported from S1 Table; blank source cells were not treated as measured interactions.
mirzaei2015_ecor_56_su10_eop	MirzaeiNilsson2015_EOP	supplement	25794006	10.1371/journal.pone.0118557	eop	Escherichia coli	ECOR_56		SU10		primary isolation host	0.86±0.02	=	0.86	high	susceptible	clear_plaques	not_evaluated		not_evaluated	P2 prophage marker: -	Stationary-phase bacteria, double-layer plaque assay, 30 C overnight; EOP is average PFU on target divided by average PFU on host, three measurements.	curated	high	Imported from S1 Table; blank source cells were not treated as measured interactions.
mirzaei2015_ecor_56_su16_eop	MirzaeiNilsson2015_EOP	supplement	25794006	10.1371/journal.pone.0118557	eop	Escherichia coli	ECOR_56		SU16		primary isolation host	1.0±0.2	=	1	high	susceptible	clear_plaques	not_evaluated		not_evaluated	P2 prophage marker: -	Stationary-phase bacteria, double-layer plaque assay, 30 C overnight; EOP is average PFU on target divided by average PFU on host, three measurements.	curated	high	Imported from S1 Table; blank source cells were not treated as measured interactions.
mirzaei2015_ecor_56_su27_eop	MirzaeiNilsson2015_EOP	supplement	25794006	10.1371/journal.pone.0118557	eop	Escherichia coli	ECOR_56		SU27		primary isolation host	0.009±0.008	=	0.009	low	reduced_susceptibility	pinpoint_plaques	not_evaluated		not_evaluated	P2 prophage marker: -	Stationary-phase bacteria, double-layer plaque assay, 30 C overnight; EOP is average PFU on target divided by average PFU on host, three measurements.	curated	high	Imported from S1 Table; blank source cells were not treated as measured interactions.
mirzaei2015_ecor_56_su63_eop	MirzaeiNilsson2015_EOP	supplement	25794006	10.1371/journal.pone.0118557	eop	Escherichia coli	ECOR_56		SU63		primary isolation host	0.63±0.15	=	0.63	high	susceptible	clear_plaques	not_evaluated		not_evaluated	P2 prophage marker: -	Stationary-phase bacteria, double-layer plaque assay, 30 C overnight; EOP is average PFU on target divided by average PFU on host, three measurements.	curated	high	Imported from S1 Table; blank source cells were not treated as measured interactions.
mirzaei2015_ecor_57_su10_eop	MirzaeiNilsson2015_EOP	supplement	25794006	10.1371/journal.pone.0118557	eop	Escherichia coli	ECOR_57		SU10		primary isolation host	0.72±0.12	=	0.72	high	susceptible	clear_plaques	not_evaluated		not_evaluated	P2 prophage marker: -	Stationary-phase bacteria, double-layer plaque assay, 30 C overnight; EOP is average PFU on target divided by average PFU on host, three measurements.	curated	high	Imported from S1 Table; blank source cells were not treated as measured interactions.
mirzaei2015_ecor_57_su16_eop	MirzaeiNilsson2015_EOP	supplement	25794006	10.1371/journal.pone.0118557	eop	Escherichia coli	ECOR_57		SU16		primary isolation host	1.2±0.1	=	1.2	high	susceptible	clear_plaques	not_evaluated		not_evaluated	P2 prophage marker: -	Stationary-phase bacteria, double-layer plaque assay, 30 C overnight; EOP is average PFU on target divided by average PFU on host, three measurements.	curated	high	Imported from S1 Table; blank source cells were not treated as measured interactions.
mirzaei2015_ecor_57_su27_eop	MirzaeiNilsson2015_EOP	supplement	25794006	10.1371/journal.pone.0118557	eop	Escherichia coli	ECOR_57		SU27		primary isolation host	0.006±0.003	=	0.006	low	reduced_susceptibility	pinpoint_plaques	not_evaluated		not_evaluated	P2 prophage marker: -	Stationary-phase bacteria, double-layer plaque assay, 30 C overnight; EOP is average PFU on target divided by average PFU on host, three measurements.	curated	high	Imported from S1 Table; blank source cells were not treated as measured interactions.
mirzaei2015_ecor_57_su32_eop	MirzaeiNilsson2015_EOP	supplement	25794006	10.1371/journal.pone.0118557	eop	Escherichia coli	ECOR_57		SU32		primary isolation host	< 0.001	<	0.001	none	resistant	no_plaques	not_evaluated		not_evaluated	P2 prophage marker: -	Stationary-phase bacteria, double-layer plaque assay, 30 C overnight; EOP is average PFU on target divided by average PFU on host, three measurements.	curated	high	Imported from S1 Table; blank source cells were not treated as measured interactions.
mirzaei2015_ecor_57_su57_eop	MirzaeiNilsson2015_EOP	supplement	25794006	10.1371/journal.pone.0118557	eop	Escherichia coli	ECOR_57		SU57		primary isolation host	1.0	=	1	high	susceptible	clear_plaques	not_evaluated		not_evaluated	P2 prophage marker: -	Stationary-phase bacteria, double-layer plaque assay, 30 C overnight; EOP is average PFU on target divided by average PFU on host, three measurements.	curated	high	Imported from S1 Table; blank source cells were not treated as measured interactions.
mirzaei2015_ecor_57_su63_eop	MirzaeiNilsson2015_EOP	supplement	25794006	10.1371/journal.pone.0118557	eop	Escherichia coli	ECOR_57		SU63		primary isolation host	0.3±0.2	=	0.3	medium	susceptible	clear_plaques	not_evaluated		not_evaluated	P2 prophage marker: -	Stationary-phase bacteria, double-layer plaque assay, 30 C overnight; EOP is average PFU on target divided by average PFU on host, three measurements.	curated	high	Imported from S1 Table; blank source cells were not treated as measured interactions.
mirzaei2015_ecor_59_su10_eop	MirzaeiNilsson2015_EOP	supplement	25794006	10.1371/journal.pone.0118557	eop	Escherichia coli	ECOR_59		SU10		primary isolation host	0.39±0.05	=	0.39	medium	susceptible	clear_plaques	not_evaluated		not_evaluated	P2 prophage marker: 3	Stationary-phase bacteria, double-layer plaque assay, 30 C overnight; EOP is average PFU on target divided by average PFU on host, three measurements.	curated	high	Imported from S1 Table; blank source cells were not treated as measured interactions.
mirzaei2015_ecor_59_su16_eop	MirzaeiNilsson2015_EOP	supplement	25794006	10.1371/journal.pone.0118557	eop	Escherichia coli	ECOR_59		SU16		primary isolation host	0.53±0.06	=	0.53	high	susceptible	clear_plaques	not_evaluated		not_evaluated	P2 prophage marker: 3	Stationary-phase bacteria, double-layer plaque assay, 30 C overnight; EOP is average PFU on target divided by average PFU on host, three measurements.	curated	high	Imported from S1 Table; blank source cells were not treated as measured interactions.
mirzaei2015_ecor_59_su27_eop	MirzaeiNilsson2015_EOP	supplement	25794006	10.1371/journal.pone.0118557	eop	Escherichia coli	ECOR_59		SU27		primary isolation host	< 0.001	<	0.001	none	resistant	no_plaques	not_evaluated		not_evaluated	P2 prophage marker: 3	Stationary-phase bacteria, double-layer plaque assay, 30 C overnight; EOP is average PFU on target divided by average PFU on host, three measurements.	curated	high	Imported from S1 Table; blank source cells were not treated as measured interactions.
mirzaei2015_ecor_59_su63_eop	MirzaeiNilsson2015_EOP	supplement	25794006	10.1371/journal.pone.0118557	eop	Escherichia coli	ECOR_59		SU63		primary isolation host	0	=	0	none	resistant	no_plaques	not_evaluated		not_evaluated	P2 prophage marker: 3	Stationary-phase bacteria, double-layer plaque assay, 30 C overnight; EOP is average PFU on target divided by average PFU on host, three measurements.	curated	high	Imported from S1 Table; blank source cells were not treated as measured interactions.
mirzaei2015_ecor_60_su16_eop	MirzaeiNilsson2015_EOP	supplement	25794006	10.1371/journal.pone.0118557	eop	Escherichia coli	ECOR_60		SU16		primary isolation host	< 0.001	<	0.001	none	resistant	no_plaques	not_evaluated		not_evaluated	colicin/plasmid marker: E(E2); P2 prophage marker: -	Stationary-phase bacteria, double-layer plaque assay, 30 C overnight; EOP is average PFU on target divided by average PFU on host, three measurements.	curated	high	Imported from S1 Table; blank source cells were not treated as measured interactions.
mirzaei2015_ecor_60_su32_eop	MirzaeiNilsson2015_EOP	supplement	25794006	10.1371/journal.pone.0118557	eop	Escherichia coli	ECOR_60		SU32		primary isolation host	0.004±0.002	=	0.004	low	reduced_susceptibility	pinpoint_plaques	not_evaluated		not_evaluated	colicin/plasmid marker: E(E2); P2 prophage marker: -	Stationary-phase bacteria, double-layer plaque assay, 30 C overnight; EOP is average PFU on target divided by average PFU on host, three measurements.	curated	high	Imported from S1 Table; blank source cells were not treated as measured interactions.
mirzaei2015_ecor_61_su10_eop	MirzaeiNilsson2015_EOP	supplement	25794006	10.1371/journal.pone.0118557	eop	Escherichia coli	ECOR_61		SU10		primary isolation host	< 0.001	<	0.001	none	resistant	no_plaques	not_evaluated		not_evaluated	colicin/plasmid marker: Ib; P2 prophage marker: 3	Stationary-phase bacteria, double-layer plaque assay, 30 C overnight; EOP is average PFU on target divided by average PFU on host, three measurements.	curated	high	Imported from S1 Table; blank source cells were not treated as measured interactions.
mirzaei2015_ecor_61_su16_eop	MirzaeiNilsson2015_EOP	supplement	25794006	10.1371/journal.pone.0118557	eop	Escherichia coli	ECOR_61		SU16		primary isolation host	0.07±0.01	=	0.07	low	reduced_susceptibility	pinpoint_plaques	not_evaluated		not_evaluated	colicin/plasmid marker: Ib; P2 prophage marker: 3	Stationary-phase bacteria, double-layer plaque assay, 30 C overnight; EOP is average PFU on target divided by average PFU on host, three measurements.	curated	high	Imported from S1 Table; blank source cells were not treated as measured interactions.
mirzaei2015_ecor_61_su27_eop	MirzaeiNilsson2015_EOP	supplement	25794006	10.1371/journal.pone.0118557	eop	Escherichia coli	ECOR_61		SU27		primary isolation host	0.012±0.016	=	0.012	low	reduced_susceptibility	pinpoint_plaques	not_evaluated		not_evaluated	colicin/plasmid marker: Ib; P2 prophage marker: 3	Stationary-phase bacteria, double-layer plaque assay, 30 C overnight; EOP is average PFU on target divided by average PFU on host, three measurements.	curated	high	Imported from S1 Table; blank source cells were not treated as measured interactions.
mirzaei2015_ecor_61_su32_eop	MirzaeiNilsson2015_EOP	supplement	25794006	10.1371/journal.pone.0118557	eop	Escherichia coli	ECOR_61		SU32		primary isolation host	< 0.001	<	0.001	none	resistant	no_plaques	not_evaluated		not_evaluated	colicin/plasmid marker: Ib; P2 prophage marker: 3	Stationary-phase bacteria, double-layer plaque assay, 30 C overnight; EOP is average PFU on target divided by average PFU on host, three measurements.	curated	high	Imported from S1 Table; blank source cells were not treated as measured interactions.
mirzaei2015_ecor_61_su57_eop	MirzaeiNilsson2015_EOP	supplement	25794006	10.1371/journal.pone.0118557	eop	Escherichia coli	ECOR_61		SU57		primary isolation host	0.011±0.009	=	0.011	low	reduced_susceptibility	pinpoint_plaques	not_evaluated		not_evaluated	colicin/plasmid marker: Ib; P2 prophage marker: 3	Stationary-phase bacteria, double-layer plaque assay, 30 C overnight; EOP is average PFU on target divided by average PFU on host, three measurements.	curated	high	Imported from S1 Table; blank source cells were not treated as measured interactions.
mirzaei2015_ecor_61_su63_eop	MirzaeiNilsson2015_EOP	supplement	25794006	10.1371/journal.pone.0118557	eop	Escherichia coli	ECOR_61		SU63		primary isolation host	0.5±0.3	=	0.5	high	susceptible	clear_plaques	not_evaluated		not_evaluated	colicin/plasmid marker: Ib; P2 prophage marker: 3	Stationary-phase bacteria, double-layer plaque assay, 30 C overnight; EOP is average PFU on target divided by average PFU on host, three measurements.	curated	high	Imported from S1 Table; blank source cells were not treated as measured interactions.
mirzaei2015_ecor_62_su10_eop	MirzaeiNilsson2015_EOP	supplement	25794006	10.1371/journal.pone.0118557	eop	Escherichia coli	ECOR_62		SU10		primary isolation host	0.57±0.07	=	0.57	high	susceptible	clear_plaques	not_evaluated		not_evaluated	colicin/plasmid marker: B; P2 prophage marker: 2	Stationary-phase bacteria, double-layer plaque assay, 30 C overnight; EOP is average PFU on target divided by average PFU on host, three measurements.	curated	high	Imported from S1 Table; blank source cells were not treated as measured interactions.
mirzaei2015_ecor_62_su16_eop	MirzaeiNilsson2015_EOP	supplement	25794006	10.1371/journal.pone.0118557	eop	Escherichia coli	ECOR_62		SU16		primary isolation host	1.0±0.4	=	1	high	susceptible	clear_plaques	not_evaluated		not_evaluated	colicin/plasmid marker: B; P2 prophage marker: 2	Stationary-phase bacteria, double-layer plaque assay, 30 C overnight; EOP is average PFU on target divided by average PFU on host, three measurements.	curated	high	Imported from S1 Table; blank source cells were not treated as measured interactions.
mirzaei2015_ecor_62_su57_eop	MirzaeiNilsson2015_EOP	supplement	25794006	10.1371/journal.pone.0118557	eop	Escherichia coli	ECOR_62		SU57		primary isolation host	< 0.001	<	0.001	none	resistant	no_plaques	not_evaluated		not_evaluated	colicin/plasmid marker: B; P2 prophage marker: 2	Stationary-phase bacteria, double-layer plaque assay, 30 C overnight; EOP is average PFU on target divided by average PFU on host, three measurements.	curated	high	Imported from S1 Table; blank source cells were not treated as measured interactions.
mirzaei2015_ecor_62_su63_eop	MirzaeiNilsson2015_EOP	supplement	25794006	10.1371/journal.pone.0118557	eop	Escherichia coli	ECOR_62		SU63		primary isolation host	0.015±0.018	=	0.015	low	reduced_susceptibility	pinpoint_plaques	not_evaluated		not_evaluated	colicin/plasmid marker: B; P2 prophage marker: 2	Stationary-phase bacteria, double-layer plaque assay, 30 C overnight; EOP is average PFU on target divided by average PFU on host, three measurements.	curated	high	Imported from S1 Table; blank source cells were not treated as measured interactions.
mirzaei2015_ecor_63_su16_eop	MirzaeiNilsson2015_EOP	supplement	25794006	10.1371/journal.pone.0118557	eop	Escherichia coli	ECOR_63		SU16		primary isolation host	0.03±0.01	=	0.03	low	reduced_susceptibility	pinpoint_plaques	not_evaluated		not_evaluated	colicin/plasmid marker: E(E1); P2 prophage marker: -	Stationary-phase bacteria, double-layer plaque assay, 30 C overnight; EOP is average PFU on target divided by average PFU on host, three measurements.	curated	high	Imported from S1 Table; blank source cells were not treated as measured interactions.
mirzaei2015_ecor_63_su27_eop	MirzaeiNilsson2015_EOP	supplement	25794006	10.1371/journal.pone.0118557	eop	Escherichia coli	ECOR_63		SU27		primary isolation host	< 0.001	<	0.001	none	resistant	no_plaques	not_evaluated		not_evaluated	colicin/plasmid marker: E(E1); P2 prophage marker: -	Stationary-phase bacteria, double-layer plaque assay, 30 C overnight; EOP is average PFU on target divided by average PFU on host, three measurements.	curated	high	Imported from S1 Table; blank source cells were not treated as measured interactions.
mirzaei2015_ecor_63_su57_eop	MirzaeiNilsson2015_EOP	supplement	25794006	10.1371/journal.pone.0118557	eop	Escherichia coli	ECOR_63		SU57		primary isolation host	0.3±0.1	=	0.3	medium	susceptible	clear_plaques	not_evaluated		not_evaluated	colicin/plasmid marker: E(E1); P2 prophage marker: -	Stationary-phase bacteria, double-layer plaque assay, 30 C overnight; EOP is average PFU on target divided by average PFU on host, three measurements.	curated	high	Imported from S1 Table; blank source cells were not treated as measured interactions.
mirzaei2015_ecor_63_su63_eop	MirzaeiNilsson2015_EOP	supplement	25794006	10.1371/journal.pone.0118557	eop	Escherichia coli	ECOR_63		SU63		primary isolation host	1.0	=	1	high	susceptible	clear_plaques	not_evaluated		not_evaluated	colicin/plasmid marker: E(E1); P2 prophage marker: -	Stationary-phase bacteria, double-layer plaque assay, 30 C overnight; EOP is average PFU on target divided by average PFU on host, three measurements.	curated	high	Imported from S1 Table; blank source cells were not treated as measured interactions.
mirzaei2015_ecor_64_su10_eop	MirzaeiNilsson2015_EOP	supplement	25794006	10.1371/journal.pone.0118557	eop	Escherichia coli	ECOR_64		SU10		primary isolation host	0.58±0.12	=	0.58	high	susceptible	clear_plaques	not_evaluated		not_evaluated	P2 prophage marker: 2	Stationary-phase bacteria, double-layer plaque assay, 30 C overnight; EOP is average PFU on target divided by average PFU on host, three measurements.	curated	high	Imported from S1 Table; blank source cells were not treated as measured interactions.
mirzaei2015_ecor_64_su16_eop	MirzaeiNilsson2015_EOP	supplement	25794006	10.1371/journal.pone.0118557	eop	Escherichia coli	ECOR_64		SU16		primary isolation host	0.9±0.2	=	0.9	high	susceptible	clear_plaques	not_evaluated		not_evaluated	P2 prophage marker: 2	Stationary-phase bacteria, double-layer plaque assay, 30 C overnight; EOP is average PFU on target divided by average PFU on host, three measurements.	curated	high	Imported from S1 Table; blank source cells were not treated as measured interactions.
mirzaei2015_ecor_64_su57_eop	MirzaeiNilsson2015_EOP	supplement	25794006	10.1371/journal.pone.0118557	eop	Escherichia coli	ECOR_64		SU57		primary isolation host	< 0.001	<	0.001	none	resistant	no_plaques	not_evaluated		not_evaluated	P2 prophage marker: 2	Stationary-phase bacteria, double-layer plaque assay, 30 C overnight; EOP is average PFU on target divided by average PFU on host, three measurements.	curated	high	Imported from S1 Table; blank source cells were not treated as measured interactions.
mirzaei2015_ecor_65_su16_eop	MirzaeiNilsson2015_EOP	supplement	25794006	10.1371/journal.pone.0118557	eop	Escherichia coli	ECOR_65		SU16		primary isolation host	< 0.001	<	0.001	none	resistant	no_plaques	not_evaluated		not_evaluated	P2 prophage marker: 1	Stationary-phase bacteria, double-layer plaque assay, 30 C overnight; EOP is average PFU on target divided by average PFU on host, three measurements.	curated	high	Imported from S1 Table; blank source cells were not treated as measured interactions.
mirzaei2015_ecor_66_su27_eop	MirzaeiNilsson2015_EOP	supplement	25794006	10.1371/journal.pone.0118557	eop	Escherichia coli	ECOR_66		SU27		primary isolation host	0.015±0.005	=	0.015	low	reduced_susceptibility	pinpoint_plaques	not_evaluated		not_evaluated	colicin/plasmid marker: ?; P2 prophage marker: -	Stationary-phase bacteria, double-layer plaque assay, 30 C overnight; EOP is average PFU on target divided by average PFU on host, three measurements.	curated	high	Imported from S1 Table; blank source cells were not treated as measured interactions.
mirzaei2015_ecor_66_su32_eop	MirzaeiNilsson2015_EOP	supplement	25794006	10.1371/journal.pone.0118557	eop	Escherichia coli	ECOR_66		SU32		primary isolation host	1.8±0.5	=	1.8	high	susceptible	clear_plaques	not_evaluated		not_evaluated	colicin/plasmid marker: ?; P2 prophage marker: -	Stationary-phase bacteria, double-layer plaque assay, 30 C overnight; EOP is average PFU on target divided by average PFU on host, three measurements.	curated	high	Imported from S1 Table; blank source cells were not treated as measured interactions.
mirzaei2015_ecor_66_su63_eop	MirzaeiNilsson2015_EOP	supplement	25794006	10.1371/journal.pone.0118557	eop	Escherichia coli	ECOR_66		SU63		primary isolation host	1.06±0.85	=	1.06	high	susceptible	clear_plaques	not_evaluated		not_evaluated	colicin/plasmid marker: ?; P2 prophage marker: -	Stationary-phase bacteria, double-layer plaque assay, 30 C overnight; EOP is average PFU on target divided by average PFU on host, three measurements.	curated	high	Imported from S1 Table; blank source cells were not treated as measured interactions.
mirzaei2015_ecor_67_su10_eop	MirzaeiNilsson2015_EOP	supplement	25794006	10.1371/journal.pone.0118557	eop	Escherichia coli	ECOR_67		SU10		primary isolation host	0	=	0	none	resistant	no_plaques	not_evaluated		not_evaluated	P2 prophage marker: 4	Stationary-phase bacteria, double-layer plaque assay, 30 C overnight; EOP is average PFU on target divided by average PFU on host, three measurements.	curated	high	Imported from S1 Table; blank source cells were not treated as measured interactions.
mirzaei2015_ecor_67_su16_eop	MirzaeiNilsson2015_EOP	supplement	25794006	10.1371/journal.pone.0118557	eop	Escherichia coli	ECOR_67		SU16		primary isolation host	< 0.001	<	0.001	none	resistant	no_plaques	not_evaluated		not_evaluated	P2 prophage marker: 4	Stationary-phase bacteria, double-layer plaque assay, 30 C overnight; EOP is average PFU on target divided by average PFU on host, three measurements.	curated	high	Imported from S1 Table; blank source cells were not treated as measured interactions.
mirzaei2015_ecor_67_su27_eop	MirzaeiNilsson2015_EOP	supplement	25794006	10.1371/journal.pone.0118557	eop	Escherichia coli	ECOR_67		SU27		primary isolation host	0.21±0.04	=	0.21	medium	susceptible	clear_plaques	not_evaluated		not_evaluated	P2 prophage marker: 4	Stationary-phase bacteria, double-layer plaque assay, 30 C overnight; EOP is average PFU on target divided by average PFU on host, three measurements.	curated	high	Imported from S1 Table; blank source cells were not treated as measured interactions.
mirzaei2015_ecor_67_su63_eop	MirzaeiNilsson2015_EOP	supplement	25794006	10.1371/journal.pone.0118557	eop	Escherichia coli	ECOR_67		SU63		primary isolation host	< 0.001	<	0.001	none	resistant	no_plaques	not_evaluated		not_evaluated	P2 prophage marker: 4	Stationary-phase bacteria, double-layer plaque assay, 30 C overnight; EOP is average PFU on target divided by average PFU on host, three measurements.	curated	high	Imported from S1 Table; blank source cells were not treated as measured interactions.
mirzaei2015_ecor_68_su10_eop	MirzaeiNilsson2015_EOP	supplement	25794006	10.1371/journal.pone.0118557	eop	Escherichia coli	ECOR_68		SU10		primary isolation host	0.07±0.01	=	0.07	low	reduced_susceptibility	pinpoint_plaques	not_evaluated		not_evaluated	P2 prophage marker: 1	Stationary-phase bacteria, double-layer plaque assay, 30 C overnight; EOP is average PFU on target divided by average PFU on host, three measurements.	curated	high	Imported from S1 Table; blank source cells were not treated as measured interactions.
mirzaei2015_ecor_68_su16_eop	MirzaeiNilsson2015_EOP	supplement	25794006	10.1371/journal.pone.0118557	eop	Escherichia coli	ECOR_68		SU16		primary isolation host	0.14±0.01	=	0.14	medium	susceptible	clear_plaques	not_evaluated		not_evaluated	P2 prophage marker: 1	Stationary-phase bacteria, double-layer plaque assay, 30 C overnight; EOP is average PFU on target divided by average PFU on host, three measurements.	curated	high	Imported from S1 Table; blank source cells were not treated as measured interactions.
mirzaei2015_ecor_68_su27_eop	MirzaeiNilsson2015_EOP	supplement	25794006	10.1371/journal.pone.0118557	eop	Escherichia coli	ECOR_68		SU27		primary isolation host	0.021±0.003	=	0.021	low	reduced_susceptibility	pinpoint_plaques	not_evaluated		not_evaluated	P2 prophage marker: 1	Stationary-phase bacteria, double-layer plaque assay, 30 C overnight; EOP is average PFU on target divided by average PFU on host, three measurements.	curated	high	Imported from S1 Table; blank source cells were not treated as measured interactions.
mirzaei2015_ecor_68_su32_eop	MirzaeiNilsson2015_EOP	supplement	25794006	10.1371/journal.pone.0118557	eop	Escherichia coli	ECOR_68		SU32		primary isolation host	< 0.001	<	0.001	none	resistant	no_plaques	not_evaluated		not_evaluated	P2 prophage marker: 1	Stationary-phase bacteria, double-layer plaque assay, 30 C overnight; EOP is average PFU on target divided by average PFU on host, three measurements.	curated	high	Imported from S1 Table; blank source cells were not treated as measured interactions.
mirzaei2015_ecor_68_su63_eop	MirzaeiNilsson2015_EOP	supplement	25794006	10.1371/journal.pone.0118557	eop	Escherichia coli	ECOR_68		SU63		primary isolation host	0.08±0.07	=	0.08	low	reduced_susceptibility	pinpoint_plaques	not_evaluated		not_evaluated	P2 prophage marker: 1	Stationary-phase bacteria, double-layer plaque assay, 30 C overnight; EOP is average PFU on target divided by average PFU on host, three measurements.	curated	high	Imported from S1 Table; blank source cells were not treated as measured interactions.
mirzaei2015_ecor_69_su57_eop	MirzaeiNilsson2015_EOP	supplement	25794006	10.1371/journal.pone.0118557	eop	Escherichia coli	ECOR_69		SU57		primary isolation host	0	=	0	none	resistant	no_plaques	not_evaluated		not_evaluated	P2 prophage marker: -	Stationary-phase bacteria, double-layer plaque assay, 30 C overnight; EOP is average PFU on target divided by average PFU on host, three measurements.	curated	high	Imported from S1 Table; blank source cells were not treated as measured interactions.
mirzaei2015_ecor_71_su10_eop	MirzaeiNilsson2015_EOP	supplement	25794006	10.1371/journal.pone.0118557	eop	Escherichia coli	ECOR_71		SU10		primary isolation host	0.003±0.001	=	0.003	low	reduced_susceptibility	pinpoint_plaques	not_evaluated		not_evaluated	colicin/plasmid marker: E(E1); P2 prophage marker: -	Stationary-phase bacteria, double-layer plaque assay, 30 C overnight; EOP is average PFU on target divided by average PFU on host, three measurements.	curated	high	Imported from S1 Table; blank source cells were not treated as measured interactions.
mirzaei2015_ecor_71_su16_eop	MirzaeiNilsson2015_EOP	supplement	25794006	10.1371/journal.pone.0118557	eop	Escherichia coli	ECOR_71		SU16		primary isolation host	0.34±0.04	=	0.34	medium	susceptible	clear_plaques	not_evaluated		not_evaluated	colicin/plasmid marker: E(E1); P2 prophage marker: -	Stationary-phase bacteria, double-layer plaque assay, 30 C overnight; EOP is average PFU on target divided by average PFU on host, three measurements.	curated	high	Imported from S1 Table; blank source cells were not treated as measured interactions.
mirzaei2015_ecor_71_su27_eop	MirzaeiNilsson2015_EOP	supplement	25794006	10.1371/journal.pone.0118557	eop	Escherichia coli	ECOR_71		SU27		primary isolation host	1.3±0.2	=	1.3	high	susceptible	clear_plaques	not_evaluated		not_evaluated	colicin/plasmid marker: E(E1); P2 prophage marker: -	Stationary-phase bacteria, double-layer plaque assay, 30 C overnight; EOP is average PFU on target divided by average PFU on host, three measurements.	curated	high	Imported from S1 Table; blank source cells were not treated as measured interactions.
mirzaei2015_ecor_71_su63_eop	MirzaeiNilsson2015_EOP	supplement	25794006	10.1371/journal.pone.0118557	eop	Escherichia coli	ECOR_71		SU63		primary isolation host	< 0.001	<	0.001	none	resistant	no_plaques	not_evaluated		not_evaluated	colicin/plasmid marker: E(E1); P2 prophage marker: -	Stationary-phase bacteria, double-layer plaque assay, 30 C overnight; EOP is average PFU on target divided by average PFU on host, three measurements.	curated	high	Imported from S1 Table; blank source cells were not treated as measured interactions.
mirzaei2015_ecor_72_su16_eop	MirzaeiNilsson2015_EOP	supplement	25794006	10.1371/journal.pone.0118557	eop	Escherichia coli	ECOR_72		SU16		primary isolation host	< 0.001	<	0.001	none	resistant	no_plaques	not_evaluated		not_evaluated	P2 prophage marker: -	Stationary-phase bacteria, double-layer plaque assay, 30 C overnight; EOP is average PFU on target divided by average PFU on host, three measurements.	curated	high	Imported from S1 Table; blank source cells were not treated as measured interactions.
mirzaei2015_ecor_72_su63_eop	MirzaeiNilsson2015_EOP	supplement	25794006	10.1371/journal.pone.0118557	eop	Escherichia coli	ECOR_72		SU63		primary isolation host	< 0.001	<	0.001	none	resistant	no_plaques	not_evaluated		not_evaluated	P2 prophage marker: -	Stationary-phase bacteria, double-layer plaque assay, 30 C overnight; EOP is average PFU on target divided by average PFU on host, three measurements.	curated	high	Imported from S1 Table; blank source cells were not treated as measured interactions.
mirzaei2015_esbl_e_coli_19_su10_eop	MirzaeiNilsson2015_EOP	supplement	25794006	10.1371/journal.pone.0118557	eop	Escherichia coli	ESBL_Ecoli_19		SU10		primary isolation host	0.04±0.02	=	0.04	low	reduced_susceptibility	pinpoint_plaques	not_evaluated		not_evaluated		Stationary-phase bacteria, double-layer plaque assay, 30 C overnight; EOP is average PFU on target divided by average PFU on host, three measurements.	curated	high	Imported from S1 Table; blank source cells were not treated as measured interactions.
mirzaei2015_esbl_e_coli_19_su27_eop	MirzaeiNilsson2015_EOP	supplement	25794006	10.1371/journal.pone.0118557	eop	Escherichia coli	ESBL_Ecoli_19		SU27		primary isolation host	0	=	0	none	resistant	no_plaques	not_evaluated		not_evaluated		Stationary-phase bacteria, double-layer plaque assay, 30 C overnight; EOP is average PFU on target divided by average PFU on host, three measurements.	curated	high	Imported from S1 Table; blank source cells were not treated as measured interactions.
mirzaei2015_esbl_e_coli_19_su32_eop	MirzaeiNilsson2015_EOP	supplement	25794006	10.1371/journal.pone.0118557	eop	Escherichia coli	ESBL_Ecoli_19		SU32		primary isolation host	0	=	0	none	resistant	no_plaques	not_evaluated		not_evaluated		Stationary-phase bacteria, double-layer plaque assay, 30 C overnight; EOP is average PFU on target divided by average PFU on host, three measurements.	curated	high	Imported from S1 Table; blank source cells were not treated as measured interactions.
mirzaei2015_esbl_e_coli_19_su63_eop	MirzaeiNilsson2015_EOP	supplement	25794006	10.1371/journal.pone.0118557	eop	Escherichia coli	ESBL_Ecoli_19		SU63		primary isolation host	0	=	0	none	resistant	no_plaques	not_evaluated		not_evaluated		Stationary-phase bacteria, double-layer plaque assay, 30 C overnight; EOP is average PFU on target divided by average PFU on host, three measurements.	curated	high	Imported from S1 Table; blank source cells were not treated as measured interactions.
mirzaei2015_esbl_e_coli_32_su10_eop	MirzaeiNilsson2015_EOP	supplement	25794006	10.1371/journal.pone.0118557	eop	Escherichia coli	ESBL_Ecoli_32		SU10		primary isolation host	0.9±0.3	=	0.9	high	susceptible	clear_plaques	not_evaluated		not_evaluated		Stationary-phase bacteria, double-layer plaque assay, 30 C overnight; EOP is average PFU on target divided by average PFU on host, three measurements.	curated	high	Imported from S1 Table; blank source cells were not treated as measured interactions.
mirzaei2015_esbl_e_coli_32_su16_eop	MirzaeiNilsson2015_EOP	supplement	25794006	10.1371/journal.pone.0118557	eop	Escherichia coli	ESBL_Ecoli_32		SU16		primary isolation host	0.6±0.3	=	0.6	high	susceptible	clear_plaques	not_evaluated		not_evaluated		Stationary-phase bacteria, double-layer plaque assay, 30 C overnight; EOP is average PFU on target divided by average PFU on host, three measurements.	curated	high	Imported from S1 Table; blank source cells were not treated as measured interactions.
mirzaei2015_esbl_e_coli_32_su27_eop	MirzaeiNilsson2015_EOP	supplement	25794006	10.1371/journal.pone.0118557	eop	Escherichia coli	ESBL_Ecoli_32		SU27		primary isolation host	0.06±0.03	=	0.06	low	reduced_susceptibility	pinpoint_plaques	not_evaluated		not_evaluated		Stationary-phase bacteria, double-layer plaque assay, 30 C overnight; EOP is average PFU on target divided by average PFU on host, three measurements.	curated	high	Imported from S1 Table; blank source cells were not treated as measured interactions.
mirzaei2015_esbl_e_coli_32_su63_eop	MirzaeiNilsson2015_EOP	supplement	25794006	10.1371/journal.pone.0118557	eop	Escherichia coli	ESBL_Ecoli_32		SU63		primary isolation host	< 0.001	<	0.001	none	resistant	no_plaques	not_evaluated		not_evaluated		Stationary-phase bacteria, double-layer plaque assay, 30 C overnight; EOP is average PFU on target divided by average PFU on host, three measurements.	curated	high	Imported from S1 Table; blank source cells were not treated as measured interactions.
mirzaei2015_esbl_e_coli_39_su10_eop	MirzaeiNilsson2015_EOP	supplement	25794006	10.1371/journal.pone.0118557	eop	Escherichia coli	ESBL_Ecoli_39		SU10		primary isolation host	1.0±0.3	=	1	high	susceptible	clear_plaques	not_evaluated		not_evaluated		Stationary-phase bacteria, double-layer plaque assay, 30 C overnight; EOP is average PFU on target divided by average PFU on host, three measurements.	curated	high	Imported from S1 Table; blank source cells were not treated as measured interactions.
mirzaei2015_esbl_e_coli_39_su16_eop	MirzaeiNilsson2015_EOP	supplement	25794006	10.1371/journal.pone.0118557	eop	Escherichia coli	ESBL_Ecoli_39		SU16		primary isolation host	1.6±0.2	=	1.6	high	susceptible	clear_plaques	not_evaluated		not_evaluated		Stationary-phase bacteria, double-layer plaque assay, 30 C overnight; EOP is average PFU on target divided by average PFU on host, three measurements.	curated	high	Imported from S1 Table; blank source cells were not treated as measured interactions.
mirzaei2015_esbl_e_coli_39_su57_eop	MirzaeiNilsson2015_EOP	supplement	25794006	10.1371/journal.pone.0118557	eop	Escherichia coli	ESBL_Ecoli_39		SU57		primary isolation host	0	=	0	none	resistant	no_plaques	not_evaluated		not_evaluated		Stationary-phase bacteria, double-layer plaque assay, 30 C overnight; EOP is average PFU on target divided by average PFU on host, three measurements.	curated	high	Imported from S1 Table; blank source cells were not treated as measured interactions.
mirzaei2015_esbl_e_coli_41_su16_eop	MirzaeiNilsson2015_EOP	supplement	25794006	10.1371/journal.pone.0118557	eop	Escherichia coli	ESBL_Ecoli_41		SU16		primary isolation host	0.95±0.33	=	0.95	high	susceptible	clear_plaques	not_evaluated		not_evaluated		Stationary-phase bacteria, double-layer plaque assay, 30 C overnight; EOP is average PFU on target divided by average PFU on host, three measurements.	curated	high	Imported from S1 Table; blank source cells were not treated as measured interactions.
mirzaei2015_esbl_e_coli_41_su63_eop	MirzaeiNilsson2015_EOP	supplement	25794006	10.1371/journal.pone.0118557	eop	Escherichia coli	ESBL_Ecoli_41		SU63		primary isolation host	0	=	0	none	resistant	no_plaques	not_evaluated		not_evaluated		Stationary-phase bacteria, double-layer plaque assay, 30 C overnight; EOP is average PFU on target divided by average PFU on host, three measurements.	curated	high	Imported from S1 Table; blank source cells were not treated as measured interactions.
mirzaei2015_esbl_e_coli_44_su10_eop	MirzaeiNilsson2015_EOP	supplement	25794006	10.1371/journal.pone.0118557	eop	Escherichia coli	ESBL_Ecoli_44		SU10		primary isolation host	0.003±0.001	=	0.003	low	reduced_susceptibility	pinpoint_plaques	not_evaluated		not_evaluated		Stationary-phase bacteria, double-layer plaque assay, 30 C overnight; EOP is average PFU on target divided by average PFU on host, three measurements.	curated	high	Imported from S1 Table; blank source cells were not treated as measured interactions.
mirzaei2015_esbl_e_coli_44_su16_eop	MirzaeiNilsson2015_EOP	supplement	25794006	10.1371/journal.pone.0118557	eop	Escherichia coli	ESBL_Ecoli_44		SU16		primary isolation host	1.2±0.1	=	1.2	high	susceptible	clear_plaques	not_evaluated		not_evaluated		Stationary-phase bacteria, double-layer plaque assay, 30 C overnight; EOP is average PFU on target divided by average PFU on host, three measurements.	curated	high	Imported from S1 Table; blank source cells were not treated as measured interactions.
mirzaei2015_esbl_e_coli_44_su27_eop	MirzaeiNilsson2015_EOP	supplement	25794006	10.1371/journal.pone.0118557	eop	Escherichia coli	ESBL_Ecoli_44		SU27		primary isolation host	1.1±0.4	=	1.1	high	susceptible	clear_plaques	not_evaluated		not_evaluated		Stationary-phase bacteria, double-layer plaque assay, 30 C overnight; EOP is average PFU on target divided by average PFU on host, three measurements.	curated	high	Imported from S1 Table; blank source cells were not treated as measured interactions.
mirzaei2015_esbl_e_coli_44_su32_eop	MirzaeiNilsson2015_EOP	supplement	25794006	10.1371/journal.pone.0118557	eop	Escherichia coli	ESBL_Ecoli_44		SU32		primary isolation host	0.001±0.0008	=	0.001	low	reduced_susceptibility	pinpoint_plaques	not_evaluated		not_evaluated		Stationary-phase bacteria, double-layer plaque assay, 30 C overnight; EOP is average PFU on target divided by average PFU on host, three measurements.	curated	high	Imported from S1 Table; blank source cells were not treated as measured interactions.
mirzaei2015_esbl_e_coli_44_su63_eop	MirzaeiNilsson2015_EOP	supplement	25794006	10.1371/journal.pone.0118557	eop	Escherichia coli	ESBL_Ecoli_44		SU63		primary isolation host	< 0.001	<	0.001	none	resistant	no_plaques	not_evaluated		not_evaluated		Stationary-phase bacteria, double-layer plaque assay, 30 C overnight; EOP is average PFU on target divided by average PFU on host, three measurements.	curated	high	Imported from S1 Table; blank source cells were not treated as measured interactions.
mirzaei2015_esbl_e_coli_127_su27_eop	MirzaeiNilsson2015_EOP	supplement	25794006	10.1371/journal.pone.0118557	eop	Escherichia coli	ESBL_Ecoli_127		SU27		primary isolation host	0.9±0.3	=	0.9	high	susceptible	clear_plaques	not_evaluated		not_evaluated		Stationary-phase bacteria, double-layer plaque assay, 30 C overnight; EOP is average PFU on target divided by average PFU on host, three measurements.	curated	high	Imported from S1 Table; blank source cells were not treated as measured interactions.
mirzaei2015_esbl_e_coli_127_su32_eop	MirzaeiNilsson2015_EOP	supplement	25794006	10.1371/journal.pone.0118557	eop	Escherichia coli	ESBL_Ecoli_127		SU32		primary isolation host	0.001±0.0004	=	0.001	low	reduced_susceptibility	pinpoint_plaques	not_evaluated		not_evaluated		Stationary-phase bacteria, double-layer plaque assay, 30 C overnight; EOP is average PFU on target divided by average PFU on host, three measurements.	curated	high	Imported from S1 Table; blank source cells were not treated as measured interactions.
mirzaei2015_esbl_e_coli_128_su16_eop	MirzaeiNilsson2015_EOP	supplement	25794006	10.1371/journal.pone.0118557	eop	Escherichia coli	ESBL_Ecoli_128		SU16		primary isolation host	1.5±0.4	=	1.5	high	susceptible	clear_plaques	not_evaluated		not_evaluated		Stationary-phase bacteria, double-layer plaque assay, 30 C overnight; EOP is average PFU on target divided by average PFU on host, three measurements.	curated	high	Imported from S1 Table; blank source cells were not treated as measured interactions.
mirzaei2015_esbl_e_coli_128_su27_eop	MirzaeiNilsson2015_EOP	supplement	25794006	10.1371/journal.pone.0118557	eop	Escherichia coli	ESBL_Ecoli_128		SU27		primary isolation host	0.8±0.2	=	0.8	high	susceptible	clear_plaques	not_evaluated		not_evaluated		Stationary-phase bacteria, double-layer plaque assay, 30 C overnight; EOP is average PFU on target divided by average PFU on host, three measurements.	curated	high	Imported from S1 Table; blank source cells were not treated as measured interactions.
mirzaei2015_esbl_e_coli_128_su32_eop	MirzaeiNilsson2015_EOP	supplement	25794006	10.1371/journal.pone.0118557	eop	Escherichia coli	ESBL_Ecoli_128		SU32		primary isolation host	< 0.001	<	0.001	none	resistant	no_plaques	not_evaluated		not_evaluated		Stationary-phase bacteria, double-layer plaque assay, 30 C overnight; EOP is average PFU on target divided by average PFU on host, three measurements.	curated	high	Imported from S1 Table; blank source cells were not treated as measured interactions.
mirzaei2015_esbl_e_coli_128_su63_eop	MirzaeiNilsson2015_EOP	supplement	25794006	10.1371/journal.pone.0118557	eop	Escherichia coli	ESBL_Ecoli_128		SU63		primary isolation host	< 0.001	<	0.001	none	resistant	no_plaques	not_evaluated		not_evaluated		Stationary-phase bacteria, double-layer plaque assay, 30 C overnight; EOP is average PFU on target divided by average PFU on host, three measurements.	curated	high	Imported from S1 Table; blank source cells were not treated as measured interactions.
mirzaei2015_esbl_e_coli_130_su27_eop	MirzaeiNilsson2015_EOP	supplement	25794006	10.1371/journal.pone.0118557	eop	Escherichia coli	ESBL_Ecoli_130		SU27		primary isolation host	< 0.001	<	0.001	none	resistant	no_plaques	not_evaluated		not_evaluated		Stationary-phase bacteria, double-layer plaque assay, 30 C overnight; EOP is average PFU on target divided by average PFU on host, three measurements.	curated	high	Imported from S1 Table; blank source cells were not treated as measured interactions.
mirzaei2015_esbl_e_coli_130_su32_eop	MirzaeiNilsson2015_EOP	supplement	25794006	10.1371/journal.pone.0118557	eop	Escherichia coli	ESBL_Ecoli_130		SU32		primary isolation host	< 0.001	<	0.001	none	resistant	no_plaques	not_evaluated		not_evaluated		Stationary-phase bacteria, double-layer plaque assay, 30 C overnight; EOP is average PFU on target divided by average PFU on host, three measurements.	curated	high	Imported from S1 Table; blank source cells were not treated as measured interactions.
mirzaei2015_esbl_e_coli_130_su63_eop	MirzaeiNilsson2015_EOP	supplement	25794006	10.1371/journal.pone.0118557	eop	Escherichia coli	ESBL_Ecoli_130		SU63		primary isolation host	0	=	0	none	resistant	no_plaques	not_evaluated		not_evaluated		Stationary-phase bacteria, double-layer plaque assay, 30 C overnight; EOP is average PFU on target divided by average PFU on host, three measurements.	curated	high	Imported from S1 Table; blank source cells were not treated as measured interactions.
mirzaei2015_esbl_e_coli_133_su16_eop	MirzaeiNilsson2015_EOP	supplement	25794006	10.1371/journal.pone.0118557	eop	Escherichia coli	ESBL_Ecoli_133		SU16		primary isolation host	0	=	0	none	resistant	no_plaques	not_evaluated		not_evaluated		Stationary-phase bacteria, double-layer plaque assay, 30 C overnight; EOP is average PFU on target divided by average PFU on host, three measurements.	curated	high	Imported from S1 Table; blank source cells were not treated as measured interactions.
mirzaei2015_esbl_e_coli_133_su63_eop	MirzaeiNilsson2015_EOP	supplement	25794006	10.1371/journal.pone.0118557	eop	Escherichia coli	ESBL_Ecoli_133		SU63		primary isolation host	0	=	0	none	resistant	no_plaques	not_evaluated		not_evaluated		Stationary-phase bacteria, double-layer plaque assay, 30 C overnight; EOP is average PFU on target divided by average PFU on host, three measurements.	curated	high	Imported from S1 Table; blank source cells were not treated as measured interactions.
mirzaei2015_esbl_e_coli_134_su27_eop	MirzaeiNilsson2015_EOP	supplement	25794006	10.1371/journal.pone.0118557	eop	Escherichia coli	ESBL_Ecoli_134		SU27		primary isolation host	0	=	0	none	resistant	no_plaques	not_evaluated		not_evaluated		Stationary-phase bacteria, double-layer plaque assay, 30 C overnight; EOP is average PFU on target divided by average PFU on host, three measurements.	curated	high	Imported from S1 Table; blank source cells were not treated as measured interactions.
mirzaei2015_esbl_e_coli_134_su32_eop	MirzaeiNilsson2015_EOP	supplement	25794006	10.1371/journal.pone.0118557	eop	Escherichia coli	ESBL_Ecoli_134		SU32		primary isolation host	0	=	0	none	resistant	no_plaques	not_evaluated		not_evaluated		Stationary-phase bacteria, double-layer plaque assay, 30 C overnight; EOP is average PFU on target divided by average PFU on host, three measurements.	curated	high	Imported from S1 Table; blank source cells were not treated as measured interactions.
mirzaei2015_esbl_e_coli_165_su16_eop	MirzaeiNilsson2015_EOP	supplement	25794006	10.1371/journal.pone.0118557	eop	Escherichia coli	ESBL_Ecoli_165		SU16		primary isolation host	< 0.001	<	0.001	none	resistant	no_plaques	not_evaluated		not_evaluated		Stationary-phase bacteria, double-layer plaque assay, 30 C overnight; EOP is average PFU on target divided by average PFU on host, three measurements.	curated	high	Imported from S1 Table; blank source cells were not treated as measured interactions.
mirzaei2015_esbl_e_coli_165_su27_eop	MirzaeiNilsson2015_EOP	supplement	25794006	10.1371/journal.pone.0118557	eop	Escherichia coli	ESBL_Ecoli_165		SU27		primary isolation host	0	=	0	none	resistant	no_plaques	not_evaluated		not_evaluated		Stationary-phase bacteria, double-layer plaque assay, 30 C overnight; EOP is average PFU on target divided by average PFU on host, three measurements.	curated	high	Imported from S1 Table; blank source cells were not treated as measured interactions.
mirzaei2015_esbl_e_coli_170_su27_eop	MirzaeiNilsson2015_EOP	supplement	25794006	10.1371/journal.pone.0118557	eop	Escherichia coli	ESBL_Ecoli_170		SU27		primary isolation host	< 0.001	<	0.001	none	resistant	no_plaques	not_evaluated		not_evaluated		Stationary-phase bacteria, double-layer plaque assay, 30 C overnight; EOP is average PFU on target divided by average PFU on host, three measurements.	curated	high	Imported from S1 Table; blank source cells were not treated as measured interactions.
mirzaei2015_esbl_e_coli_198_su10_eop	MirzaeiNilsson2015_EOP	supplement	25794006	10.1371/journal.pone.0118557	eop	Escherichia coli	ESBL_Ecoli_198		SU10		primary isolation host	0	=	0	none	resistant	no_plaques	not_evaluated		not_evaluated		Stationary-phase bacteria, double-layer plaque assay, 30 C overnight; EOP is average PFU on target divided by average PFU on host, three measurements.	curated	high	Imported from S1 Table; blank source cells were not treated as measured interactions.
mirzaei2015_esbl_e_coli_198_su27_eop	MirzaeiNilsson2015_EOP	supplement	25794006	10.1371/journal.pone.0118557	eop	Escherichia coli	ESBL_Ecoli_198		SU27		primary isolation host	1.1±0.4	=	1.1	high	susceptible	clear_plaques	not_evaluated		not_evaluated		Stationary-phase bacteria, double-layer plaque assay, 30 C overnight; EOP is average PFU on target divided by average PFU on host, three measurements.	curated	high	Imported from S1 Table; blank source cells were not treated as measured interactions.
mirzaei2015_esbl_e_coli_198_su32_eop	MirzaeiNilsson2015_EOP	supplement	25794006	10.1371/journal.pone.0118557	eop	Escherichia coli	ESBL_Ecoli_198		SU32		primary isolation host	1.55±0.35	=	1.55	high	susceptible	clear_plaques	not_evaluated		not_evaluated		Stationary-phase bacteria, double-layer plaque assay, 30 C overnight; EOP is average PFU on target divided by average PFU on host, three measurements.	curated	high	Imported from S1 Table; blank source cells were not treated as measured interactions.
mirzaei2015_esbl_e_coli_198_su57_eop	MirzaeiNilsson2015_EOP	supplement	25794006	10.1371/journal.pone.0118557	eop	Escherichia coli	ESBL_Ecoli_198		SU57		primary isolation host	1.6±0.4	=	1.6	high	susceptible	clear_plaques	not_evaluated		not_evaluated		Stationary-phase bacteria, double-layer plaque assay, 30 C overnight; EOP is average PFU on target divided by average PFU on host, three measurements.	curated	high	Imported from S1 Table; blank source cells were not treated as measured interactions.
mirzaei2015_esbl_e_coli_198_su63_eop	MirzaeiNilsson2015_EOP	supplement	25794006	10.1371/journal.pone.0118557	eop	Escherichia coli	ESBL_Ecoli_198		SU63		primary isolation host	1.3±0.1	=	1.3	high	susceptible	clear_plaques	not_evaluated		not_evaluated		Stationary-phase bacteria, double-layer plaque assay, 30 C overnight; EOP is average PFU on target divided by average PFU on host, three measurements.	curated	high	Imported from S1 Table; blank source cells were not treated as measured interactions.
mirzaei2015_esbl_e_coli_232_su27_eop	MirzaeiNilsson2015_EOP	supplement	25794006	10.1371/journal.pone.0118557	eop	Escherichia coli	ESBL_Ecoli_232		SU27		primary isolation host	0	=	0	none	resistant	no_plaques	not_evaluated		not_evaluated		Stationary-phase bacteria, double-layer plaque assay, 30 C overnight; EOP is average PFU on target divided by average PFU on host, three measurements.	curated	high	Imported from S1 Table; blank source cells were not treated as measured interactions.
mirzaei2015_esbl_e_coli_314a_su10_eop	MirzaeiNilsson2015_EOP	supplement	25794006	10.1371/journal.pone.0118557	eop	Escherichia coli	ESBL_Ecoli_314A		SU10		primary isolation host	0	=	0	none	resistant	no_plaques	not_evaluated		not_evaluated		Stationary-phase bacteria, double-layer plaque assay, 30 C overnight; EOP is average PFU on target divided by average PFU on host, three measurements.	curated	high	Imported from S1 Table; blank source cells were not treated as measured interactions.
mirzaei2015_esbl_e_coli_314a_su16_eop	MirzaeiNilsson2015_EOP	supplement	25794006	10.1371/journal.pone.0118557	eop	Escherichia coli	ESBL_Ecoli_314A		SU16		primary isolation host	0	=	0	none	resistant	no_plaques	not_evaluated		not_evaluated		Stationary-phase bacteria, double-layer plaque assay, 30 C overnight; EOP is average PFU on target divided by average PFU on host, three measurements.	curated	high	Imported from S1 Table; blank source cells were not treated as measured interactions.
mirzaei2015_esbl_e_coli_314a_su27_eop	MirzaeiNilsson2015_EOP	supplement	25794006	10.1371/journal.pone.0118557	eop	Escherichia coli	ESBL_Ecoli_314A		SU27		primary isolation host	0	=	0	none	resistant	no_plaques	not_evaluated		not_evaluated		Stationary-phase bacteria, double-layer plaque assay, 30 C overnight; EOP is average PFU on target divided by average PFU on host, three measurements.	curated	high	Imported from S1 Table; blank source cells were not treated as measured interactions.
mirzaei2015_esbl_e_coli_314a_su63_eop	MirzaeiNilsson2015_EOP	supplement	25794006	10.1371/journal.pone.0118557	eop	Escherichia coli	ESBL_Ecoli_314A		SU63		primary isolation host	0	=	0	none	resistant	no_plaques	not_evaluated		not_evaluated		Stationary-phase bacteria, double-layer plaque assay, 30 C overnight; EOP is average PFU on target divided by average PFU on host, three measurements.	curated	high	Imported from S1 Table; blank source cells were not treated as measured interactions.
mirzaei2015_esbl_e_coli_314b_su10_eop	MirzaeiNilsson2015_EOP	supplement	25794006	10.1371/journal.pone.0118557	eop	Escherichia coli	ESBL_Ecoli_314B		SU10		primary isolation host	0	=	0	none	resistant	no_plaques	not_evaluated		not_evaluated		Stationary-phase bacteria, double-layer plaque assay, 30 C overnight; EOP is average PFU on target divided by average PFU on host, three measurements.	curated	high	Imported from S1 Table; blank source cells were not treated as measured interactions.
mirzaei2015_esbl_e_coli_314b_su16_eop	MirzaeiNilsson2015_EOP	supplement	25794006	10.1371/journal.pone.0118557	eop	Escherichia coli	ESBL_Ecoli_314B		SU16		primary isolation host	0	=	0	none	resistant	no_plaques	not_evaluated		not_evaluated		Stationary-phase bacteria, double-layer plaque assay, 30 C overnight; EOP is average PFU on target divided by average PFU on host, three measurements.	curated	high	Imported from S1 Table; blank source cells were not treated as measured interactions.
mirzaei2015_esbl_e_coli_314b_su27_eop	MirzaeiNilsson2015_EOP	supplement	25794006	10.1371/journal.pone.0118557	eop	Escherichia coli	ESBL_Ecoli_314B		SU27		primary isolation host	0	=	0	none	resistant	no_plaques	not_evaluated		not_evaluated		Stationary-phase bacteria, double-layer plaque assay, 30 C overnight; EOP is average PFU on target divided by average PFU on host, three measurements.	curated	high	Imported from S1 Table; blank source cells were not treated as measured interactions.
mirzaei2015_sara_15_su32_eop	MirzaeiNilsson2015_EOP	supplement	25794006	10.1371/journal.pone.0118557	eop	Salmonella enterica	SARA_15		SU32		primary isolation host	0.47±0.03	=	0.47	medium	susceptible	clear_plaques	not_evaluated		not_evaluated		Stationary-phase bacteria, double-layer plaque assay, 30 C overnight; EOP is average PFU on target divided by average PFU on host, three measurements.	curated	high	Imported from S1 Table; blank source cells were not treated as measured interactions.
mirzaei2015_sara_15_su57_eop	MirzaeiNilsson2015_EOP	supplement	25794006	10.1371/journal.pone.0118557	eop	Salmonella enterica	SARA_15		SU57		primary isolation host	0.4±0.1	=	0.4	medium	susceptible	clear_plaques	not_evaluated		not_evaluated		Stationary-phase bacteria, double-layer plaque assay, 30 C overnight; EOP is average PFU on target divided by average PFU on host, three measurements.	curated	high	Imported from S1 Table; blank source cells were not treated as measured interactions.
mirzaei2015_sara_15_su63_eop	MirzaeiNilsson2015_EOP	supplement	25794006	10.1371/journal.pone.0118557	eop	Salmonella enterica	SARA_15		SU63		primary isolation host	0	=	0	none	resistant	no_plaques	not_evaluated		not_evaluated		Stationary-phase bacteria, double-layer plaque assay, 30 C overnight; EOP is average PFU on target divided by average PFU on host, three measurements.	curated	high	Imported from S1 Table; blank source cells were not treated as measured interactions.
mirzaei2015_sara_17_su32_eop	MirzaeiNilsson2015_EOP	supplement	25794006	10.1371/journal.pone.0118557	eop	Salmonella enterica	SARA_17		SU32		primary isolation host	0	=	0	none	resistant	no_plaques	not_evaluated		not_evaluated		Stationary-phase bacteria, double-layer plaque assay, 30 C overnight; EOP is average PFU on target divided by average PFU on host, three measurements.	curated	high	Imported from S1 Table; blank source cells were not treated as measured interactions.
mirzaei2015_sara_32_su10_eop	MirzaeiNilsson2015_EOP	supplement	25794006	10.1371/journal.pone.0118557	eop	Salmonella enterica	SARA_32		SU10		primary isolation host	0	=	0	none	resistant	no_plaques	not_evaluated		not_evaluated		Stationary-phase bacteria, double-layer plaque assay, 30 C overnight; EOP is average PFU on target divided by average PFU on host, three measurements.	curated	high	Imported from S1 Table; blank source cells were not treated as measured interactions.
mirzaei2015_sara_33_su27_eop	MirzaeiNilsson2015_EOP	supplement	25794006	10.1371/journal.pone.0118557	eop	Salmonella enterica	SARA_33		SU27		primary isolation host	0	=	0	none	resistant	no_plaques	not_evaluated		not_evaluated		Stationary-phase bacteria, double-layer plaque assay, 30 C overnight; EOP is average PFU on target divided by average PFU on host, three measurements.	curated	high	Imported from S1 Table; blank source cells were not treated as measured interactions.
mirzaei2015_sara_33_su57_eop	MirzaeiNilsson2015_EOP	supplement	25794006	10.1371/journal.pone.0118557	eop	Salmonella enterica	SARA_33		SU57		primary isolation host	0	=	0	none	resistant	no_plaques	not_evaluated		not_evaluated		Stationary-phase bacteria, double-layer plaque assay, 30 C overnight; EOP is average PFU on target divided by average PFU on host, three measurements.	curated	high	Imported from S1 Table; blank source cells were not treated as measured interactions.
mirzaei2015_sara_34_su32_eop	MirzaeiNilsson2015_EOP	supplement	25794006	10.1371/journal.pone.0118557	eop	Salmonella enterica	SARA_34		SU32		primary isolation host	0	=	0	none	resistant	no_plaques	not_evaluated		not_evaluated		Stationary-phase bacteria, double-layer plaque assay, 30 C overnight; EOP is average PFU on target divided by average PFU on host, three measurements.	curated	high	Imported from S1 Table; blank source cells were not treated as measured interactions.
mirzaei2015_sara_42_su32_eop	MirzaeiNilsson2015_EOP	supplement	25794006	10.1371/journal.pone.0118557	eop	Salmonella enterica	SARA_42		SU32		primary isolation host	0	=	0	none	resistant	no_plaques	not_evaluated		not_evaluated		Stationary-phase bacteria, double-layer plaque assay, 30 C overnight; EOP is average PFU on target divided by average PFU on host, three measurements.	curated	high	Imported from S1 Table; blank source cells were not treated as measured interactions.
mirzaei2015_sara_45_su10_eop	MirzaeiNilsson2015_EOP	supplement	25794006	10.1371/journal.pone.0118557	eop	Salmonella enterica	SARA_45		SU10		primary isolation host	0	=	0	none	resistant	no_plaques	not_evaluated		not_evaluated		Stationary-phase bacteria, double-layer plaque assay, 30 C overnight; EOP is average PFU on target divided by average PFU on host, three measurements.	curated	high	Imported from S1 Table; blank source cells were not treated as measured interactions.
mirzaei2015_sara_45_su16_eop	MirzaeiNilsson2015_EOP	supplement	25794006	10.1371/journal.pone.0118557	eop	Salmonella enterica	SARA_45		SU16		primary isolation host	0	=	0	none	resistant	no_plaques	not_evaluated		not_evaluated		Stationary-phase bacteria, double-layer plaque assay, 30 C overnight; EOP is average PFU on target divided by average PFU on host, three measurements.	curated	high	Imported from S1 Table; blank source cells were not treated as measured interactions.
mirzaei2015_sara_45_su27_eop	MirzaeiNilsson2015_EOP	supplement	25794006	10.1371/journal.pone.0118557	eop	Salmonella enterica	SARA_45		SU27		primary isolation host	0	=	0	none	resistant	no_plaques	not_evaluated		not_evaluated		Stationary-phase bacteria, double-layer plaque assay, 30 C overnight; EOP is average PFU on target divided by average PFU on host, three measurements.	curated	high	Imported from S1 Table; blank source cells were not treated as measured interactions.
mirzaei2015_sara_45_su32_eop	MirzaeiNilsson2015_EOP	supplement	25794006	10.1371/journal.pone.0118557	eop	Salmonella enterica	SARA_45		SU32		primary isolation host	0	=	0	none	resistant	no_plaques	not_evaluated		not_evaluated		Stationary-phase bacteria, double-layer plaque assay, 30 C overnight; EOP is average PFU on target divided by average PFU on host, three measurements.	curated	high	Imported from S1 Table; blank source cells were not treated as measured interactions.
mirzaei2015_sara_45_su57_eop	MirzaeiNilsson2015_EOP	supplement	25794006	10.1371/journal.pone.0118557	eop	Salmonella enterica	SARA_45		SU57		primary isolation host	0	=	0	none	resistant	no_plaques	not_evaluated		not_evaluated		Stationary-phase bacteria, double-layer plaque assay, 30 C overnight; EOP is average PFU on target divided by average PFU on host, three measurements.	curated	high	Imported from S1 Table; blank source cells were not treated as measured interactions.
mirzaei2015_sara_50_su32_eop	MirzaeiNilsson2015_EOP	supplement	25794006	10.1371/journal.pone.0118557	eop	Salmonella enterica	SARA_50		SU32		primary isolation host	0.34±0.09	=	0.34	medium	susceptible	clear_plaques	not_evaluated		not_evaluated		Stationary-phase bacteria, double-layer plaque assay, 30 C overnight; EOP is average PFU on target divided by average PFU on host, three measurements.	curated	high	Imported from S1 Table; blank source cells were not treated as measured interactions.
mirzaei2015_sara_61_su32_eop	MirzaeiNilsson2015_EOP	supplement	25794006	10.1371/journal.pone.0118557	eop	Salmonella enterica	SARA_61		SU32		primary isolation host	0	=	0	none	resistant	no_plaques	not_evaluated		not_evaluated		Stationary-phase bacteria, double-layer plaque assay, 30 C overnight; EOP is average PFU on target divided by average PFU on host, three measurements.	curated	high	Imported from S1 Table; blank source cells were not treated as measured interactions.
mirzaei2015_sarb_4_su32_eop	MirzaeiNilsson2015_EOP	supplement	25794006	10.1371/journal.pone.0118557	eop	Salmonella enterica	SARB_4		SU32		primary isolation host	0.004±0.001	=	0.004	low	reduced_susceptibility	pinpoint_plaques	not_evaluated		not_evaluated		Stationary-phase bacteria, double-layer plaque assay, 30 C overnight; EOP is average PFU on target divided by average PFU on host, three measurements.	curated	high	Imported from S1 Table; blank source cells were not treated as measured interactions.
mirzaei2015_sarb_4_su57_eop	MirzaeiNilsson2015_EOP	supplement	25794006	10.1371/journal.pone.0118557	eop	Salmonella enterica	SARB_4		SU57		primary isolation host	< 0.001	<	0.001	none	resistant	no_plaques	not_evaluated		not_evaluated		Stationary-phase bacteria, double-layer plaque assay, 30 C overnight; EOP is average PFU on target divided by average PFU on host, three measurements.	curated	high	Imported from S1 Table; blank source cells were not treated as measured interactions.
mirzaei2015_sarb_5_su16_eop	MirzaeiNilsson2015_EOP	supplement	25794006	10.1371/journal.pone.0118557	eop	Salmonella enterica	SARB_5		SU16		primary isolation host	0	=	0	none	resistant	no_plaques	not_evaluated		not_evaluated		Stationary-phase bacteria, double-layer plaque assay, 30 C overnight; EOP is average PFU on target divided by average PFU on host, three measurements.	curated	high	Imported from S1 Table; blank source cells were not treated as measured interactions.
mirzaei2015_sarb_13_su27_eop	MirzaeiNilsson2015_EOP	supplement	25794006	10.1371/journal.pone.0118557	eop	Salmonella enterica	SARB_13		SU27		primary isolation host	0	=	0	none	resistant	no_plaques	not_evaluated		not_evaluated		Stationary-phase bacteria, double-layer plaque assay, 30 C overnight; EOP is average PFU on target divided by average PFU on host, three measurements.	curated	high	Imported from S1 Table; blank source cells were not treated as measured interactions.
mirzaei2015_sarb_13_su32_eop	MirzaeiNilsson2015_EOP	supplement	25794006	10.1371/journal.pone.0118557	eop	Salmonella enterica	SARB_13		SU32		primary isolation host	0	=	0	none	resistant	no_plaques	not_evaluated		not_evaluated		Stationary-phase bacteria, double-layer plaque assay, 30 C overnight; EOP is average PFU on target divided by average PFU on host, three measurements.	curated	high	Imported from S1 Table; blank source cells were not treated as measured interactions.
mirzaei2015_sarb_21_su10_eop	MirzaeiNilsson2015_EOP	supplement	25794006	10.1371/journal.pone.0118557	eop	Salmonella enterica	SARB_21		SU10		primary isolation host	0	=	0	none	resistant	no_plaques	not_evaluated		not_evaluated		Stationary-phase bacteria, double-layer plaque assay, 30 C overnight; EOP is average PFU on target divided by average PFU on host, three measurements.	curated	high	Imported from S1 Table; blank source cells were not treated as measured interactions.
mirzaei2015_sarb_21_su32_eop	MirzaeiNilsson2015_EOP	supplement	25794006	10.1371/journal.pone.0118557	eop	Salmonella enterica	SARB_21		SU32		primary isolation host	0.3±0.005	=	0.3	medium	susceptible	clear_plaques	not_evaluated		not_evaluated		Stationary-phase bacteria, double-layer plaque assay, 30 C overnight; EOP is average PFU on target divided by average PFU on host, three measurements.	curated	high	Imported from S1 Table; blank source cells were not treated as measured interactions.
mirzaei2015_sarb_21_su57_eop	MirzaeiNilsson2015_EOP	supplement	25794006	10.1371/journal.pone.0118557	eop	Salmonella enterica	SARB_21		SU57		primary isolation host	1.3±0.5	=	1.3	high	susceptible	clear_plaques	not_evaluated		not_evaluated		Stationary-phase bacteria, double-layer plaque assay, 30 C overnight; EOP is average PFU on target divided by average PFU on host, three measurements.	curated	high	Imported from S1 Table; blank source cells were not treated as measured interactions.
mirzaei2015_sarb_47_su10_eop	MirzaeiNilsson2015_EOP	supplement	25794006	10.1371/journal.pone.0118557	eop	Salmonella enterica	SARB_47		SU10		primary isolation host	0	=	0	none	resistant	no_plaques	not_evaluated		not_evaluated		Stationary-phase bacteria, double-layer plaque assay, 30 C overnight; EOP is average PFU on target divided by average PFU on host, three measurements.	curated	high	Imported from S1 Table; blank source cells were not treated as measured interactions.
mirzaei2015_sarb_47_su63_eop	MirzaeiNilsson2015_EOP	supplement	25794006	10.1371/journal.pone.0118557	eop	Salmonella enterica	SARB_47		SU63		primary isolation host	0	=	0	none	resistant	no_plaques	not_evaluated		not_evaluated		Stationary-phase bacteria, double-layer plaque assay, 30 C overnight; EOP is average PFU on target divided by average PFU on host, three measurements.	curated	high	Imported from S1 Table; blank source cells were not treated as measured interactions.
mirzaei2015_sarb_48_su10_eop	MirzaeiNilsson2015_EOP	supplement	25794006	10.1371/journal.pone.0118557	eop	Salmonella enterica	SARB_48		SU10		primary isolation host	0	=	0	none	resistant	no_plaques	not_evaluated		not_evaluated		Stationary-phase bacteria, double-layer plaque assay, 30 C overnight; EOP is average PFU on target divided by average PFU on host, three measurements.	curated	high	Imported from S1 Table; blank source cells were not treated as measured interactions.
mirzaei2015_sarb_48_su32_eop	MirzaeiNilsson2015_EOP	supplement	25794006	10.1371/journal.pone.0118557	eop	Salmonella enterica	SARB_48		SU32		primary isolation host	0	=	0	none	resistant	no_plaques	not_evaluated		not_evaluated		Stationary-phase bacteria, double-layer plaque assay, 30 C overnight; EOP is average PFU on target divided by average PFU on host, three measurements.	curated	high	Imported from S1 Table; blank source cells were not treated as measured interactions.
mirzaei2015_sarb_48_su57_eop	MirzaeiNilsson2015_EOP	supplement	25794006	10.1371/journal.pone.0118557	eop	Salmonella enterica	SARB_48		SU57		primary isolation host	0	=	0	none	resistant	no_plaques	not_evaluated		not_evaluated		Stationary-phase bacteria, double-layer plaque assay, 30 C overnight; EOP is average PFU on target divided by average PFU on host, three measurements.	curated	high	Imported from S1 Table; blank source cells were not treated as measured interactions.
mirzaei2015_sarb_49_su63_eop	MirzaeiNilsson2015_EOP	supplement	25794006	10.1371/journal.pone.0118557	eop	Salmonella enterica	SARB_49		SU63		primary isolation host	0	=	0	none	resistant	no_plaques	not_evaluated		not_evaluated		Stationary-phase bacteria, double-layer plaque assay, 30 C overnight; EOP is average PFU on target divided by average PFU on host, three measurements.	curated	high	Imported from S1 Table; blank source cells were not treated as measured interactions.
mirzaei2015_sarb_50_su16_eop	MirzaeiNilsson2015_EOP	supplement	25794006	10.1371/journal.pone.0118557	eop	Salmonella enterica	SARB_50		SU16		primary isolation host	0	=	0	none	resistant	no_plaques	not_evaluated		not_evaluated		Stationary-phase bacteria, double-layer plaque assay, 30 C overnight; EOP is average PFU on target divided by average PFU on host, three measurements.	curated	high	Imported from S1 Table; blank source cells were not treated as measured interactions.
mirzaei2015_sarb_51_su32_eop	MirzaeiNilsson2015_EOP	supplement	25794006	10.1371/journal.pone.0118557	eop	Salmonella enterica	SARB_51		SU32		primary isolation host	0	=	0	none	resistant	no_plaques	not_evaluated		not_evaluated		Stationary-phase bacteria, double-layer plaque assay, 30 C overnight; EOP is average PFU on target divided by average PFU on host, three measurements.	curated	high	Imported from S1 Table; blank source cells were not treated as measured interactions.
mirzaei2015_sarb_51_su57_eop	MirzaeiNilsson2015_EOP	supplement	25794006	10.1371/journal.pone.0118557	eop	Salmonella enterica	SARB_51		SU57		primary isolation host	< 0.001	<	0.001	none	resistant	no_plaques	not_evaluated		not_evaluated		Stationary-phase bacteria, double-layer plaque assay, 30 C overnight; EOP is average PFU on target divided by average PFU on host, three measurements.	curated	high	Imported from S1 Table; blank source cells were not treated as measured interactions.
mirzaei2015_sarb_57_su63_eop	MirzaeiNilsson2015_EOP	supplement	25794006	10.1371/journal.pone.0118557	eop	Salmonella enterica	SARB_57		SU63		primary isolation host	0	=	0	none	resistant	no_plaques	not_evaluated		not_evaluated		Stationary-phase bacteria, double-layer plaque assay, 30 C overnight; EOP is average PFU on target divided by average PFU on host, three measurements.	curated	high	Imported from S1 Table; blank source cells were not treated as measured interactions.
mirzaei2015_sarb_67_su63_eop	MirzaeiNilsson2015_EOP	supplement	25794006	10.1371/journal.pone.0118557	eop	Salmonella enterica	SARB_67		SU63		primary isolation host	< 0.001	<	0.001	none	resistant	no_plaques	not_evaluated		not_evaluated		Stationary-phase bacteria, double-layer plaque assay, 30 C overnight; EOP is average PFU on target divided by average PFU on host, three measurements.	curated	high	Imported from S1 Table; blank source cells were not treated as measured interactions.
