interaction_id	source_key	source_type	pmid	doi	assay_type	bacterium	strain	bacterial_accession	phage	phage_accession	reference_host	raw_eop	eop_relation	eop_value	eop_class	susceptibility_label	plaque_result	anti_crispr_status	anti_crispr_genes	crispr_interference_evidence	other_defense_evidence	experimental_conditions	curation_status	curation_confidence	notes
pa14_jbd18_plaque	Cady2012_PA14_CRISPR	paper		10.1128/JB.01184-12	plaque_assay	Pseudomonas aeruginosa	PA14	NC_008463.1	JBD18	JX495041.1	PA14 delta CRISPR/cas	not reported	not_reported		not_reported	resistant	no_plaques	absent		experimental		LB agar, 37 C overnight plaque/spot assay	curated	medium	Cady et al. report JBD18 replication blocked by the endogenous PA14 type I-F CRISPR-Cas system; figure-based plaque assay, not a numeric EOP table.
pa14_jbd25_plaque	Cady2012_PA14_CRISPR	paper		10.1128/JB.01184-12	plaque_assay	Pseudomonas aeruginosa	PA14	NC_008463.1	JBD25	JX495042.1	PA14 delta CRISPR/cas	not reported	not_reported		not_reported	resistant	no_plaques	absent		experimental		LB agar, 37 C overnight plaque/spot assay	curated	medium	Cady et al. report JBD25 replication blocked by endogenous PA14 CRISPR-Cas and linked to CRISPR1 spacer targeting; no numeric EOP extracted yet.
pa14_jbd67_plaque	Cady2012_PA14_CRISPR	paper		10.1128/JB.01184-12	plaque_assay	Pseudomonas aeruginosa	PA14	NC_008463.1	JBD67	JX495043.1	PA14 delta CRISPR/cas	not reported	not_reported		not_reported	resistant	no_plaques	absent		experimental		LB agar, 37 C overnight plaque/spot assay	curated	medium	Cady et al. report JBD67 replication blocked by endogenous PA14 CRISPR-Cas; figure-based plaque assay, not a numeric EOP table.
dgcc7710_s4_2972_eop	Magadan2012_CRISPR3	paper		10.1371/journal.pone.0040913	eop	Streptococcus thermophilus	DGCC7710_phi2972_plus_S4	CP025216.1	2972	AY699705.1;NC_007019.1	DGCC7710	6.7e-6	=	6.7e-6	trace	resistant	pinpoint_plaques	absent		experimental		LM17-CaCl2, OD600 0.6 before plating, EOP mean of at least three assays	curated	high	Table 3 reports EOP (6.7 +/- 5.4)e-6 for BIM S4 with CRISPR1 spacer S4.
dgcc7710_s85_2972_eop	Magadan2012_CRISPR3	paper		10.1371/journal.pone.0040913	eop	Streptococcus thermophilus	DGCC7710_phi2972_plus_S85	CP025216.1	2972	AY699705.1;NC_007019.1	DGCC7710	3.0e-6	=	3.0e-6	trace	resistant	pinpoint_plaques	absent		experimental		LM17-CaCl2, OD600 0.6 before plating, EOP mean of at least three assays	curated	high	Table 3 reports EOP (3.0 +/- 2.0)e-6 for BIM S85 with CRISPR1 spacer S85.
dgcc7710_s73_2972_eop	Magadan2012_CRISPR3	paper		10.1371/journal.pone.0040913	eop	Streptococcus thermophilus	DGCC7710_phi2972_plus_S73	CP025216.1	2972	AY699705.1;NC_007019.1	DGCC7710	3.6e-4	=	3.6e-4	trace	resistant	pinpoint_plaques	absent		experimental		LM17-CaCl2, OD600 0.6 before plating, EOP mean of at least three assays	curated	high	Table 3 reports EOP (3.6 +/- 1.7)e-4 for BIM S73 with CRISPR3 spacer S73.
dgcc7710_s77_2972_eop	Magadan2012_CRISPR3	paper		10.1371/journal.pone.0040913	eop	Streptococcus thermophilus	DGCC7710_phi2972_plus_S77	CP025216.1	2972	AY699705.1;NC_007019.1	DGCC7710	9.6e-6	=	9.6e-6	trace	resistant	pinpoint_plaques	absent		experimental		LM17-CaCl2, OD600 0.6 before plating, EOP mean of at least three assays	curated	high	Table 3 reports EOP (9.6 +/- 0.8)e-6 for BIM S77 with CRISPR3 spacer S77.
dgcc7710_s79_2972_eop	Magadan2012_CRISPR3	paper		10.1371/journal.pone.0040913	eop	Streptococcus thermophilus	DGCC7710_phi2972_plus_S79	CP025216.1	2972	AY699705.1;NC_007019.1	DGCC7710	6.9e-6	=	6.9e-6	trace	resistant	pinpoint_plaques	absent		experimental		LM17-CaCl2, OD600 0.6 before plating, EOP mean of at least three assays	curated	high	Table 3 reports EOP (6.9 +/- 4.0)e-6 for BIM S79 with CRISPR3 spacer S79.
dgcc7710_s81_2972_eop	Magadan2012_CRISPR3	paper		10.1371/journal.pone.0040913	eop	Streptococcus thermophilus	DGCC7710_phi2972_plus_S81	CP025216.1	2972	AY699705.1;NC_007019.1	DGCC7710	1.1e-5	=	1.1e-5	trace	resistant	pinpoint_plaques	absent		experimental		LM17-CaCl2, OD600 0.6 before plating, EOP mean of at least three assays	curated	high	Table 3 reports EOP (1.1 +/- 0.4)e-5 for BIM S81 with CRISPR3 spacer S81.
dgcc7710_s82_2972_eop	Magadan2012_CRISPR3	paper		10.1371/journal.pone.0040913	eop	Streptococcus thermophilus	DGCC7710_phi2972_plus_S82	CP025216.1	2972	AY699705.1;NC_007019.1	DGCC7710	9.4e-6	=	9.4e-6	trace	resistant	pinpoint_plaques	absent		experimental		LM17-CaCl2, OD600 0.6 before plating, EOP mean of at least three assays	curated	high	Table 3 reports EOP (9.4 +/- 3.0)e-6 for BIM S82 with CRISPR3 spacer S82.
dgcc7710_s61_s85_2972_eop	Magadan2012_CRISPR3	paper		10.1371/journal.pone.0040913	eop	Streptococcus thermophilus	DGCC7710_phi2972_plus_S61_S85	CP025216.1	2972	AY699705.1;NC_007019.1	DGCC7710	<1e-8	<	1e-8	none	resistant	no_plaques	absent		experimental		LM17-CaCl2, OD600 0.6 before plating, EOP mean of at least three assays	curated	high	Table 3 reports EOP <1e-8 for BIM S61/S85 with CRISPR3 spacer S61 and CRISPR1 spacer S85.
dgcc7710_s75_s86_2972_eop	Magadan2012_CRISPR3	paper		10.1371/journal.pone.0040913	eop	Streptococcus thermophilus	DGCC7710_phi2972_plus_S75_S86	CP025216.1	2972	AY699705.1;NC_007019.1	DGCC7710	<1e-8	<	1e-8	none	resistant	no_plaques	absent		experimental		LM17-CaCl2, OD600 0.6 before plating, EOP mean of at least three assays	curated	high	Table 3 reports EOP <1e-8 for BIM S75/S86 with CRISPR3 spacer S75 and CRISPR1 spacer S86.
dgcc7710_s61_s78_2972_eop	Magadan2012_CRISPR3	paper		10.1371/journal.pone.0040913	eop	Streptococcus thermophilus	DGCC7710_phi2972_plus_S61_S78	CP025216.1	2972	AY699705.1;NC_007019.1	DGCC7710	<1e-8	<	1e-8	none	resistant	no_plaques	absent		experimental		LM17-CaCl2, OD600 0.6 before plating, EOP mean of at least three assays	curated	high	Table 3 reports EOP <1e-8 for BIM S61/S78 with CRISPR3 spacers S61 and S78.
mirzaei2015_ecor_4_su10_eop	MirzaeiNilsson2015_EOP	supplement	25794006	10.1371/journal.pone.0118557	eop	Escherichia coli	ECOR_4		SU10		primary isolation host	< 0.001	<	0.001	none	resistant	no_plaques	not_evaluated		not_evaluated	P2 prophage marker: 4	Stationary-phase bacteria, double-layer plaque assay, 30 C overnight; EOP is average PFU on target divided by average PFU on host, three measurements.	curated	high	Imported from S1 Table; blank source cells were not treated as measured interactions.
mirzaei2015_ecor_4_su16_eop	MirzaeiNilsson2015_EOP	supplement	25794006	10.1371/journal.pone.0118557	eop	Escherichia coli	ECOR_4		SU16		primary isolation host	0.04±0.02	=	0.04	low	reduced_susceptibility	pinpoint_plaques	not_evaluated		not_evaluated	P2 prophage marker: 4	Stationary-phase bacteria, double-layer plaque assay, 30 C overnight; EOP is average PFU on target divided by average PFU on host, three measurements.	curated	high	Imported from S1 Table; blank source cells were not treated as measured interactions.
mirzaei2015_ecor_4_su27_eop	MirzaeiNilsson2015_EOP	supplement	25794006	10.1371/journal.pone.0118557	eop	Escherichia coli	ECOR_4		SU27		primary isolation host	< 0.001	<	0.001	none	resistant	no_plaques	not_evaluated		not_evaluated	P2 prophage marker: 4	Stationary-phase bacteria, double-layer plaque assay, 30 C overnight; EOP is average PFU on target divided by average PFU on host, three measurements.	curated	high	Imported from S1 Table; blank source cells were not treated as measured interactions.
mirzaei2015_ecor_4_su32_eop	MirzaeiNilsson2015_EOP	supplement	25794006	10.1371/journal.pone.0118557	eop	Escherichia coli	ECOR_4		SU32		primary isolation host	0	=	0	none	resistant	no_plaques	not_evaluated		not_evaluated	P2 prophage marker: 4	Stationary-phase bacteria, double-layer plaque assay, 30 C overnight; EOP is average PFU on target divided by average PFU on host, three measurements.	curated	high	Imported from S1 Table; blank source cells were not treated as measured interactions.
mirzaei2015_ecor_4_su63_eop	MirzaeiNilsson2015_EOP	supplement	25794006	10.1371/journal.pone.0118557	eop	Escherichia coli	ECOR_4		SU63		primary isolation host	< 0.001	<	0.001	none	resistant	no_plaques	not_evaluated		not_evaluated	P2 prophage marker: 4	Stationary-phase bacteria, double-layer plaque assay, 30 C overnight; EOP is average PFU on target divided by average PFU on host, three measurements.	curated	high	Imported from S1 Table; blank source cells were not treated as measured interactions.
mirzaei2015_ecor_5_su27_eop	MirzaeiNilsson2015_EOP	supplement	25794006	10.1371/journal.pone.0118557	eop	Escherichia coli	ECOR_5		SU27		primary isolation host	0	=	0	none	resistant	no_plaques	not_evaluated		not_evaluated	P2 prophage marker: 3	Stationary-phase bacteria, double-layer plaque assay, 30 C overnight; EOP is average PFU on target divided by average PFU on host, three measurements.	curated	high	Imported from S1 Table; blank source cells were not treated as measured interactions.
mirzaei2015_ecor_6_su57_eop	MirzaeiNilsson2015_EOP	supplement	25794006	10.1371/journal.pone.0118557	eop	Escherichia coli	ECOR_6		SU57		primary isolation host	< 0.001	<	0.001	none	resistant	no_plaques	not_evaluated		not_evaluated	P2 prophage marker: -	Stationary-phase bacteria, double-layer plaque assay, 30 C overnight; EOP is average PFU on target divided by average PFU on host, three measurements.	curated	high	Imported from S1 Table; blank source cells were not treated as measured interactions.
mirzaei2015_ecor_8_su63_eop	MirzaeiNilsson2015_EOP	supplement	25794006	10.1371/journal.pone.0118557	eop	Escherichia coli	ECOR_8		SU63		primary isolation host	0	=	0	none	resistant	no_plaques	not_evaluated		not_evaluated	P2 prophage marker: -	Stationary-phase bacteria, double-layer plaque assay, 30 C overnight; EOP is average PFU on target divided by average PFU on host, three measurements.	curated	high	Imported from S1 Table; blank source cells were not treated as measured interactions.
mirzaei2015_ecor_10_su10_eop	MirzaeiNilsson2015_EOP	supplement	25794006	10.1371/journal.pone.0118557	eop	Escherichia coli	ECOR_10		SU10		primary isolation host	1.0	=	1	high	susceptible	clear_plaques	not_evaluated		not_evaluated	P2 prophage marker: 2	Stationary-phase bacteria, double-layer plaque assay, 30 C overnight; EOP is average PFU on target divided by average PFU on host, three measurements.	curated	high	Imported from S1 Table; blank source cells were not treated as measured interactions.
mirzaei2015_ecor_10_su16_eop	MirzaeiNilsson2015_EOP	supplement	25794006	10.1371/journal.pone.0118557	eop	Escherichia coli	ECOR_10		SU16		primary isolation host	0.006±0.003	=	0.006	low	reduced_susceptibility	pinpoint_plaques	not_evaluated		not_evaluated	P2 prophage marker: 2	Stationary-phase bacteria, double-layer plaque assay, 30 C overnight; EOP is average PFU on target divided by average PFU on host, three measurements.	curated	high	Imported from S1 Table; blank source cells were not treated as measured interactions.
mirzaei2015_ecor_10_su27_eop	MirzaeiNilsson2015_EOP	supplement	25794006	10.1371/journal.pone.0118557	eop	Escherichia coli	ECOR_10		SU27		primary isolation host	0	=	0	none	resistant	no_plaques	not_evaluated		not_evaluated	P2 prophage marker: 2	Stationary-phase bacteria, double-layer plaque assay, 30 C overnight; EOP is average PFU on target divided by average PFU on host, three measurements.	curated	high	Imported from S1 Table; blank source cells were not treated as measured interactions.
mirzaei2015_ecor_10_su63_eop	MirzaeiNilsson2015_EOP	supplement	25794006	10.1371/journal.pone.0118557	eop	Escherichia coli	ECOR_10		SU63		primary isolation host	0.25±0.22	=	0.25	medium	susceptible	clear_plaques	not_evaluated		not_evaluated	P2 prophage marker: 2	Stationary-phase bacteria, double-layer plaque assay, 30 C overnight; EOP is average PFU on target divided by average PFU on host, three measurements.	curated	high	Imported from S1 Table; blank source cells were not treated as measured interactions.
mirzaei2015_ecor_13_su10_eop	MirzaeiNilsson2015_EOP	supplement	25794006	10.1371/journal.pone.0118557	eop	Escherichia coli	ECOR_13		SU10		primary isolation host	0	=	0	none	resistant	no_plaques	not_evaluated		not_evaluated	P2 prophage marker: 1	Stationary-phase bacteria, double-layer plaque assay, 30 C overnight; EOP is average PFU on target divided by average PFU on host, three measurements.	curated	high	Imported from S1 Table; blank source cells were not treated as measured interactions.
mirzaei2015_ecor_13_su27_eop	MirzaeiNilsson2015_EOP	supplement	25794006	10.1371/journal.pone.0118557	eop	Escherichia coli	ECOR_13		SU27		primary isolation host	< 0.001	<	0.001	none	resistant	no_plaques	not_evaluated		not_evaluated	P2 prophage marker: 1	Stationary-phase bacteria, double-layer plaque assay, 30 C overnight; EOP is average PFU on target divided by average PFU on host, three measurements.	curated	high	Imported from S1 Table; blank source cells were not treated as measured interactions.
mirzaei2015_ecor_15_su32_eop	MirzaeiNilsson2015_EOP	supplement	25794006	10.1371/journal.pone.0118557	eop	Escherichia coli	ECOR_15		SU32		primary isolation host	0.003±0.002	=	0.003	low	reduced_susceptibility	pinpoint_plaques	not_evaluated		not_evaluated	colicin/plasmid marker: Ia; P2 prophage marker: 2	Stationary-phase bacteria, double-layer plaque assay, 30 C overnight; EOP is average PFU on target divided by average PFU on host, three measurements.	curated	high	Imported from S1 Table; blank source cells were not treated as measured interactions.
mirzaei2015_ecor_16_su16_eop	MirzaeiNilsson2015_EOP	supplement	25794006	10.1371/journal.pone.0118557	eop	Escherichia coli	ECOR_16		SU16		primary isolation host	1.0	=	1	high	susceptible	clear_plaques	not_evaluated		not_evaluated	P2 prophage marker: -	Stationary-phase bacteria, double-layer plaque assay, 30 C overnight; EOP is average PFU on target divided by average PFU on host, three measurements.	curated	high	Imported from S1 Table; blank source cells were not treated as measured interactions.
mirzaei2015_ecor_16_su27_eop	MirzaeiNilsson2015_EOP	supplement	25794006	10.1371/journal.pone.0118557	eop	Escherichia coli	ECOR_16		SU27		primary isolation host	0.4±0.2	=	0.4	medium	susceptible	clear_plaques	not_evaluated		not_evaluated	P2 prophage marker: -	Stationary-phase bacteria, double-layer plaque assay, 30 C overnight; EOP is average PFU on target divided by average PFU on host, three measurements.	curated	high	Imported from S1 Table; blank source cells were not treated as measured interactions.
mirzaei2015_ecor_16_su32_eop	MirzaeiNilsson2015_EOP	supplement	25794006	10.1371/journal.pone.0118557	eop	Escherichia coli	ECOR_16		SU32		primary isolation host	0	=	0	none	resistant	no_plaques	not_evaluated		not_evaluated	P2 prophage marker: -	Stationary-phase bacteria, double-layer plaque assay, 30 C overnight; EOP is average PFU on target divided by average PFU on host, three measurements.	curated	high	Imported from S1 Table; blank source cells were not treated as measured interactions.
mirzaei2015_ecor_16_su63_eop	MirzaeiNilsson2015_EOP	supplement	25794006	10.1371/journal.pone.0118557	eop	Escherichia coli	ECOR_16		SU63		primary isolation host	0.11±0.06	=	0.11	medium	susceptible	clear_plaques	not_evaluated		not_evaluated	P2 prophage marker: -	Stationary-phase bacteria, double-layer plaque assay, 30 C overnight; EOP is average PFU on target divided by average PFU on host, three measurements.	curated	high	Imported from S1 Table; blank source cells were not treated as measured interactions.
mirzaei2015_ecor_19_su16_eop	MirzaeiNilsson2015_EOP	supplement	25794006	10.1371/journal.pone.0118557	eop	Escherichia coli	ECOR_19		SU16		primary isolation host	0	=	0	none	resistant	no_plaques	not_evaluated		not_evaluated	P2 prophage marker: -	Stationary-phase bacteria, double-layer plaque assay, 30 C overnight; EOP is average PFU on target divided by average PFU on host, three measurements.	curated	high	Imported from S1 Table; blank source cells were not treated as measured interactions.
mirzaei2015_ecor_20_su16_eop	MirzaeiNilsson2015_EOP	supplement	25794006	10.1371/journal.pone.0118557	eop	Escherichia coli	ECOR_20		SU16		primary isolation host	< 0.001	<	0.001	none	resistant	no_plaques	not_evaluated		not_evaluated	P2 prophage marker: -	Stationary-phase bacteria, double-layer plaque assay, 30 C overnight; EOP is average PFU on target divided by average PFU on host, three measurements.	curated	high	Imported from S1 Table; blank source cells were not treated as measured interactions.
mirzaei2015_ecor_20_su27_eop	MirzaeiNilsson2015_EOP	supplement	25794006	10.1371/journal.pone.0118557	eop	Escherichia coli	ECOR_20		SU27		primary isolation host	< 0.001	<	0.001	none	resistant	no_plaques	not_evaluated		not_evaluated	P2 prophage marker: -	Stationary-phase bacteria, double-layer plaque assay, 30 C overnight; EOP is average PFU on target divided by average PFU on host, three measurements.	curated	high	Imported from S1 Table; blank source cells were not treated as measured interactions.
mirzaei2015_ecor_21_su16_eop	MirzaeiNilsson2015_EOP	supplement	25794006	10.1371/journal.pone.0118557	eop	Escherichia coli	ECOR_21		SU16		primary isolation host	< 0.001	<	0.001	none	resistant	no_plaques	not_evaluated		not_evaluated	P2 prophage marker: -	Stationary-phase bacteria, double-layer plaque assay, 30 C overnight; EOP is average PFU on target divided by average PFU on host, three measurements.	curated	high	Imported from S1 Table; blank source cells were not treated as measured interactions.
mirzaei2015_ecor_22_su27_eop	MirzaeiNilsson2015_EOP	supplement	25794006	10.1371/journal.pone.0118557	eop	Escherichia coli	ECOR_22		SU27		primary isolation host	< 0.001	<	0.001	none	resistant	no_plaques	not_evaluated		not_evaluated	P2 prophage marker: -	Stationary-phase bacteria, double-layer plaque assay, 30 C overnight; EOP is average PFU on target divided by average PFU on host, three measurements.	curated	high	Imported from S1 Table; blank source cells were not treated as measured interactions.
mirzaei2015_ecor_22_su63_eop	MirzaeiNilsson2015_EOP	supplement	25794006	10.1371/journal.pone.0118557	eop	Escherichia coli	ECOR_22		SU63		primary isolation host	< 0.001	<	0.001	none	resistant	no_plaques	not_evaluated		not_evaluated	P2 prophage marker: -	Stationary-phase bacteria, double-layer plaque assay, 30 C overnight; EOP is average PFU on target divided by average PFU on host, three measurements.	curated	high	Imported from S1 Table; blank source cells were not treated as measured interactions.
mirzaei2015_ecor_23_su10_eop	MirzaeiNilsson2015_EOP	supplement	25794006	10.1371/journal.pone.0118557	eop	Escherichia coli	ECOR_23		SU10		primary isolation host	0.76±0.07	=	0.76	high	susceptible	clear_plaques	not_evaluated		not_evaluated	P2 prophage marker: -	Stationary-phase bacteria, double-layer plaque assay, 30 C overnight; EOP is average PFU on target divided by average PFU on host, three measurements.	curated	high	Imported from S1 Table; blank source cells were not treated as measured interactions.
mirzaei2015_ecor_23_su16_eop	MirzaeiNilsson2015_EOP	supplement	25794006	10.1371/journal.pone.0118557	eop	Escherichia coli	ECOR_23		SU16		primary isolation host	0.10±0.01	=	0.1	medium	susceptible	clear_plaques	not_evaluated		not_evaluated	P2 prophage marker: -	Stationary-phase bacteria, double-layer plaque assay, 30 C overnight; EOP is average PFU on target divided by average PFU on host, three measurements.	curated	high	Imported from S1 Table; blank source cells were not treated as measured interactions.
mirzaei2015_ecor_23_su27_eop	MirzaeiNilsson2015_EOP	supplement	25794006	10.1371/journal.pone.0118557	eop	Escherichia coli	ECOR_23		SU27		primary isolation host	< 0.001	<	0.001	none	resistant	no_plaques	not_evaluated		not_evaluated	P2 prophage marker: -	Stationary-phase bacteria, double-layer plaque assay, 30 C overnight; EOP is average PFU on target divided by average PFU on host, three measurements.	curated	high	Imported from S1 Table; blank source cells were not treated as measured interactions.
mirzaei2015_ecor_23_su32_eop	MirzaeiNilsson2015_EOP	supplement	25794006	10.1371/journal.pone.0118557	eop	Escherichia coli	ECOR_23		SU32		primary isolation host	< 0.001	<	0.001	none	resistant	no_plaques	not_evaluated		not_evaluated	P2 prophage marker: -	Stationary-phase bacteria, double-layer plaque assay, 30 C overnight; EOP is average PFU on target divided by average PFU on host, three measurements.	curated	high	Imported from S1 Table; blank source cells were not treated as measured interactions.
mirzaei2015_ecor_23_su63_eop	MirzaeiNilsson2015_EOP	supplement	25794006	10.1371/journal.pone.0118557	eop	Escherichia coli	ECOR_23		SU63		primary isolation host	0.004±0.002	=	0.004	low	reduced_susceptibility	pinpoint_plaques	not_evaluated		not_evaluated	P2 prophage marker: -	Stationary-phase bacteria, double-layer plaque assay, 30 C overnight; EOP is average PFU on target divided by average PFU on host, three measurements.	curated	high	Imported from S1 Table; blank source cells were not treated as measured interactions.
mirzaei2015_ecor_24_su10_eop	MirzaeiNilsson2015_EOP	supplement	25794006	10.1371/journal.pone.0118557	eop	Escherichia coli	ECOR_24		SU10		primary isolation host	< 0.001	<	0.001	none	resistant	no_plaques	not_evaluated		not_evaluated	colicin/plasmid marker: E(E1); P2 prophage marker: -	Stationary-phase bacteria, double-layer plaque assay, 30 C overnight; EOP is average PFU on target divided by average PFU on host, three measurements.	curated	high	Imported from S1 Table; blank source cells were not treated as measured interactions.
mirzaei2015_ecor_26_su27_eop	MirzaeiNilsson2015_EOP	supplement	25794006	10.1371/journal.pone.0118557	eop	Escherichia coli	ECOR_26		SU27		primary isolation host	0.24±0.02	=	0.24	medium	susceptible	clear_plaques	not_evaluated		not_evaluated	P2 prophage marker: 1	Stationary-phase bacteria, double-layer plaque assay, 30 C overnight; EOP is average PFU on target divided by average PFU on host, three measurements.	curated	high	Imported from S1 Table; blank source cells were not treated as measured interactions.
mirzaei2015_ecor_26_su32_eop	MirzaeiNilsson2015_EOP	supplement	25794006	10.1371/journal.pone.0118557	eop	Escherichia coli	ECOR_26		SU32		primary isolation host	0.0012±0.0002	=	0.0012	low	reduced_susceptibility	pinpoint_plaques	not_evaluated		not_evaluated	P2 prophage marker: 1	Stationary-phase bacteria, double-layer plaque assay, 30 C overnight; EOP is average PFU on target divided by average PFU on host, three measurements.	curated	high	Imported from S1 Table; blank source cells were not treated as measured interactions.
mirzaei2015_ecor_26_su63_eop	MirzaeiNilsson2015_EOP	supplement	25794006	10.1371/journal.pone.0118557	eop	Escherichia coli	ECOR_26		SU63		primary isolation host	< 0.001	<	0.001	none	resistant	no_plaques	not_evaluated		not_evaluated	P2 prophage marker: 1	Stationary-phase bacteria, double-layer plaque assay, 30 C overnight; EOP is average PFU on target divided by average PFU on host, three measurements.	curated	high	Imported from S1 Table; blank source cells were not treated as measured interactions.
mirzaei2015_ecor_27_su16_eop	MirzaeiNilsson2015_EOP	supplement	25794006	10.1371/journal.pone.0118557	eop	Escherichia coli	ECOR_27		SU16		primary isolation host	0.55±0.06	=	0.55	high	susceptible	clear_plaques	not_evaluated		not_evaluated	P2 prophage marker: -	Stationary-phase bacteria, double-layer plaque assay, 30 C overnight; EOP is average PFU on target divided by average PFU on host, three measurements.	curated	high	Imported from S1 Table; blank source cells were not treated as measured interactions.
mirzaei2015_ecor_27_su27_eop	MirzaeiNilsson2015_EOP	supplement	25794006	10.1371/journal.pone.0118557	eop	Escherichia coli	ECOR_27		SU27		primary isolation host	1.0	=	1	high	susceptible	clear_plaques	not_evaluated		not_evaluated	P2 prophage marker: -	Stationary-phase bacteria, double-layer plaque assay, 30 C overnight; EOP is average PFU on target divided by average PFU on host, three measurements.	curated	high	Imported from S1 Table; blank source cells were not treated as measured interactions.
mirzaei2015_ecor_27_su32_eop	MirzaeiNilsson2015_EOP	supplement	25794006	10.1371/journal.pone.0118557	eop	Escherichia coli	ECOR_27		SU32		primary isolation host	0.005±0.005	=	0.005	low	reduced_susceptibility	pinpoint_plaques	not_evaluated		not_evaluated	P2 prophage marker: -	Stationary-phase bacteria, double-layer plaque assay, 30 C overnight; EOP is average PFU on target divided by average PFU on host, three measurements.	curated	high	Imported from S1 Table; blank source cells were not treated as measured interactions.
mirzaei2015_ecor_27_su63_eop	MirzaeiNilsson2015_EOP	supplement	25794006	10.1371/journal.pone.0118557	eop	Escherichia coli	ECOR_27		SU63		primary isolation host	< 0.001	<	0.001	none	resistant	no_plaques	not_evaluated		not_evaluated	P2 prophage marker: -	Stationary-phase bacteria, double-layer plaque assay, 30 C overnight; EOP is average PFU on target divided by average PFU on host, three measurements.	curated	high	Imported from S1 Table; blank source cells were not treated as measured interactions.
mirzaei2015_ecor_29_su16_eop	MirzaeiNilsson2015_EOP	supplement	25794006	10.1371/journal.pone.0118557	eop	Escherichia coli	ECOR_29		SU16		primary isolation host	< 0.001	<	0.001	none	resistant	no_plaques	not_evaluated		not_evaluated	P2 prophage marker: -	Stationary-phase bacteria, double-layer plaque assay, 30 C overnight; EOP is average PFU on target divided by average PFU on host, three measurements.	curated	high	Imported from S1 Table; blank source cells were not treated as measured interactions.
mirzaei2015_ecor_29_su27_eop	MirzaeiNilsson2015_EOP	supplement	25794006	10.1371/journal.pone.0118557	eop	Escherichia coli	ECOR_29		SU27		primary isolation host	0.001	=	0.001	low	reduced_susceptibility	pinpoint_plaques	not_evaluated		not_evaluated	P2 prophage marker: -	Stationary-phase bacteria, double-layer plaque assay, 30 C overnight; EOP is average PFU on target divided by average PFU on host, three measurements.	curated	high	Imported from S1 Table; blank source cells were not treated as measured interactions.
mirzaei2015_ecor_29_su63_eop	MirzaeiNilsson2015_EOP	supplement	25794006	10.1371/journal.pone.0118557	eop	Escherichia coli	ECOR_29		SU63		primary isolation host	0	=	0	none	resistant	no_plaques	not_evaluated		not_evaluated	P2 prophage marker: -	Stationary-phase bacteria, double-layer plaque assay, 30 C overnight; EOP is average PFU on target divided by average PFU on host, three measurements.	curated	high	Imported from S1 Table; blank source cells were not treated as measured interactions.
mirzaei2015_ecor_30_su16_eop	MirzaeiNilsson2015_EOP	supplement	25794006	10.1371/journal.pone.0118557	eop	Escherichia coli	ECOR_30		SU16		primary isolation host	< 0.001	<	0.001	none	resistant	no_plaques	not_evaluated		not_evaluated	P2 prophage marker: 4	Stationary-phase bacteria, double-layer plaque assay, 30 C overnight; EOP is average PFU on target divided by average PFU on host, three measurements.	curated	high	Imported from S1 Table; blank source cells were not treated as measured interactions.
mirzaei2015_ecor_30_su27_eop	MirzaeiNilsson2015_EOP	supplement	25794006	10.1371/journal.pone.0118557	eop	Escherichia coli	ECOR_30		SU27		primary isolation host	0.015±0.003	=	0.015	low	reduced_susceptibility	pinpoint_plaques	not_evaluated		not_evaluated	P2 prophage marker: 4	Stationary-phase bacteria, double-layer plaque assay, 30 C overnight; EOP is average PFU on target divided by average PFU on host, three measurements.	curated	high	Imported from S1 Table; blank source cells were not treated as measured interactions.
mirzaei2015_ecor_30_su63_eop	MirzaeiNilsson2015_EOP	supplement	25794006	10.1371/journal.pone.0118557	eop	Escherichia coli	ECOR_30		SU63		primary isolation host	< 0.001	<	0.001	none	resistant	no_plaques	not_evaluated		not_evaluated	P2 prophage marker: 4	Stationary-phase bacteria, double-layer plaque assay, 30 C overnight; EOP is average PFU on target divided by average PFU on host, three measurements.	curated	high	Imported from S1 Table; blank source cells were not treated as measured interactions.
mirzaei2015_ecor_32_su10_eop	MirzaeiNilsson2015_EOP	supplement	25794006	10.1371/journal.pone.0118557	eop	Escherichia coli	ECOR_32		SU10		primary isolation host	0.90±0.08	=	0.9	high	susceptible	clear_plaques	not_evaluated		not_evaluated	P2 prophage marker: -	Stationary-phase bacteria, double-layer plaque assay, 30 C overnight; EOP is average PFU on target divided by average PFU on host, three measurements.	curated	high	Imported from S1 Table; blank source cells were not treated as measured interactions.
mirzaei2015_ecor_32_su16_eop	MirzaeiNilsson2015_EOP	supplement	25794006	10.1371/journal.pone.0118557	eop	Escherichia coli	ECOR_32		SU16		primary isolation host	1.1±0.3	=	1.1	high	susceptible	clear_plaques	not_evaluated		not_evaluated	P2 prophage marker: -	Stationary-phase bacteria, double-layer plaque assay, 30 C overnight; EOP is average PFU on target divided by average PFU on host, three measurements.	curated	high	Imported from S1 Table; blank source cells were not treated as measured interactions.
mirzaei2015_ecor_32_su27_eop	MirzaeiNilsson2015_EOP	supplement	25794006	10.1371/journal.pone.0118557	eop	Escherichia coli	ECOR_32		SU27		primary isolation host	0.006±0.001	=	0.006	low	reduced_susceptibility	pinpoint_plaques	not_evaluated		not_evaluated	P2 prophage marker: -	Stationary-phase bacteria, double-layer plaque assay, 30 C overnight; EOP is average PFU on target divided by average PFU on host, three measurements.	curated	high	Imported from S1 Table; blank source cells were not treated as measured interactions.
mirzaei2015_ecor_32_su32_eop	MirzaeiNilsson2015_EOP	supplement	25794006	10.1371/journal.pone.0118557	eop	Escherichia coli	ECOR_32		SU32		primary isolation host	1.0	=	1	high	susceptible	clear_plaques	not_evaluated		not_evaluated	P2 prophage marker: -	Stationary-phase bacteria, double-layer plaque assay, 30 C overnight; EOP is average PFU on target divided by average PFU on host, three measurements.	curated	high	Imported from S1 Table; blank source cells were not treated as measured interactions.
mirzaei2015_ecor_33_su10_eop	MirzaeiNilsson2015_EOP	supplement	25794006	10.1371/journal.pone.0118557	eop	Escherichia coli	ECOR_33		SU10		primary isolation host	0.068±0.001	=	0.068	low	reduced_susceptibility	pinpoint_plaques	not_evaluated		not_evaluated	P2 prophage marker: -	Stationary-phase bacteria, double-layer plaque assay, 30 C overnight; EOP is average PFU on target divided by average PFU on host, three measurements.	curated	high	Imported from S1 Table; blank source cells were not treated as measured interactions.
mirzaei2015_ecor_33_su16_eop	MirzaeiNilsson2015_EOP	supplement	25794006	10.1371/journal.pone.0118557	eop	Escherichia coli	ECOR_33		SU16		primary isolation host	0.011±0.008	=	0.011	low	reduced_susceptibility	pinpoint_plaques	not_evaluated		not_evaluated	P2 prophage marker: -	Stationary-phase bacteria, double-layer plaque assay, 30 C overnight; EOP is average PFU on target divided by average PFU on host, three measurements.	curated	high	Imported from S1 Table; blank source cells were not treated as measured interactions.
mirzaei2015_ecor_33_su27_eop	MirzaeiNilsson2015_EOP	supplement	25794006	10.1371/journal.pone.0118557	eop	Escherichia coli	ECOR_33		SU27		primary isolation host	0.002±0.001	=	0.002	low	reduced_susceptibility	pinpoint_plaques	not_evaluated		not_evaluated	P2 prophage marker: -	Stationary-phase bacteria, double-layer plaque assay, 30 C overnight; EOP is average PFU on target divided by average PFU on host, three measurements.	curated	high	Imported from S1 Table; blank source cells were not treated as measured interactions.
mirzaei2015_ecor_34_su16_eop	MirzaeiNilsson2015_EOP	supplement	25794006	10.1371/journal.pone.0118557	eop	Escherichia coli	ECOR_34		SU16		primary isolation host	< 0.001	<	0.001	none	resistant	no_plaques	not_evaluated		not_evaluated	colicin/plasmid marker: Ia; P2 prophage marker: -	Stationary-phase bacteria, double-layer plaque assay, 30 C overnight; EOP is average PFU on target divided by average PFU on host, three measurements.	curated	high	Imported from S1 Table; blank source cells were not treated as measured interactions.
mirzaei2015_ecor_34_su27_eop	MirzaeiNilsson2015_EOP	supplement	25794006	10.1371/journal.pone.0118557	eop	Escherichia coli	ECOR_34		SU27		primary isolation host	0	=	0	none	resistant	no_plaques	not_evaluated		not_evaluated	colicin/plasmid marker: Ia; P2 prophage marker: -	Stationary-phase bacteria, double-layer plaque assay, 30 C overnight; EOP is average PFU on target divided by average PFU on host, three measurements.	curated	high	Imported from S1 Table; blank source cells were not treated as measured interactions.
mirzaei2015_ecor_34_su63_eop	MirzaeiNilsson2015_EOP	supplement	25794006	10.1371/journal.pone.0118557	eop	Escherichia coli	ECOR_34		SU63		primary isolation host	0.008±0.005	=	0.008	low	reduced_susceptibility	pinpoint_plaques	not_evaluated		not_evaluated	colicin/plasmid marker: Ia; P2 prophage marker: -	Stationary-phase bacteria, double-layer plaque assay, 30 C overnight; EOP is average PFU on target divided by average PFU on host, three measurements.	curated	high	Imported from S1 Table; blank source cells were not treated as measured interactions.
mirzaei2015_ecor_35_su10_eop	MirzaeiNilsson2015_EOP	supplement	25794006	10.1371/journal.pone.0118557	eop	Escherichia coli	ECOR_35		SU10		primary isolation host	0.008±0.001	=	0.008	low	reduced_susceptibility	pinpoint_plaques	not_evaluated		not_evaluated	P2 prophage marker: -	Stationary-phase bacteria, double-layer plaque assay, 30 C overnight; EOP is average PFU on target divided by average PFU on host, three measurements.	curated	high	Imported from S1 Table; blank source cells were not treated as measured interactions.
mirzaei2015_ecor_35_su16_eop	MirzaeiNilsson2015_EOP	supplement	25794006	10.1371/journal.pone.0118557	eop	Escherichia coli	ECOR_35		SU16		primary isolation host	0.013±0.005	=	0.013	low	reduced_susceptibility	pinpoint_plaques	not_evaluated		not_evaluated	P2 prophage marker: -	Stationary-phase bacteria, double-layer plaque assay, 30 C overnight; EOP is average PFU on target divided by average PFU on host, three measurements.	curated	high	Imported from S1 Table; blank source cells were not treated as measured interactions.
mirzaei2015_ecor_35_su32_eop	MirzaeiNilsson2015_EOP	supplement	25794006	10.1371/journal.pone.0118557	eop	Escherichia coli	ECOR_35		SU32		primary isolation host	< 0.001	<	0.001	none	resistant	no_plaques	not_evaluated		not_evaluated	P2 prophage marker: -	Stationary-phase bacteria, double-layer plaque assay, 30 C overnight; EOP is average PFU on target divided by average PFU on host, three measurements.	curated	high	Imported from S1 Table; blank source cells were not treated as measured interactions.
mirzaei2015_ecor_35_su63_eop	MirzaeiNilsson2015_EOP	supplement	25794006	10.1371/journal.pone.0118557	eop	Escherichia coli	ECOR_35		SU63		primary isolation host	0.13±0.14	=	0.13	medium	susceptible	clear_plaques	not_evaluated		not_evaluated	P2 prophage marker: -	Stationary-phase bacteria, double-layer plaque assay, 30 C overnight; EOP is average PFU on target divided by average PFU on host, three measurements.	curated	high	Imported from S1 Table; blank source cells were not treated as measured interactions.
mirzaei2015_ecor_36_su10_eop	MirzaeiNilsson2015_EOP	supplement	25794006	10.1371/journal.pone.0118557	eop	Escherichia coli	ECOR_36		SU10		primary isolation host	0.60±0.08	=	0.6	high	susceptible	clear_plaques	not_evaluated		not_evaluated	colicin/plasmid marker: E(E1); P2 prophage marker: -	Stationary-phase bacteria, double-layer plaque assay, 30 C overnight; EOP is average PFU on target divided by average PFU on host, three measurements.	curated	high	Imported from S1 Table; blank source cells were not treated as measured interactions.
mirzaei2015_ecor_36_su16_eop	MirzaeiNilsson2015_EOP	supplement	25794006	10.1371/journal.pone.0118557	eop	Escherichia coli	ECOR_36		SU16		primary isolation host	0.22±0.15	=	0.22	medium	susceptible	clear_plaques	not_evaluated		not_evaluated	colicin/plasmid marker: E(E1); P2 prophage marker: -	Stationary-phase bacteria, double-layer plaque assay, 30 C overnight; EOP is average PFU on target divided by average PFU on host, three measurements.	curated	high	Imported from S1 Table; blank source cells were not treated as measured interactions.
mirzaei2015_ecor_36_su32_eop	MirzaeiNilsson2015_EOP	supplement	25794006	10.1371/journal.pone.0118557	eop	Escherichia coli	ECOR_36		SU32		primary isolation host	< 0.001	<	0.001	none	resistant	no_plaques	not_evaluated		not_evaluated	colicin/plasmid marker: E(E1); P2 prophage marker: -	Stationary-phase bacteria, double-layer plaque assay, 30 C overnight; EOP is average PFU on target divided by average PFU on host, three measurements.	curated	high	Imported from S1 Table; blank source cells were not treated as measured interactions.
mirzaei2015_ecor_36_su57_eop	MirzaeiNilsson2015_EOP	supplement	25794006	10.1371/journal.pone.0118557	eop	Escherichia coli	ECOR_36		SU57		primary isolation host	< 0.001	<	0.001	none	resistant	no_plaques	not_evaluated		not_evaluated	colicin/plasmid marker: E(E1); P2 prophage marker: -	Stationary-phase bacteria, double-layer plaque assay, 30 C overnight; EOP is average PFU on target divided by average PFU on host, three measurements.	curated	high	Imported from S1 Table; blank source cells were not treated as measured interactions.
mirzaei2015_ecor_36_su63_eop	MirzaeiNilsson2015_EOP	supplement	25794006	10.1371/journal.pone.0118557	eop	Escherichia coli	ECOR_36		SU63		primary isolation host	0.05±0.04	=	0.05	low	reduced_susceptibility	pinpoint_plaques	not_evaluated		not_evaluated	colicin/plasmid marker: E(E1); P2 prophage marker: -	Stationary-phase bacteria, double-layer plaque assay, 30 C overnight; EOP is average PFU on target divided by average PFU on host, three measurements.	curated	high	Imported from S1 Table; blank source cells were not treated as measured interactions.
mirzaei2015_ecor_37_su63_eop	MirzaeiNilsson2015_EOP	supplement	25794006	10.1371/journal.pone.0118557	eop	Escherichia coli	ECOR_37		SU63		primary isolation host	< 0.001	<	0.001	none	resistant	no_plaques	not_evaluated		not_evaluated	P2 prophage marker: -	Stationary-phase bacteria, double-layer plaque assay, 30 C overnight; EOP is average PFU on target divided by average PFU on host, three measurements.	curated	high	Imported from S1 Table; blank source cells were not treated as measured interactions.
mirzaei2015_ecor_38_su10_eop	MirzaeiNilsson2015_EOP	supplement	25794006	10.1371/journal.pone.0118557	eop	Escherichia coli	ECOR_38		SU10		primary isolation host	< 0.001	<	0.001	none	resistant	no_plaques	not_evaluated		not_evaluated	colicin/plasmid marker: Ia; P2 prophage marker: 1	Stationary-phase bacteria, double-layer plaque assay, 30 C overnight; EOP is average PFU on target divided by average PFU on host, three measurements.	curated	high	Imported from S1 Table; blank source cells were not treated as measured interactions.
mirzaei2015_ecor_38_su16_eop	MirzaeiNilsson2015_EOP	supplement	25794006	10.1371/journal.pone.0118557	eop	Escherichia coli	ECOR_38		SU16		primary isolation host	< 0.001	<	0.001	none	resistant	no_plaques	not_evaluated		not_evaluated	colicin/plasmid marker: Ia; P2 prophage marker: 1	Stationary-phase bacteria, double-layer plaque assay, 30 C overnight; EOP is average PFU on target divided by average PFU on host, three measurements.	curated	high	Imported from S1 Table; blank source cells were not treated as measured interactions.
mirzaei2015_ecor_38_su63_eop	MirzaeiNilsson2015_EOP	supplement	25794006	10.1371/journal.pone.0118557	eop	Escherichia coli	ECOR_38		SU63		primary isolation host	< 0.001	<	0.001	none	resistant	no_plaques	not_evaluated		not_evaluated	colicin/plasmid marker: Ia; P2 prophage marker: 1	Stationary-phase bacteria, double-layer plaque assay, 30 C overnight; EOP is average PFU on target divided by average PFU on host, three measurements.	curated	high	Imported from S1 Table; blank source cells were not treated as measured interactions.
mirzaei2015_ecor_39_su10_eop	MirzaeiNilsson2015_EOP	supplement	25794006	10.1371/journal.pone.0118557	eop	Escherichia coli	ECOR_39		SU10		primary isolation host	< 0.001	<	0.001	none	resistant	no_plaques	not_evaluated		not_evaluated	colicin/plasmid marker: E(E1); P2 prophage marker: 1	Stationary-phase bacteria, double-layer plaque assay, 30 C overnight; EOP is average PFU on target divided by average PFU on host, three measurements.	curated	high	Imported from S1 Table; blank source cells were not treated as measured interactions.
mirzaei2015_ecor_39_su16_eop	MirzaeiNilsson2015_EOP	supplement	25794006	10.1371/journal.pone.0118557	eop	Escherichia coli	ECOR_39		SU16		primary isolation host	0	=	0	none	resistant	no_plaques	not_evaluated		not_evaluated	colicin/plasmid marker: E(E1); P2 prophage marker: 1	Stationary-phase bacteria, double-layer plaque assay, 30 C overnight; EOP is average PFU on target divided by average PFU on host, three measurements.	curated	high	Imported from S1 Table; blank source cells were not treated as measured interactions.
mirzaei2015_ecor_40_su10_eop	MirzaeiNilsson2015_EOP	supplement	25794006	10.1371/journal.pone.0118557	eop	Escherichia coli	ECOR_40		SU10		primary isolation host	0.91±0.04	=	0.91	high	susceptible	clear_plaques	not_evaluated		not_evaluated	colicin/plasmid marker: E(E1); P2 prophage marker: -	Stationary-phase bacteria, double-layer plaque assay, 30 C overnight; EOP is average PFU on target divided by average PFU on host, three measurements.	curated	high	Imported from S1 Table; blank source cells were not treated as measured interactions.
mirzaei2015_ecor_40_su16_eop	MirzaeiNilsson2015_EOP	supplement	25794006	10.1371/journal.pone.0118557	eop	Escherichia coli	ECOR_40		SU16		primary isolation host	0.14±0.03	=	0.14	medium	susceptible	clear_plaques	not_evaluated		not_evaluated	colicin/plasmid marker: E(E1); P2 prophage marker: -	Stationary-phase bacteria, double-layer plaque assay, 30 C overnight; EOP is average PFU on target divided by average PFU on host, three measurements.	curated	high	Imported from S1 Table; blank source cells were not treated as measured interactions.
mirzaei2015_ecor_40_su27_eop	MirzaeiNilsson2015_EOP	supplement	25794006	10.1371/journal.pone.0118557	eop	Escherichia coli	ECOR_40		SU27		primary isolation host	< 0.001	<	0.001	none	resistant	no_plaques	not_evaluated		not_evaluated	colicin/plasmid marker: E(E1); P2 prophage marker: -	Stationary-phase bacteria, double-layer plaque assay, 30 C overnight; EOP is average PFU on target divided by average PFU on host, three measurements.	curated	high	Imported from S1 Table; blank source cells were not treated as measured interactions.
mirzaei2015_ecor_40_su57_eop	MirzaeiNilsson2015_EOP	supplement	25794006	10.1371/journal.pone.0118557	eop	Escherichia coli	ECOR_40		SU57		primary isolation host	< 0.001	<	0.001	none	resistant	no_plaques	not_evaluated		not_evaluated	colicin/plasmid marker: E(E1); P2 prophage marker: -	Stationary-phase bacteria, double-layer plaque assay, 30 C overnight; EOP is average PFU on target divided by average PFU on host, three measurements.	curated	high	Imported from S1 Table; blank source cells were not treated as measured interactions.
mirzaei2015_ecor_40_su63_eop	MirzaeiNilsson2015_EOP	supplement	25794006	10.1371/journal.pone.0118557	eop	Escherichia coli	ECOR_40		SU63		primary isolation host	0.11±0.01	=	0.11	medium	susceptible	clear_plaques	not_evaluated		not_evaluated	colicin/plasmid marker: E(E1); P2 prophage marker: -	Stationary-phase bacteria, double-layer plaque assay, 30 C overnight; EOP is average PFU on target divided by average PFU on host, three measurements.	curated	high	Imported from S1 Table; blank source cells were not treated as measured interactions.
mirzaei2015_ecor_41_su10_eop	MirzaeiNilsson2015_EOP	supplement	25794006	10.1371/journal.pone.0118557	eop	Escherichia coli	ECOR_41		SU10		primary isolation host	0.078±0.009	=	0.078	low	reduced_susceptibility	pinpoint_plaques	not_evaluated		not_evaluated	colicin/plasmid marker: K / N; P2 prophage marker: -	Stationary-phase bacteria, double-layer plaque assay, 30 C overnight; EOP is average PFU on target divided by average PFU on host, three measurements.	curated	high	Imported from S1 Table; blank source cells were not treated as measured interactions.
mirzaei2015_ecor_41_su16_eop	MirzaeiNilsson2015_EOP	supplement	25794006	10.1371/journal.pone.0118557	eop	Escherichia coli	ECOR_41		SU16		primary isolation host	0.05±0.03	=	0.05	low	reduced_susceptibility	pinpoint_plaques	not_evaluated		not_evaluated	colicin/plasmid marker: K / N; P2 prophage marker: -	Stationary-phase bacteria, double-layer plaque assay, 30 C overnight; EOP is average PFU on target divided by average PFU on host, three measurements.	curated	high	Imported from S1 Table; blank source cells were not treated as measured interactions.
mirzaei2015_ecor_41_su57_eop	MirzaeiNilsson2015_EOP	supplement	25794006	10.1371/journal.pone.0118557	eop	Escherichia coli	ECOR_41		SU57		primary isolation host	< 0.001	<	0.001	none	resistant	no_plaques	not_evaluated		not_evaluated	colicin/plasmid marker: K / N; P2 prophage marker: -	Stationary-phase bacteria, double-layer plaque assay, 30 C overnight; EOP is average PFU on target divided by average PFU on host, three measurements.	curated	high	Imported from S1 Table; blank source cells were not treated as measured interactions.
mirzaei2015_ecor_42_su10_eop	MirzaeiNilsson2015_EOP	supplement	25794006	10.1371/journal.pone.0118557	eop	Escherichia coli	ECOR_42		SU10		primary isolation host	< 0.001	<	0.001	none	resistant	no_plaques	not_evaluated		not_evaluated	colicin/plasmid marker: B; P2 prophage marker: 1	Stationary-phase bacteria, double-layer plaque assay, 30 C overnight; EOP is average PFU on target divided by average PFU on host, three measurements.	curated	high	Imported from S1 Table; blank source cells were not treated as measured interactions.
mirzaei2015_ecor_42_su16_eop	MirzaeiNilsson2015_EOP	supplement	25794006	10.1371/journal.pone.0118557	eop	Escherichia coli	ECOR_42		SU16		primary isolation host	0.03±0.01	=	0.03	low	reduced_susceptibility	pinpoint_plaques	not_evaluated		not_evaluated	colicin/plasmid marker: B; P2 prophage marker: 1	Stationary-phase bacteria, double-layer plaque assay, 30 C overnight; EOP is average PFU on target divided by average PFU on host, three measurements.	curated	high	Imported from S1 Table; blank source cells were not treated as measured interactions.
mirzaei2015_ecor_42_su63_eop	MirzaeiNilsson2015_EOP	supplement	25794006	10.1371/journal.pone.0118557	eop	Escherichia coli	ECOR_42		SU63		primary isolation host	< 0.001	<	0.001	none	resistant	no_plaques	not_evaluated		not_evaluated	colicin/plasmid marker: B; P2 prophage marker: 1	Stationary-phase bacteria, double-layer plaque assay, 30 C overnight; EOP is average PFU on target divided by average PFU on host, three measurements.	curated	high	Imported from S1 Table; blank source cells were not treated as measured interactions.
mirzaei2015_ecor_43_su16_eop	MirzaeiNilsson2015_EOP	supplement	25794006	10.1371/journal.pone.0118557	eop	Escherichia coli	ECOR_43		SU16		primary isolation host	< 0.001	<	0.001	none	resistant	no_plaques	not_evaluated		not_evaluated	P2 prophage marker: -	Stationary-phase bacteria, double-layer plaque assay, 30 C overnight; EOP is average PFU on target divided by average PFU on host, three measurements.	curated	high	Imported from S1 Table; blank source cells were not treated as measured interactions.
mirzaei2015_ecor_43_su63_eop	MirzaeiNilsson2015_EOP	supplement	25794006	10.1371/journal.pone.0118557	eop	Escherichia coli	ECOR_43		SU63		primary isolation host	< 0.001	<	0.001	none	resistant	no_plaques	not_evaluated		not_evaluated	P2 prophage marker: -	Stationary-phase bacteria, double-layer plaque assay, 30 C overnight; EOP is average PFU on target divided by average PFU on host, three measurements.	curated	high	Imported from S1 Table; blank source cells were not treated as measured interactions.
mirzaei2015_ecor_46_su16_eop	MirzaeiNilsson2015_EOP	supplement	25794006	10.1371/journal.pone.0118557	eop	Escherichia coli	ECOR_46		SU16		primary isolation host	< 0.001	<	0.001	none	resistant	no_plaques	not_evaluated		not_evaluated	P2 prophage marker: 4	Stationary-phase bacteria, double-layer plaque assay, 30 C overnight; EOP is average PFU on target divided by average PFU on host, three measurements.	curated	high	Imported from S1 Table; blank source cells were not treated as measured interactions.
mirzaei2015_ecor_47_su10_eop	MirzaeiNilsson2015_EOP	supplement	25794006	10.1371/journal.pone.0118557	eop	Escherichia coli	ECOR_47		SU10		primary isolation host	0.042±0.007	=	0.042	low	reduced_susceptibility	pinpoint_plaques	not_evaluated		not_evaluated	P2 prophage marker: -	Stationary-phase bacteria, double-layer plaque assay, 30 C overnight; EOP is average PFU on target divided by average PFU on host, three measurements.	curated	high	Imported from S1 Table; blank source cells were not treated as measured interactions.
mirzaei2015_ecor_47_su16_eop	MirzaeiNilsson2015_EOP	supplement	25794006	10.1371/journal.pone.0118557	eop	Escherichia coli	ECOR_47		SU16		primary isolation host	0.008±0.003	=	0.008	low	reduced_susceptibility	pinpoint_plaques	not_evaluated		not_evaluated	P2 prophage marker: -	Stationary-phase bacteria, double-layer plaque assay, 30 C overnight; EOP is average PFU on target divided by average PFU on host, three measurements.	curated	high	Imported from S1 Table; blank source cells were not treated as measured interactions.
mirzaei2015_ecor_47_su27_eop	MirzaeiNilsson2015_EOP	supplement	25794006	10.1371/journal.pone.0118557	eop	Escherichia coli	ECOR_47		SU27		primary isolation host	0.020±0.004	=	0.02	low	reduced_susceptibility	pinpoint_plaques	not_evaluated		not_evaluated	P2 prophage marker: -	Stationary-phase bacteria, double-layer plaque assay, 30 C overnight; EOP is average PFU on target divided by average PFU on host, three measurements.	curated	high	Imported from S1 Table; blank source cells were not treated as measured interactions.
mirzaei2015_ecor_48_su10_eop	MirzaeiNilsson2015_EOP	supplement	25794006	10.1371/journal.pone.0118557	eop	Escherichia coli	ECOR_48		SU10		primary isolation host	0.35±0.09	=	0.35	medium	susceptible	clear_plaques	not_evaluated		not_evaluated	colicin/plasmid marker: Ib; P2 prophage marker: 3	Stationary-phase bacteria, double-layer plaque assay, 30 C overnight; EOP is average PFU on target divided by average PFU on host, three measurements.	curated	high	Imported from S1 Table; blank source cells were not treated as measured interactions.
mirzaei2015_ecor_48_su16_eop	MirzaeiNilsson2015_EOP	supplement	25794006	10.1371/journal.pone.0118557	eop	Escherichia coli	ECOR_48		SU16		primary isolation host	0.04±0.02	=	0.04	low	reduced_susceptibility	pinpoint_plaques	not_evaluated		not_evaluated	colicin/plasmid marker: Ib; P2 prophage marker: 3	Stationary-phase bacteria, double-layer plaque assay, 30 C overnight; EOP is average PFU on target divided by average PFU on host, three measurements.	curated	high	Imported from S1 Table; blank source cells were not treated as measured interactions.
mirzaei2015_ecor_48_su27_eop	MirzaeiNilsson2015_EOP	supplement	25794006	10.1371/journal.pone.0118557	eop	Escherichia coli	ECOR_48		SU27		primary isolation host	0.005±0.002	=	0.005	low	reduced_susceptibility	pinpoint_plaques	not_evaluated		not_evaluated	colicin/plasmid marker: Ib; P2 prophage marker: 3	Stationary-phase bacteria, double-layer plaque assay, 30 C overnight; EOP is average PFU on target divided by average PFU on host, three measurements.	curated	high	Imported from S1 Table; blank source cells were not treated as measured interactions.
mirzaei2015_ecor_48_su63_eop	MirzaeiNilsson2015_EOP	supplement	25794006	10.1371/journal.pone.0118557	eop	Escherichia coli	ECOR_48		SU63		primary isolation host	0.08±0.06	=	0.08	low	reduced_susceptibility	pinpoint_plaques	not_evaluated		not_evaluated	colicin/plasmid marker: Ib; P2 prophage marker: 3	Stationary-phase bacteria, double-layer plaque assay, 30 C overnight; EOP is average PFU on target divided by average PFU on host, three measurements.	curated	high	Imported from S1 Table; blank source cells were not treated as measured interactions.
mirzaei2015_ecor_49_su10_eop	MirzaeiNilsson2015_EOP	supplement	25794006	10.1371/journal.pone.0118557	eop	Escherichia coli	ECOR_49		SU10		primary isolation host	0.074±0.009	=	0.074	low	reduced_susceptibility	pinpoint_plaques	not_evaluated		not_evaluated	P2 prophage marker: -	Stationary-phase bacteria, double-layer plaque assay, 30 C overnight; EOP is average PFU on target divided by average PFU on host, three measurements.	curated	high	Imported from S1 Table; blank source cells were not treated as measured interactions.
mirzaei2015_ecor_49_su16_eop	MirzaeiNilsson2015_EOP	supplement	25794006	10.1371/journal.pone.0118557	eop	Escherichia coli	ECOR_49		SU16		primary isolation host	0.03±0.01	=	0.03	low	reduced_susceptibility	pinpoint_plaques	not_evaluated		not_evaluated	P2 prophage marker: -	Stationary-phase bacteria, double-layer plaque assay, 30 C overnight; EOP is average PFU on target divided by average PFU on host, three measurements.	curated	high	Imported from S1 Table; blank source cells were not treated as measured interactions.
mirzaei2015_ecor_49_su27_eop	MirzaeiNilsson2015_EOP	supplement	25794006	10.1371/journal.pone.0118557	eop	Escherichia coli	ECOR_49		SU27		primary isolation host	0.001±0.001	=	0.001	low	reduced_susceptibility	pinpoint_plaques	not_evaluated		not_evaluated	P2 prophage marker: -	Stationary-phase bacteria, double-layer plaque assay, 30 C overnight; EOP is average PFU on target divided by average PFU on host, three measurements.	curated	high	Imported from S1 Table; blank source cells were not treated as measured interactions.
mirzaei2015_ecor_50_su10_eop	MirzaeiNilsson2015_EOP	supplement	25794006	10.1371/journal.pone.0118557	eop	Escherichia coli	ECOR_50		SU10		primary isolation host	0.026±0.003	=	0.026	low	reduced_susceptibility	pinpoint_plaques	not_evaluated		not_evaluated	colicin/plasmid marker: E(E1); P2 prophage marker: 1	Stationary-phase bacteria, double-layer plaque assay, 30 C overnight; EOP is average PFU on target divided by average PFU on host, three measurements.	curated	high	Imported from S1 Table; blank source cells were not treated as measured interactions.
mirzaei2015_ecor_50_su16_eop	MirzaeiNilsson2015_EOP	supplement	25794006	10.1371/journal.pone.0118557	eop	Escherichia coli	ECOR_50		SU16		primary isolation host	0.011±0.008	=	0.011	low	reduced_susceptibility	pinpoint_plaques	not_evaluated		not_evaluated	colicin/plasmid marker: E(E1); P2 prophage marker: 1	Stationary-phase bacteria, double-layer plaque assay, 30 C overnight; EOP is average PFU on target divided by average PFU on host, three measurements.	curated	high	Imported from S1 Table; blank source cells were not treated as measured interactions.
mirzaei2015_ecor_50_su57_eop	MirzaeiNilsson2015_EOP	supplement	25794006	10.1371/journal.pone.0118557	eop	Escherichia coli	ECOR_50		SU57		primary isolation host	< 0.001	<	0.001	none	resistant	no_plaques	not_evaluated		not_evaluated	colicin/plasmid marker: E(E1); P2 prophage marker: 1	Stationary-phase bacteria, double-layer plaque assay, 30 C overnight; EOP is average PFU on target divided by average PFU on host, three measurements.	curated	high	Imported from S1 Table; blank source cells were not treated as measured interactions.
mirzaei2015_ecor_50_su63_eop	MirzaeiNilsson2015_EOP	supplement	25794006	10.1371/journal.pone.0118557	eop	Escherichia coli	ECOR_50		SU63		primary isolation host	0.002±0.001	=	0.002	low	reduced_susceptibility	pinpoint_plaques	not_evaluated		not_evaluated	colicin/plasmid marker: E(E1); P2 prophage marker: 1	Stationary-phase bacteria, double-layer plaque assay, 30 C overnight; EOP is average PFU on target divided by average PFU on host, three measurements.	curated	high	Imported from S1 Table; blank source cells were not treated as measured interactions.
mirzaei2015_ecor_51_su10_eop	MirzaeiNilsson2015_EOP	supplement	25794006	10.1371/journal.pone.0118557	eop	Escherichia coli	ECOR_51		SU10		primary isolation host	0.78±0.03	=	0.78	high	susceptible	clear_plaques	not_evaluated		not_evaluated	P2 prophage marker: -	Stationary-phase bacteria, double-layer plaque assay, 30 C overnight; EOP is average PFU on target divided by average PFU on host, three measurements.	curated	high	Imported from S1 Table; blank source cells were not treated as measured interactions.
mirzaei2015_ecor_51_su16_eop	MirzaeiNilsson2015_EOP	supplement	25794006	10.1371/journal.pone.0118557	eop	Escherichia coli	ECOR_51		SU16		primary isolation host	0.20±0.06	=	0.2	medium	susceptible	clear_plaques	not_evaluated		not_evaluated	P2 prophage marker: -	Stationary-phase bacteria, double-layer plaque assay, 30 C overnight; EOP is average PFU on target divided by average PFU on host, three measurements.	curated	high	Imported from S1 Table; blank source cells were not treated as measured interactions.
mirzaei2015_ecor_51_su27_eop	MirzaeiNilsson2015_EOP	supplement	25794006	10.1371/journal.pone.0118557	eop	Escherichia coli	ECOR_51		SU27		primary isolation host	0.007±0.001	=	0.007	low	reduced_susceptibility	pinpoint_plaques	not_evaluated		not_evaluated	P2 prophage marker: -	Stationary-phase bacteria, double-layer plaque assay, 30 C overnight; EOP is average PFU on target divided by average PFU on host, three measurements.	curated	high	Imported from S1 Table; blank source cells were not treated as measured interactions.
mirzaei2015_ecor_51_su32_eop	MirzaeiNilsson2015_EOP	supplement	25794006	10.1371/journal.pone.0118557	eop	Escherichia coli	ECOR_51		SU32		primary isolation host	1.56±0.58	=	1.56	high	susceptible	clear_plaques	not_evaluated		not_evaluated	P2 prophage marker: -	Stationary-phase bacteria, double-layer plaque assay, 30 C overnight; EOP is average PFU on target divided by average PFU on host, three measurements.	curated	high	Imported from S1 Table; blank source cells were not treated as measured interactions.
mirzaei2015_ecor_51_su57_eop	MirzaeiNilsson2015_EOP	supplement	25794006	10.1371/journal.pone.0118557	eop	Escherichia coli	ECOR_51		SU57		primary isolation host	< 0.001	<	0.001	none	resistant	no_plaques	not_evaluated		not_evaluated	P2 prophage marker: -	Stationary-phase bacteria, double-layer plaque assay, 30 C overnight; EOP is average PFU on target divided by average PFU on host, three measurements.	curated	high	Imported from S1 Table; blank source cells were not treated as measured interactions.
mirzaei2015_ecor_51_su63_eop	MirzaeiNilsson2015_EOP	supplement	25794006	10.1371/journal.pone.0118557	eop	Escherichia coli	ECOR_51		SU63		primary isolation host	0.5±0.3	=	0.5	high	susceptible	clear_plaques	not_evaluated		not_evaluated	P2 prophage marker: -	Stationary-phase bacteria, double-layer plaque assay, 30 C overnight; EOP is average PFU on target divided by average PFU on host, three measurements.	curated	high	Imported from S1 Table; blank source cells were not treated as measured interactions.
mirzaei2015_ecor_52_su10_eop	MirzaeiNilsson2015_EOP	supplement	25794006	10.1371/journal.pone.0118557	eop	Escherichia coli	ECOR_52		SU10		primary isolation host	0.07±0.01	=	0.07	low	reduced_susceptibility	pinpoint_plaques	not_evaluated		not_evaluated	P2 prophage marker: -	Stationary-phase bacteria, double-layer plaque assay, 30 C overnight; EOP is average PFU on target divided by average PFU on host, three measurements.	curated	high	Imported from S1 Table; blank source cells were not treated as measured interactions.
mirzaei2015_ecor_52_su16_eop	MirzaeiNilsson2015_EOP	supplement	25794006	10.1371/journal.pone.0118557	eop	Escherichia coli	ECOR_52		SU16		primary isolation host	0.4±0.2	=	0.4	medium	susceptible	clear_plaques	not_evaluated		not_evaluated	P2 prophage marker: -	Stationary-phase bacteria, double-layer plaque assay, 30 C overnight; EOP is average PFU on target divided by average PFU on host, three measurements.	curated	high	Imported from S1 Table; blank source cells were not treated as measured interactions.
mirzaei2015_ecor_52_su27_eop	MirzaeiNilsson2015_EOP	supplement	25794006	10.1371/journal.pone.0118557	eop	Escherichia coli	ECOR_52		SU27		primary isolation host	< 0.001	<	0.001	none	resistant	no_plaques	not_evaluated		not_evaluated	P2 prophage marker: -	Stationary-phase bacteria, double-layer plaque assay, 30 C overnight; EOP is average PFU on target divided by average PFU on host, three measurements.	curated	high	Imported from S1 Table; blank source cells were not treated as measured interactions.
mirzaei2015_ecor_52_su32_eop	MirzaeiNilsson2015_EOP	supplement	25794006	10.1371/journal.pone.0118557	eop	Escherichia coli	ECOR_52		SU32		primary isolation host	< 0.001	<	0.001	none	resistant	no_plaques	not_evaluated		not_evaluated	P2 prophage marker: -	Stationary-phase bacteria, double-layer plaque assay, 30 C overnight; EOP is average PFU on target divided by average PFU on host, three measurements.	curated	high	Imported from S1 Table; blank source cells were not treated as measured interactions.
mirzaei2015_ecor_52_su63_eop	MirzaeiNilsson2015_EOP	supplement	25794006	10.1371/journal.pone.0118557	eop	Escherichia coli	ECOR_52		SU63		primary isolation host	0.09±0.07	=	0.09	low	reduced_susceptibility	pinpoint_plaques	not_evaluated		not_evaluated	P2 prophage marker: -	Stationary-phase bacteria, double-layer plaque assay, 30 C overnight; EOP is average PFU on target divided by average PFU on host, three measurements.	curated	high	Imported from S1 Table; blank source cells were not treated as measured interactions.
mirzaei2015_ecor_53_su16_eop	MirzaeiNilsson2015_EOP	supplement	25794006	10.1371/journal.pone.0118557	eop	Escherichia coli	ECOR_53		SU16		primary isolation host	< 0.001	<	0.001	none	resistant	no_plaques	not_evaluated		not_evaluated	P2 prophage marker: 3	Stationary-phase bacteria, double-layer plaque assay, 30 C overnight; EOP is average PFU on target divided by average PFU on host, three measurements.	curated	high	Imported from S1 Table; blank source cells were not treated as measured interactions.
mirzaei2015_ecor_53_su27_eop	MirzaeiNilsson2015_EOP	supplement	25794006	10.1371/journal.pone.0118557	eop	Escherichia coli	ECOR_53		SU27		primary isolation host	0	=	0	none	resistant	no_plaques	not_evaluated		not_evaluated	P2 prophage marker: 3	Stationary-phase bacteria, double-layer plaque assay, 30 C overnight; EOP is average PFU on target divided by average PFU on host, three measurements.	curated	high	Imported from S1 Table; blank source cells were not treated as measured interactions.
mirzaei2015_ecor_53_su32_eop	MirzaeiNilsson2015_EOP	supplement	25794006	10.1371/journal.pone.0118557	eop	Escherichia coli	ECOR_53		SU32		primary isolation host	1.7±0.6	=	1.7	high	susceptible	clear_plaques	not_evaluated		not_evaluated	P2 prophage marker: 3	Stationary-phase bacteria, double-layer plaque assay, 30 C overnight; EOP is average PFU on target divided by average PFU on host, three measurements.	curated	high	Imported from S1 Table; blank source cells were not treated as measured interactions.
mirzaei2015_ecor_53_su63_eop	MirzaeiNilsson2015_EOP	supplement	25794006	10.1371/journal.pone.0118557	eop	Escherichia coli	ECOR_53		SU63		primary isolation host	0.070±0.074	=	0.07	low	reduced_susceptibility	pinpoint_plaques	not_evaluated		not_evaluated	P2 prophage marker: 3	Stationary-phase bacteria, double-layer plaque assay, 30 C overnight; EOP is average PFU on target divided by average PFU on host, three measurements.	curated	high	Imported from S1 Table; blank source cells were not treated as measured interactions.
mirzaei2015_ecor_54_su10_eop	MirzaeiNilsson2015_EOP	supplement	25794006	10.1371/journal.pone.0118557	eop	Escherichia coli	ECOR_54		SU10		primary isolation host	0.73±0.12	=	0.73	high	susceptible	clear_plaques	not_evaluated		not_evaluated	P2 prophage marker: -	Stationary-phase bacteria, double-layer plaque assay, 30 C overnight; EOP is average PFU on target divided by average PFU on host, three measurements.	curated	high	Imported from S1 Table; blank source cells were not treated as measured interactions.
mirzaei2015_ecor_54_su16_eop	MirzaeiNilsson2015_EOP	supplement	25794006	10.1371/journal.pone.0118557	eop	Escherichia coli	ECOR_54		SU16		primary isolation host	0.18±0.09	=	0.18	medium	susceptible	clear_plaques	not_evaluated		not_evaluated	P2 prophage marker: -	Stationary-phase bacteria, double-layer plaque assay, 30 C overnight; EOP is average PFU on target divided by average PFU on host, three measurements.	curated	high	Imported from S1 Table; blank source cells were not treated as measured interactions.
mirzaei2015_ecor_54_su27_eop	MirzaeiNilsson2015_EOP	supplement	25794006	10.1371/journal.pone.0118557	eop	Escherichia coli	ECOR_54		SU27		primary isolation host	0.015±0.003	=	0.015	low	reduced_susceptibility	pinpoint_plaques	not_evaluated		not_evaluated	P2 prophage marker: -	Stationary-phase bacteria, double-layer plaque assay, 30 C overnight; EOP is average PFU on target divided by average PFU on host, three measurements.	curated	high	Imported from S1 Table; blank source cells were not treated as measured interactions.
mirzaei2015_ecor_54_su32_eop	MirzaeiNilsson2015_EOP	supplement	25794006	10.1371/journal.pone.0118557	eop	Escherichia coli	ECOR_54		SU32		primary isolation host	1.24±0.06	=	1.24	high	susceptible	clear_plaques	not_evaluated		not_evaluated	P2 prophage marker: -	Stationary-phase bacteria, double-layer plaque assay, 30 C overnight; EOP is average PFU on target divided by average PFU on host, three measurements.	curated	high	Imported from S1 Table; blank source cells were not treated as measured interactions.
mirzaei2015_ecor_54_su63_eop	MirzaeiNilsson2015_EOP	supplement	25794006	10.1371/journal.pone.0118557	eop	Escherichia coli	ECOR_54		SU63		primary isolation host	0.067±0.046	=	0.067	low	reduced_susceptibility	pinpoint_plaques	not_evaluated		not_evaluated	P2 prophage marker: -	Stationary-phase bacteria, double-layer plaque assay, 30 C overnight; EOP is average PFU on target divided by average PFU on host, three measurements.	curated	high	Imported from S1 Table; blank source cells were not treated as measured interactions.
mirzaei2015_ecor_55_su10_eop	MirzaeiNilsson2015_EOP	supplement	25794006	10.1371/journal.pone.0118557	eop	Escherichia coli	ECOR_55		SU10		primary isolation host	0.09±0.01	=	0.09	low	reduced_susceptibility	pinpoint_plaques	not_evaluated		not_evaluated	colicin/plasmid marker: ?; P2 prophage marker: -	Stationary-phase bacteria, double-layer plaque assay, 30 C overnight; EOP is average PFU on target divided by average PFU on host, three measurements.	curated	high	Imported from S1 Table; blank source cells were not treated as measured interactions.
mirzaei2015_ecor_55_su16_eop	MirzaeiNilsson2015_EOP	supplement	25794006	10.1371/journal.pone.0118557	eop	Escherichia coli	ECOR_55		SU16		primary isolation host	1.02±0.20	=	1.02	high	susceptible	clear_plaques	not_evaluated		not_evaluated	colicin/plasmid marker: ?; P2 prophage marker: -	Stationary-phase bacteria, double-layer plaque assay, 30 C overnight; EOP is average PFU on target divided by average PFU on host, three measurements.	curated	high	Imported from S1 Table; blank source cells were not treated as measured interactions.
mirzaei2015_ecor_55_su27_eop	MirzaeiNilsson2015_EOP	supplement	25794006	10.1371/journal.pone.0118557	eop	Escherichia coli	ECOR_55		SU27		primary isolation host	0.003±0.001	=	0.003	low	reduced_susceptibility	pinpoint_plaques	not_evaluated		not_evaluated	colicin/plasmid marker: ?; P2 prophage marker: -	Stationary-phase bacteria, double-layer plaque assay, 30 C overnight; EOP is average PFU on target divided by average PFU on host, three measurements.	curated	high	Imported from S1 Table; blank source cells were not treated as measured interactions.
mirzaei2015_ecor_55_su32_eop	MirzaeiNilsson2015_EOP	supplement	25794006	10.1371/journal.pone.0118557	eop	Escherichia coli	ECOR_55		SU32		primary isolation host	3.8±2.3	=	3.8	high	susceptible	clear_plaques	not_evaluated		not_evaluated	colicin/plasmid marker: ?; P2 prophage marker: -	Stationary-phase bacteria, double-layer plaque assay, 30 C overnight; EOP is average PFU on target divided by average PFU on host, three measurements.	curated	high	Imported from S1 Table; blank source cells were not treated as measured interactions.
mirzaei2015_ecor_55_su63_eop	MirzaeiNilsson2015_EOP	supplement	25794006	10.1371/journal.pone.0118557	eop	Escherichia coli	ECOR_55		SU63		primary isolation host	0.0153±0.0005	=	0.0153	low	reduced_susceptibility	pinpoint_plaques	not_evaluated		not_evaluated	colicin/plasmid marker: ?; P2 prophage marker: -	Stationary-phase bacteria, double-layer plaque assay, 30 C overnight; EOP is average PFU on target divided by average PFU on host, three measurements.	curated	high	Imported from S1 Table; blank source cells were not treated as measured interactions.
mirzaei2015_ecor_56_su10_eop	MirzaeiNilsson2015_EOP	supplement	25794006	10.1371/journal.pone.0118557	eop	Escherichia coli	ECOR_56		SU10		primary isolation host	0.86±0.02	=	0.86	high	susceptible	clear_plaques	not_evaluated		not_evaluated	P2 prophage marker: -	Stationary-phase bacteria, double-layer plaque assay, 30 C overnight; EOP is average PFU on target divided by average PFU on host, three measurements.	curated	high	Imported from S1 Table; blank source cells were not treated as measured interactions.
mirzaei2015_ecor_56_su16_eop	MirzaeiNilsson2015_EOP	supplement	25794006	10.1371/journal.pone.0118557	eop	Escherichia coli	ECOR_56		SU16		primary isolation host	1.0±0.2	=	1	high	susceptible	clear_plaques	not_evaluated		not_evaluated	P2 prophage marker: -	Stationary-phase bacteria, double-layer plaque assay, 30 C overnight; EOP is average PFU on target divided by average PFU on host, three measurements.	curated	high	Imported from S1 Table; blank source cells were not treated as measured interactions.
mirzaei2015_ecor_56_su27_eop	MirzaeiNilsson2015_EOP	supplement	25794006	10.1371/journal.pone.0118557	eop	Escherichia coli	ECOR_56		SU27		primary isolation host	0.009±0.008	=	0.009	low	reduced_susceptibility	pinpoint_plaques	not_evaluated		not_evaluated	P2 prophage marker: -	Stationary-phase bacteria, double-layer plaque assay, 30 C overnight; EOP is average PFU on target divided by average PFU on host, three measurements.	curated	high	Imported from S1 Table; blank source cells were not treated as measured interactions.
mirzaei2015_ecor_56_su63_eop	MirzaeiNilsson2015_EOP	supplement	25794006	10.1371/journal.pone.0118557	eop	Escherichia coli	ECOR_56		SU63		primary isolation host	0.63±0.15	=	0.63	high	susceptible	clear_plaques	not_evaluated		not_evaluated	P2 prophage marker: -	Stationary-phase bacteria, double-layer plaque assay, 30 C overnight; EOP is average PFU on target divided by average PFU on host, three measurements.	curated	high	Imported from S1 Table; blank source cells were not treated as measured interactions.
mirzaei2015_ecor_57_su10_eop	MirzaeiNilsson2015_EOP	supplement	25794006	10.1371/journal.pone.0118557	eop	Escherichia coli	ECOR_57		SU10		primary isolation host	0.72±0.12	=	0.72	high	susceptible	clear_plaques	not_evaluated		not_evaluated	P2 prophage marker: -	Stationary-phase bacteria, double-layer plaque assay, 30 C overnight; EOP is average PFU on target divided by average PFU on host, three measurements.	curated	high	Imported from S1 Table; blank source cells were not treated as measured interactions.
mirzaei2015_ecor_57_su16_eop	MirzaeiNilsson2015_EOP	supplement	25794006	10.1371/journal.pone.0118557	eop	Escherichia coli	ECOR_57		SU16		primary isolation host	1.2±0.1	=	1.2	high	susceptible	clear_plaques	not_evaluated		not_evaluated	P2 prophage marker: -	Stationary-phase bacteria, double-layer plaque assay, 30 C overnight; EOP is average PFU on target divided by average PFU on host, three measurements.	curated	high	Imported from S1 Table; blank source cells were not treated as measured interactions.
mirzaei2015_ecor_57_su27_eop	MirzaeiNilsson2015_EOP	supplement	25794006	10.1371/journal.pone.0118557	eop	Escherichia coli	ECOR_57		SU27		primary isolation host	0.006±0.003	=	0.006	low	reduced_susceptibility	pinpoint_plaques	not_evaluated		not_evaluated	P2 prophage marker: -	Stationary-phase bacteria, double-layer plaque assay, 30 C overnight; EOP is average PFU on target divided by average PFU on host, three measurements.	curated	high	Imported from S1 Table; blank source cells were not treated as measured interactions.
mirzaei2015_ecor_57_su32_eop	MirzaeiNilsson2015_EOP	supplement	25794006	10.1371/journal.pone.0118557	eop	Escherichia coli	ECOR_57		SU32		primary isolation host	< 0.001	<	0.001	none	resistant	no_plaques	not_evaluated		not_evaluated	P2 prophage marker: -	Stationary-phase bacteria, double-layer plaque assay, 30 C overnight; EOP is average PFU on target divided by average PFU on host, three measurements.	curated	high	Imported from S1 Table; blank source cells were not treated as measured interactions.
mirzaei2015_ecor_57_su57_eop	MirzaeiNilsson2015_EOP	supplement	25794006	10.1371/journal.pone.0118557	eop	Escherichia coli	ECOR_57		SU57		primary isolation host	1.0	=	1	high	susceptible	clear_plaques	not_evaluated		not_evaluated	P2 prophage marker: -	Stationary-phase bacteria, double-layer plaque assay, 30 C overnight; EOP is average PFU on target divided by average PFU on host, three measurements.	curated	high	Imported from S1 Table; blank source cells were not treated as measured interactions.
mirzaei2015_ecor_57_su63_eop	MirzaeiNilsson2015_EOP	supplement	25794006	10.1371/journal.pone.0118557	eop	Escherichia coli	ECOR_57		SU63		primary isolation host	0.3±0.2	=	0.3	medium	susceptible	clear_plaques	not_evaluated		not_evaluated	P2 prophage marker: -	Stationary-phase bacteria, double-layer plaque assay, 30 C overnight; EOP is average PFU on target divided by average PFU on host, three measurements.	curated	high	Imported from S1 Table; blank source cells were not treated as measured interactions.
mirzaei2015_ecor_59_su10_eop	MirzaeiNilsson2015_EOP	supplement	25794006	10.1371/journal.pone.0118557	eop	Escherichia coli	ECOR_59		SU10		primary isolation host	0.39±0.05	=	0.39	medium	susceptible	clear_plaques	not_evaluated		not_evaluated	P2 prophage marker: 3	Stationary-phase bacteria, double-layer plaque assay, 30 C overnight; EOP is average PFU on target divided by average PFU on host, three measurements.	curated	high	Imported from S1 Table; blank source cells were not treated as measured interactions.
mirzaei2015_ecor_59_su16_eop	MirzaeiNilsson2015_EOP	supplement	25794006	10.1371/journal.pone.0118557	eop	Escherichia coli	ECOR_59		SU16		primary isolation host	0.53±0.06	=	0.53	high	susceptible	clear_plaques	not_evaluated		not_evaluated	P2 prophage marker: 3	Stationary-phase bacteria, double-layer plaque assay, 30 C overnight; EOP is average PFU on target divided by average PFU on host, three measurements.	curated	high	Imported from S1 Table; blank source cells were not treated as measured interactions.
mirzaei2015_ecor_59_su27_eop	MirzaeiNilsson2015_EOP	supplement	25794006	10.1371/journal.pone.0118557	eop	Escherichia coli	ECOR_59		SU27		primary isolation host	< 0.001	<	0.001	none	resistant	no_plaques	not_evaluated		not_evaluated	P2 prophage marker: 3	Stationary-phase bacteria, double-layer plaque assay, 30 C overnight; EOP is average PFU on target divided by average PFU on host, three measurements.	curated	high	Imported from S1 Table; blank source cells were not treated as measured interactions.
mirzaei2015_ecor_59_su63_eop	MirzaeiNilsson2015_EOP	supplement	25794006	10.1371/journal.pone.0118557	eop	Escherichia coli	ECOR_59		SU63		primary isolation host	0	=	0	none	resistant	no_plaques	not_evaluated		not_evaluated	P2 prophage marker: 3	Stationary-phase bacteria, double-layer plaque assay, 30 C overnight; EOP is average PFU on target divided by average PFU on host, three measurements.	curated	high	Imported from S1 Table; blank source cells were not treated as measured interactions.
mirzaei2015_ecor_60_su16_eop	MirzaeiNilsson2015_EOP	supplement	25794006	10.1371/journal.pone.0118557	eop	Escherichia coli	ECOR_60		SU16		primary isolation host	< 0.001	<	0.001	none	resistant	no_plaques	not_evaluated		not_evaluated	colicin/plasmid marker: E(E2); P2 prophage marker: -	Stationary-phase bacteria, double-layer plaque assay, 30 C overnight; EOP is average PFU on target divided by average PFU on host, three measurements.	curated	high	Imported from S1 Table; blank source cells were not treated as measured interactions.
mirzaei2015_ecor_60_su32_eop	MirzaeiNilsson2015_EOP	supplement	25794006	10.1371/journal.pone.0118557	eop	Escherichia coli	ECOR_60		SU32		primary isolation host	0.004±0.002	=	0.004	low	reduced_susceptibility	pinpoint_plaques	not_evaluated		not_evaluated	colicin/plasmid marker: E(E2); P2 prophage marker: -	Stationary-phase bacteria, double-layer plaque assay, 30 C overnight; EOP is average PFU on target divided by average PFU on host, three measurements.	curated	high	Imported from S1 Table; blank source cells were not treated as measured interactions.
mirzaei2015_ecor_61_su10_eop	MirzaeiNilsson2015_EOP	supplement	25794006	10.1371/journal.pone.0118557	eop	Escherichia coli	ECOR_61		SU10		primary isolation host	< 0.001	<	0.001	none	resistant	no_plaques	not_evaluated		not_evaluated	colicin/plasmid marker: Ib; P2 prophage marker: 3	Stationary-phase bacteria, double-layer plaque assay, 30 C overnight; EOP is average PFU on target divided by average PFU on host, three measurements.	curated	high	Imported from S1 Table; blank source cells were not treated as measured interactions.
mirzaei2015_ecor_61_su16_eop	MirzaeiNilsson2015_EOP	supplement	25794006	10.1371/journal.pone.0118557	eop	Escherichia coli	ECOR_61		SU16		primary isolation host	0.07±0.01	=	0.07	low	reduced_susceptibility	pinpoint_plaques	not_evaluated		not_evaluated	colicin/plasmid marker: Ib; P2 prophage marker: 3	Stationary-phase bacteria, double-layer plaque assay, 30 C overnight; EOP is average PFU on target divided by average PFU on host, three measurements.	curated	high	Imported from S1 Table; blank source cells were not treated as measured interactions.
mirzaei2015_ecor_61_su27_eop	MirzaeiNilsson2015_EOP	supplement	25794006	10.1371/journal.pone.0118557	eop	Escherichia coli	ECOR_61		SU27		primary isolation host	0.012±0.016	=	0.012	low	reduced_susceptibility	pinpoint_plaques	not_evaluated		not_evaluated	colicin/plasmid marker: Ib; P2 prophage marker: 3	Stationary-phase bacteria, double-layer plaque assay, 30 C overnight; EOP is average PFU on target divided by average PFU on host, three measurements.	curated	high	Imported from S1 Table; blank source cells were not treated as measured interactions.
mirzaei2015_ecor_61_su32_eop	MirzaeiNilsson2015_EOP	supplement	25794006	10.1371/journal.pone.0118557	eop	Escherichia coli	ECOR_61		SU32		primary isolation host	< 0.001	<	0.001	none	resistant	no_plaques	not_evaluated		not_evaluated	colicin/plasmid marker: Ib; P2 prophage marker: 3	Stationary-phase bacteria, double-layer plaque assay, 30 C overnight; EOP is average PFU on target divided by average PFU on host, three measurements.	curated	high	Imported from S1 Table; blank source cells were not treated as measured interactions.
mirzaei2015_ecor_61_su57_eop	MirzaeiNilsson2015_EOP	supplement	25794006	10.1371/journal.pone.0118557	eop	Escherichia coli	ECOR_61		SU57		primary isolation host	0.011±0.009	=	0.011	low	reduced_susceptibility	pinpoint_plaques	not_evaluated		not_evaluated	colicin/plasmid marker: Ib; P2 prophage marker: 3	Stationary-phase bacteria, double-layer plaque assay, 30 C overnight; EOP is average PFU on target divided by average PFU on host, three measurements.	curated	high	Imported from S1 Table; blank source cells were not treated as measured interactions.
mirzaei2015_ecor_61_su63_eop	MirzaeiNilsson2015_EOP	supplement	25794006	10.1371/journal.pone.0118557	eop	Escherichia coli	ECOR_61		SU63		primary isolation host	0.5±0.3	=	0.5	high	susceptible	clear_plaques	not_evaluated		not_evaluated	colicin/plasmid marker: Ib; P2 prophage marker: 3	Stationary-phase bacteria, double-layer plaque assay, 30 C overnight; EOP is average PFU on target divided by average PFU on host, three measurements.	curated	high	Imported from S1 Table; blank source cells were not treated as measured interactions.
mirzaei2015_ecor_62_su10_eop	MirzaeiNilsson2015_EOP	supplement	25794006	10.1371/journal.pone.0118557	eop	Escherichia coli	ECOR_62		SU10		primary isolation host	0.57±0.07	=	0.57	high	susceptible	clear_plaques	not_evaluated		not_evaluated	colicin/plasmid marker: B; P2 prophage marker: 2	Stationary-phase bacteria, double-layer plaque assay, 30 C overnight; EOP is average PFU on target divided by average PFU on host, three measurements.	curated	high	Imported from S1 Table; blank source cells were not treated as measured interactions.
mirzaei2015_ecor_62_su16_eop	MirzaeiNilsson2015_EOP	supplement	25794006	10.1371/journal.pone.0118557	eop	Escherichia coli	ECOR_62		SU16		primary isolation host	1.0±0.4	=	1	high	susceptible	clear_plaques	not_evaluated		not_evaluated	colicin/plasmid marker: B; P2 prophage marker: 2	Stationary-phase bacteria, double-layer plaque assay, 30 C overnight; EOP is average PFU on target divided by average PFU on host, three measurements.	curated	high	Imported from S1 Table; blank source cells were not treated as measured interactions.
mirzaei2015_ecor_62_su57_eop	MirzaeiNilsson2015_EOP	supplement	25794006	10.1371/journal.pone.0118557	eop	Escherichia coli	ECOR_62		SU57		primary isolation host	< 0.001	<	0.001	none	resistant	no_plaques	not_evaluated		not_evaluated	colicin/plasmid marker: B; P2 prophage marker: 2	Stationary-phase bacteria, double-layer plaque assay, 30 C overnight; EOP is average PFU on target divided by average PFU on host, three measurements.	curated	high	Imported from S1 Table; blank source cells were not treated as measured interactions.
mirzaei2015_ecor_62_su63_eop	MirzaeiNilsson2015_EOP	supplement	25794006	10.1371/journal.pone.0118557	eop	Escherichia coli	ECOR_62		SU63		primary isolation host	0.015±0.018	=	0.015	low	reduced_susceptibility	pinpoint_plaques	not_evaluated		not_evaluated	colicin/plasmid marker: B; P2 prophage marker: 2	Stationary-phase bacteria, double-layer plaque assay, 30 C overnight; EOP is average PFU on target divided by average PFU on host, three measurements.	curated	high	Imported from S1 Table; blank source cells were not treated as measured interactions.
mirzaei2015_ecor_63_su16_eop	MirzaeiNilsson2015_EOP	supplement	25794006	10.1371/journal.pone.0118557	eop	Escherichia coli	ECOR_63		SU16		primary isolation host	0.03±0.01	=	0.03	low	reduced_susceptibility	pinpoint_plaques	not_evaluated		not_evaluated	colicin/plasmid marker: E(E1); P2 prophage marker: -	Stationary-phase bacteria, double-layer plaque assay, 30 C overnight; EOP is average PFU on target divided by average PFU on host, three measurements.	curated	high	Imported from S1 Table; blank source cells were not treated as measured interactions.
mirzaei2015_ecor_63_su27_eop	MirzaeiNilsson2015_EOP	supplement	25794006	10.1371/journal.pone.0118557	eop	Escherichia coli	ECOR_63		SU27		primary isolation host	< 0.001	<	0.001	none	resistant	no_plaques	not_evaluated		not_evaluated	colicin/plasmid marker: E(E1); P2 prophage marker: -	Stationary-phase bacteria, double-layer plaque assay, 30 C overnight; EOP is average PFU on target divided by average PFU on host, three measurements.	curated	high	Imported from S1 Table; blank source cells were not treated as measured interactions.
mirzaei2015_ecor_63_su57_eop	MirzaeiNilsson2015_EOP	supplement	25794006	10.1371/journal.pone.0118557	eop	Escherichia coli	ECOR_63		SU57		primary isolation host	0.3±0.1	=	0.3	medium	susceptible	clear_plaques	not_evaluated		not_evaluated	colicin/plasmid marker: E(E1); P2 prophage marker: -	Stationary-phase bacteria, double-layer plaque assay, 30 C overnight; EOP is average PFU on target divided by average PFU on host, three measurements.	curated	high	Imported from S1 Table; blank source cells were not treated as measured interactions.
mirzaei2015_ecor_63_su63_eop	MirzaeiNilsson2015_EOP	supplement	25794006	10.1371/journal.pone.0118557	eop	Escherichia coli	ECOR_63		SU63		primary isolation host	1.0	=	1	high	susceptible	clear_plaques	not_evaluated		not_evaluated	colicin/plasmid marker: E(E1); P2 prophage marker: -	Stationary-phase bacteria, double-layer plaque assay, 30 C overnight; EOP is average PFU on target divided by average PFU on host, three measurements.	curated	high	Imported from S1 Table; blank source cells were not treated as measured interactions.
mirzaei2015_ecor_64_su10_eop	MirzaeiNilsson2015_EOP	supplement	25794006	10.1371/journal.pone.0118557	eop	Escherichia coli	ECOR_64		SU10		primary isolation host	0.58±0.12	=	0.58	high	susceptible	clear_plaques	not_evaluated		not_evaluated	P2 prophage marker: 2	Stationary-phase bacteria, double-layer plaque assay, 30 C overnight; EOP is average PFU on target divided by average PFU on host, three measurements.	curated	high	Imported from S1 Table; blank source cells were not treated as measured interactions.
mirzaei2015_ecor_64_su16_eop	MirzaeiNilsson2015_EOP	supplement	25794006	10.1371/journal.pone.0118557	eop	Escherichia coli	ECOR_64		SU16		primary isolation host	0.9±0.2	=	0.9	high	susceptible	clear_plaques	not_evaluated		not_evaluated	P2 prophage marker: 2	Stationary-phase bacteria, double-layer plaque assay, 30 C overnight; EOP is average PFU on target divided by average PFU on host, three measurements.	curated	high	Imported from S1 Table; blank source cells were not treated as measured interactions.
mirzaei2015_ecor_64_su57_eop	MirzaeiNilsson2015_EOP	supplement	25794006	10.1371/journal.pone.0118557	eop	Escherichia coli	ECOR_64		SU57		primary isolation host	< 0.001	<	0.001	none	resistant	no_plaques	not_evaluated		not_evaluated	P2 prophage marker: 2	Stationary-phase bacteria, double-layer plaque assay, 30 C overnight; EOP is average PFU on target divided by average PFU on host, three measurements.	curated	high	Imported from S1 Table; blank source cells were not treated as measured interactions.
mirzaei2015_ecor_65_su16_eop	MirzaeiNilsson2015_EOP	supplement	25794006	10.1371/journal.pone.0118557	eop	Escherichia coli	ECOR_65		SU16		primary isolation host	< 0.001	<	0.001	none	resistant	no_plaques	not_evaluated		not_evaluated	P2 prophage marker: 1	Stationary-phase bacteria, double-layer plaque assay, 30 C overnight; EOP is average PFU on target divided by average PFU on host, three measurements.	curated	high	Imported from S1 Table; blank source cells were not treated as measured interactions.
mirzaei2015_ecor_66_su27_eop	MirzaeiNilsson2015_EOP	supplement	25794006	10.1371/journal.pone.0118557	eop	Escherichia coli	ECOR_66		SU27		primary isolation host	0.015±0.005	=	0.015	low	reduced_susceptibility	pinpoint_plaques	not_evaluated		not_evaluated	colicin/plasmid marker: ?; P2 prophage marker: -	Stationary-phase bacteria, double-layer plaque assay, 30 C overnight; EOP is average PFU on target divided by average PFU on host, three measurements.	curated	high	Imported from S1 Table; blank source cells were not treated as measured interactions.
mirzaei2015_ecor_66_su32_eop	MirzaeiNilsson2015_EOP	supplement	25794006	10.1371/journal.pone.0118557	eop	Escherichia coli	ECOR_66		SU32		primary isolation host	1.8±0.5	=	1.8	high	susceptible	clear_plaques	not_evaluated		not_evaluated	colicin/plasmid marker: ?; P2 prophage marker: -	Stationary-phase bacteria, double-layer plaque assay, 30 C overnight; EOP is average PFU on target divided by average PFU on host, three measurements.	curated	high	Imported from S1 Table; blank source cells were not treated as measured interactions.
mirzaei2015_ecor_66_su63_eop	MirzaeiNilsson2015_EOP	supplement	25794006	10.1371/journal.pone.0118557	eop	Escherichia coli	ECOR_66		SU63		primary isolation host	1.06±0.85	=	1.06	high	susceptible	clear_plaques	not_evaluated		not_evaluated	colicin/plasmid marker: ?; P2 prophage marker: -	Stationary-phase bacteria, double-layer plaque assay, 30 C overnight; EOP is average PFU on target divided by average PFU on host, three measurements.	curated	high	Imported from S1 Table; blank source cells were not treated as measured interactions.
mirzaei2015_ecor_67_su10_eop	MirzaeiNilsson2015_EOP	supplement	25794006	10.1371/journal.pone.0118557	eop	Escherichia coli	ECOR_67		SU10		primary isolation host	0	=	0	none	resistant	no_plaques	not_evaluated		not_evaluated	P2 prophage marker: 4	Stationary-phase bacteria, double-layer plaque assay, 30 C overnight; EOP is average PFU on target divided by average PFU on host, three measurements.	curated	high	Imported from S1 Table; blank source cells were not treated as measured interactions.
mirzaei2015_ecor_67_su16_eop	MirzaeiNilsson2015_EOP	supplement	25794006	10.1371/journal.pone.0118557	eop	Escherichia coli	ECOR_67		SU16		primary isolation host	< 0.001	<	0.001	none	resistant	no_plaques	not_evaluated		not_evaluated	P2 prophage marker: 4	Stationary-phase bacteria, double-layer plaque assay, 30 C overnight; EOP is average PFU on target divided by average PFU on host, three measurements.	curated	high	Imported from S1 Table; blank source cells were not treated as measured interactions.
mirzaei2015_ecor_67_su27_eop	MirzaeiNilsson2015_EOP	supplement	25794006	10.1371/journal.pone.0118557	eop	Escherichia coli	ECOR_67		SU27		primary isolation host	0.21±0.04	=	0.21	medium	susceptible	clear_plaques	not_evaluated		not_evaluated	P2 prophage marker: 4	Stationary-phase bacteria, double-layer plaque assay, 30 C overnight; EOP is average PFU on target divided by average PFU on host, three measurements.	curated	high	Imported from S1 Table; blank source cells were not treated as measured interactions.
mirzaei2015_ecor_67_su63_eop	MirzaeiNilsson2015_EOP	supplement	25794006	10.1371/journal.pone.0118557	eop	Escherichia coli	ECOR_67		SU63		primary isolation host	< 0.001	<	0.001	none	resistant	no_plaques	not_evaluated		not_evaluated	P2 prophage marker: 4	Stationary-phase bacteria, double-layer plaque assay, 30 C overnight; EOP is average PFU on target divided by average PFU on host, three measurements.	curated	high	Imported from S1 Table; blank source cells were not treated as measured interactions.
mirzaei2015_ecor_68_su10_eop	MirzaeiNilsson2015_EOP	supplement	25794006	10.1371/journal.pone.0118557	eop	Escherichia coli	ECOR_68		SU10		primary isolation host	0.07±0.01	=	0.07	low	reduced_susceptibility	pinpoint_plaques	not_evaluated		not_evaluated	P2 prophage marker: 1	Stationary-phase bacteria, double-layer plaque assay, 30 C overnight; EOP is average PFU on target divided by average PFU on host, three measurements.	curated	high	Imported from S1 Table; blank source cells were not treated as measured interactions.
mirzaei2015_ecor_68_su16_eop	MirzaeiNilsson2015_EOP	supplement	25794006	10.1371/journal.pone.0118557	eop	Escherichia coli	ECOR_68		SU16		primary isolation host	0.14±0.01	=	0.14	medium	susceptible	clear_plaques	not_evaluated		not_evaluated	P2 prophage marker: 1	Stationary-phase bacteria, double-layer plaque assay, 30 C overnight; EOP is average PFU on target divided by average PFU on host, three measurements.	curated	high	Imported from S1 Table; blank source cells were not treated as measured interactions.
mirzaei2015_ecor_68_su27_eop	MirzaeiNilsson2015_EOP	supplement	25794006	10.1371/journal.pone.0118557	eop	Escherichia coli	ECOR_68		SU27		primary isolation host	0.021±0.003	=	0.021	low	reduced_susceptibility	pinpoint_plaques	not_evaluated		not_evaluated	P2 prophage marker: 1	Stationary-phase bacteria, double-layer plaque assay, 30 C overnight; EOP is average PFU on target divided by average PFU on host, three measurements.	curated	high	Imported from S1 Table; blank source cells were not treated as measured interactions.
mirzaei2015_ecor_68_su32_eop	MirzaeiNilsson2015_EOP	supplement	25794006	10.1371/journal.pone.0118557	eop	Escherichia coli	ECOR_68		SU32		primary isolation host	< 0.001	<	0.001	none	resistant	no_plaques	not_evaluated		not_evaluated	P2 prophage marker: 1	Stationary-phase bacteria, double-layer plaque assay, 30 C overnight; EOP is average PFU on target divided by average PFU on host, three measurements.	curated	high	Imported from S1 Table; blank source cells were not treated as measured interactions.
mirzaei2015_ecor_68_su63_eop	MirzaeiNilsson2015_EOP	supplement	25794006	10.1371/journal.pone.0118557	eop	Escherichia coli	ECOR_68		SU63		primary isolation host	0.08±0.07	=	0.08	low	reduced_susceptibility	pinpoint_plaques	not_evaluated		not_evaluated	P2 prophage marker: 1	Stationary-phase bacteria, double-layer plaque assay, 30 C overnight; EOP is average PFU on target divided by average PFU on host, three measurements.	curated	high	Imported from S1 Table; blank source cells were not treated as measured interactions.
mirzaei2015_ecor_69_su57_eop	MirzaeiNilsson2015_EOP	supplement	25794006	10.1371/journal.pone.0118557	eop	Escherichia coli	ECOR_69		SU57		primary isolation host	0	=	0	none	resistant	no_plaques	not_evaluated		not_evaluated	P2 prophage marker: -	Stationary-phase bacteria, double-layer plaque assay, 30 C overnight; EOP is average PFU on target divided by average PFU on host, three measurements.	curated	high	Imported from S1 Table; blank source cells were not treated as measured interactions.
mirzaei2015_ecor_71_su10_eop	MirzaeiNilsson2015_EOP	supplement	25794006	10.1371/journal.pone.0118557	eop	Escherichia coli	ECOR_71		SU10		primary isolation host	0.003±0.001	=	0.003	low	reduced_susceptibility	pinpoint_plaques	not_evaluated		not_evaluated	colicin/plasmid marker: E(E1); P2 prophage marker: -	Stationary-phase bacteria, double-layer plaque assay, 30 C overnight; EOP is average PFU on target divided by average PFU on host, three measurements.	curated	high	Imported from S1 Table; blank source cells were not treated as measured interactions.
mirzaei2015_ecor_71_su16_eop	MirzaeiNilsson2015_EOP	supplement	25794006	10.1371/journal.pone.0118557	eop	Escherichia coli	ECOR_71		SU16		primary isolation host	0.34±0.04	=	0.34	medium	susceptible	clear_plaques	not_evaluated		not_evaluated	colicin/plasmid marker: E(E1); P2 prophage marker: -	Stationary-phase bacteria, double-layer plaque assay, 30 C overnight; EOP is average PFU on target divided by average PFU on host, three measurements.	curated	high	Imported from S1 Table; blank source cells were not treated as measured interactions.
mirzaei2015_ecor_71_su27_eop	MirzaeiNilsson2015_EOP	supplement	25794006	10.1371/journal.pone.0118557	eop	Escherichia coli	ECOR_71		SU27		primary isolation host	1.3±0.2	=	1.3	high	susceptible	clear_plaques	not_evaluated		not_evaluated	colicin/plasmid marker: E(E1); P2 prophage marker: -	Stationary-phase bacteria, double-layer plaque assay, 30 C overnight; EOP is average PFU on target divided by average PFU on host, three measurements.	curated	high	Imported from S1 Table; blank source cells were not treated as measured interactions.
mirzaei2015_ecor_71_su63_eop	MirzaeiNilsson2015_EOP	supplement	25794006	10.1371/journal.pone.0118557	eop	Escherichia coli	ECOR_71		SU63		primary isolation host	< 0.001	<	0.001	none	resistant	no_plaques	not_evaluated		not_evaluated	colicin/plasmid marker: E(E1); P2 prophage marker: -	Stationary-phase bacteria, double-layer plaque assay, 30 C overnight; EOP is average PFU on target divided by average PFU on host, three measurements.	curated	high	Imported from S1 Table; blank source cells were not treated as measured interactions.
mirzaei2015_ecor_72_su16_eop	MirzaeiNilsson2015_EOP	supplement	25794006	10.1371/journal.pone.0118557	eop	Escherichia coli	ECOR_72		SU16		primary isolation host	< 0.001	<	0.001	none	resistant	no_plaques	not_evaluated		not_evaluated	P2 prophage marker: -	Stationary-phase bacteria, double-layer plaque assay, 30 C overnight; EOP is average PFU on target divided by average PFU on host, three measurements.	curated	high	Imported from S1 Table; blank source cells were not treated as measured interactions.
mirzaei2015_ecor_72_su63_eop	MirzaeiNilsson2015_EOP	supplement	25794006	10.1371/journal.pone.0118557	eop	Escherichia coli	ECOR_72		SU63		primary isolation host	< 0.001	<	0.001	none	resistant	no_plaques	not_evaluated		not_evaluated	P2 prophage marker: -	Stationary-phase bacteria, double-layer plaque assay, 30 C overnight; EOP is average PFU on target divided by average PFU on host, three measurements.	curated	high	Imported from S1 Table; blank source cells were not treated as measured interactions.
mirzaei2015_esbl_e_coli_19_su10_eop	MirzaeiNilsson2015_EOP	supplement	25794006	10.1371/journal.pone.0118557	eop	Escherichia coli	ESBL_Ecoli_19		SU10		primary isolation host	0.04±0.02	=	0.04	low	reduced_susceptibility	pinpoint_plaques	not_evaluated		not_evaluated		Stationary-phase bacteria, double-layer plaque assay, 30 C overnight; EOP is average PFU on target divided by average PFU on host, three measurements.	curated	high	Imported from S1 Table; blank source cells were not treated as measured interactions.
mirzaei2015_esbl_e_coli_19_su27_eop	MirzaeiNilsson2015_EOP	supplement	25794006	10.1371/journal.pone.0118557	eop	Escherichia coli	ESBL_Ecoli_19		SU27		primary isolation host	0	=	0	none	resistant	no_plaques	not_evaluated		not_evaluated		Stationary-phase bacteria, double-layer plaque assay, 30 C overnight; EOP is average PFU on target divided by average PFU on host, three measurements.	curated	high	Imported from S1 Table; blank source cells were not treated as measured interactions.
mirzaei2015_esbl_e_coli_19_su32_eop	MirzaeiNilsson2015_EOP	supplement	25794006	10.1371/journal.pone.0118557	eop	Escherichia coli	ESBL_Ecoli_19		SU32		primary isolation host	0	=	0	none	resistant	no_plaques	not_evaluated		not_evaluated		Stationary-phase bacteria, double-layer plaque assay, 30 C overnight; EOP is average PFU on target divided by average PFU on host, three measurements.	curated	high	Imported from S1 Table; blank source cells were not treated as measured interactions.
mirzaei2015_esbl_e_coli_19_su63_eop	MirzaeiNilsson2015_EOP	supplement	25794006	10.1371/journal.pone.0118557	eop	Escherichia coli	ESBL_Ecoli_19		SU63		primary isolation host	0	=	0	none	resistant	no_plaques	not_evaluated		not_evaluated		Stationary-phase bacteria, double-layer plaque assay, 30 C overnight; EOP is average PFU on target divided by average PFU on host, three measurements.	curated	high	Imported from S1 Table; blank source cells were not treated as measured interactions.
mirzaei2015_esbl_e_coli_32_su10_eop	MirzaeiNilsson2015_EOP	supplement	25794006	10.1371/journal.pone.0118557	eop	Escherichia coli	ESBL_Ecoli_32		SU10		primary isolation host	0.9±0.3	=	0.9	high	susceptible	clear_plaques	not_evaluated		not_evaluated		Stationary-phase bacteria, double-layer plaque assay, 30 C overnight; EOP is average PFU on target divided by average PFU on host, three measurements.	curated	high	Imported from S1 Table; blank source cells were not treated as measured interactions.
mirzaei2015_esbl_e_coli_32_su16_eop	MirzaeiNilsson2015_EOP	supplement	25794006	10.1371/journal.pone.0118557	eop	Escherichia coli	ESBL_Ecoli_32		SU16		primary isolation host	0.6±0.3	=	0.6	high	susceptible	clear_plaques	not_evaluated		not_evaluated		Stationary-phase bacteria, double-layer plaque assay, 30 C overnight; EOP is average PFU on target divided by average PFU on host, three measurements.	curated	high	Imported from S1 Table; blank source cells were not treated as measured interactions.
mirzaei2015_esbl_e_coli_32_su27_eop	MirzaeiNilsson2015_EOP	supplement	25794006	10.1371/journal.pone.0118557	eop	Escherichia coli	ESBL_Ecoli_32		SU27		primary isolation host	0.06±0.03	=	0.06	low	reduced_susceptibility	pinpoint_plaques	not_evaluated		not_evaluated		Stationary-phase bacteria, double-layer plaque assay, 30 C overnight; EOP is average PFU on target divided by average PFU on host, three measurements.	curated	high	Imported from S1 Table; blank source cells were not treated as measured interactions.
mirzaei2015_esbl_e_coli_32_su63_eop	MirzaeiNilsson2015_EOP	supplement	25794006	10.1371/journal.pone.0118557	eop	Escherichia coli	ESBL_Ecoli_32		SU63		primary isolation host	< 0.001	<	0.001	none	resistant	no_plaques	not_evaluated		not_evaluated		Stationary-phase bacteria, double-layer plaque assay, 30 C overnight; EOP is average PFU on target divided by average PFU on host, three measurements.	curated	high	Imported from S1 Table; blank source cells were not treated as measured interactions.
mirzaei2015_esbl_e_coli_39_su10_eop	MirzaeiNilsson2015_EOP	supplement	25794006	10.1371/journal.pone.0118557	eop	Escherichia coli	ESBL_Ecoli_39		SU10		primary isolation host	1.0±0.3	=	1	high	susceptible	clear_plaques	not_evaluated		not_evaluated		Stationary-phase bacteria, double-layer plaque assay, 30 C overnight; EOP is average PFU on target divided by average PFU on host, three measurements.	curated	high	Imported from S1 Table; blank source cells were not treated as measured interactions.
mirzaei2015_esbl_e_coli_39_su16_eop	MirzaeiNilsson2015_EOP	supplement	25794006	10.1371/journal.pone.0118557	eop	Escherichia coli	ESBL_Ecoli_39		SU16		primary isolation host	1.6±0.2	=	1.6	high	susceptible	clear_plaques	not_evaluated		not_evaluated		Stationary-phase bacteria, double-layer plaque assay, 30 C overnight; EOP is average PFU on target divided by average PFU on host, three measurements.	curated	high	Imported from S1 Table; blank source cells were not treated as measured interactions.
mirzaei2015_esbl_e_coli_39_su57_eop	MirzaeiNilsson2015_EOP	supplement	25794006	10.1371/journal.pone.0118557	eop	Escherichia coli	ESBL_Ecoli_39		SU57		primary isolation host	0	=	0	none	resistant	no_plaques	not_evaluated		not_evaluated		Stationary-phase bacteria, double-layer plaque assay, 30 C overnight; EOP is average PFU on target divided by average PFU on host, three measurements.	curated	high	Imported from S1 Table; blank source cells were not treated as measured interactions.
mirzaei2015_esbl_e_coli_41_su16_eop	MirzaeiNilsson2015_EOP	supplement	25794006	10.1371/journal.pone.0118557	eop	Escherichia coli	ESBL_Ecoli_41		SU16		primary isolation host	0.95±0.33	=	0.95	high	susceptible	clear_plaques	not_evaluated		not_evaluated		Stationary-phase bacteria, double-layer plaque assay, 30 C overnight; EOP is average PFU on target divided by average PFU on host, three measurements.	curated	high	Imported from S1 Table; blank source cells were not treated as measured interactions.
mirzaei2015_esbl_e_coli_41_su63_eop	MirzaeiNilsson2015_EOP	supplement	25794006	10.1371/journal.pone.0118557	eop	Escherichia coli	ESBL_Ecoli_41		SU63		primary isolation host	0	=	0	none	resistant	no_plaques	not_evaluated		not_evaluated		Stationary-phase bacteria, double-layer plaque assay, 30 C overnight; EOP is average PFU on target divided by average PFU on host, three measurements.	curated	high	Imported from S1 Table; blank source cells were not treated as measured interactions.
mirzaei2015_esbl_e_coli_44_su10_eop	MirzaeiNilsson2015_EOP	supplement	25794006	10.1371/journal.pone.0118557	eop	Escherichia coli	ESBL_Ecoli_44		SU10		primary isolation host	0.003±0.001	=	0.003	low	reduced_susceptibility	pinpoint_plaques	not_evaluated		not_evaluated		Stationary-phase bacteria, double-layer plaque assay, 30 C overnight; EOP is average PFU on target divided by average PFU on host, three measurements.	curated	high	Imported from S1 Table; blank source cells were not treated as measured interactions.
mirzaei2015_esbl_e_coli_44_su16_eop	MirzaeiNilsson2015_EOP	supplement	25794006	10.1371/journal.pone.0118557	eop	Escherichia coli	ESBL_Ecoli_44		SU16		primary isolation host	1.2±0.1	=	1.2	high	susceptible	clear_plaques	not_evaluated		not_evaluated		Stationary-phase bacteria, double-layer plaque assay, 30 C overnight; EOP is average PFU on target divided by average PFU on host, three measurements.	curated	high	Imported from S1 Table; blank source cells were not treated as measured interactions.
mirzaei2015_esbl_e_coli_44_su27_eop	MirzaeiNilsson2015_EOP	supplement	25794006	10.1371/journal.pone.0118557	eop	Escherichia coli	ESBL_Ecoli_44		SU27		primary isolation host	1.1±0.4	=	1.1	high	susceptible	clear_plaques	not_evaluated		not_evaluated		Stationary-phase bacteria, double-layer plaque assay, 30 C overnight; EOP is average PFU on target divided by average PFU on host, three measurements.	curated	high	Imported from S1 Table; blank source cells were not treated as measured interactions.
mirzaei2015_esbl_e_coli_44_su32_eop	MirzaeiNilsson2015_EOP	supplement	25794006	10.1371/journal.pone.0118557	eop	Escherichia coli	ESBL_Ecoli_44		SU32		primary isolation host	0.001±0.0008	=	0.001	low	reduced_susceptibility	pinpoint_plaques	not_evaluated		not_evaluated		Stationary-phase bacteria, double-layer plaque assay, 30 C overnight; EOP is average PFU on target divided by average PFU on host, three measurements.	curated	high	Imported from S1 Table; blank source cells were not treated as measured interactions.
mirzaei2015_esbl_e_coli_44_su63_eop	MirzaeiNilsson2015_EOP	supplement	25794006	10.1371/journal.pone.0118557	eop	Escherichia coli	ESBL_Ecoli_44		SU63		primary isolation host	< 0.001	<	0.001	none	resistant	no_plaques	not_evaluated		not_evaluated		Stationary-phase bacteria, double-layer plaque assay, 30 C overnight; EOP is average PFU on target divided by average PFU on host, three measurements.	curated	high	Imported from S1 Table; blank source cells were not treated as measured interactions.
mirzaei2015_esbl_e_coli_127_su27_eop	MirzaeiNilsson2015_EOP	supplement	25794006	10.1371/journal.pone.0118557	eop	Escherichia coli	ESBL_Ecoli_127		SU27		primary isolation host	0.9±0.3	=	0.9	high	susceptible	clear_plaques	not_evaluated		not_evaluated		Stationary-phase bacteria, double-layer plaque assay, 30 C overnight; EOP is average PFU on target divided by average PFU on host, three measurements.	curated	high	Imported from S1 Table; blank source cells were not treated as measured interactions.
mirzaei2015_esbl_e_coli_127_su32_eop	MirzaeiNilsson2015_EOP	supplement	25794006	10.1371/journal.pone.0118557	eop	Escherichia coli	ESBL_Ecoli_127		SU32		primary isolation host	0.001±0.0004	=	0.001	low	reduced_susceptibility	pinpoint_plaques	not_evaluated		not_evaluated		Stationary-phase bacteria, double-layer plaque assay, 30 C overnight; EOP is average PFU on target divided by average PFU on host, three measurements.	curated	high	Imported from S1 Table; blank source cells were not treated as measured interactions.
mirzaei2015_esbl_e_coli_128_su16_eop	MirzaeiNilsson2015_EOP	supplement	25794006	10.1371/journal.pone.0118557	eop	Escherichia coli	ESBL_Ecoli_128		SU16		primary isolation host	1.5±0.4	=	1.5	high	susceptible	clear_plaques	not_evaluated		not_evaluated		Stationary-phase bacteria, double-layer plaque assay, 30 C overnight; EOP is average PFU on target divided by average PFU on host, three measurements.	curated	high	Imported from S1 Table; blank source cells were not treated as measured interactions.
mirzaei2015_esbl_e_coli_128_su27_eop	MirzaeiNilsson2015_EOP	supplement	25794006	10.1371/journal.pone.0118557	eop	Escherichia coli	ESBL_Ecoli_128		SU27		primary isolation host	0.8±0.2	=	0.8	high	susceptible	clear_plaques	not_evaluated		not_evaluated		Stationary-phase bacteria, double-layer plaque assay, 30 C overnight; EOP is average PFU on target divided by average PFU on host, three measurements.	curated	high	Imported from S1 Table; blank source cells were not treated as measured interactions.
mirzaei2015_esbl_e_coli_128_su32_eop	MirzaeiNilsson2015_EOP	supplement	25794006	10.1371/journal.pone.0118557	eop	Escherichia coli	ESBL_Ecoli_128		SU32		primary isolation host	< 0.001	<	0.001	none	resistant	no_plaques	not_evaluated		not_evaluated		Stationary-phase bacteria, double-layer plaque assay, 30 C overnight; EOP is average PFU on target divided by average PFU on host, three measurements.	curated	high	Imported from S1 Table; blank source cells were not treated as measured interactions.
mirzaei2015_esbl_e_coli_128_su63_eop	MirzaeiNilsson2015_EOP	supplement	25794006	10.1371/journal.pone.0118557	eop	Escherichia coli	ESBL_Ecoli_128		SU63		primary isolation host	< 0.001	<	0.001	none	resistant	no_plaques	not_evaluated		not_evaluated		Stationary-phase bacteria, double-layer plaque assay, 30 C overnight; EOP is average PFU on target divided by average PFU on host, three measurements.	curated	high	Imported from S1 Table; blank source cells were not treated as measured interactions.
mirzaei2015_esbl_e_coli_130_su27_eop	MirzaeiNilsson2015_EOP	supplement	25794006	10.1371/journal.pone.0118557	eop	Escherichia coli	ESBL_Ecoli_130		SU27		primary isolation host	< 0.001	<	0.001	none	resistant	no_plaques	not_evaluated		not_evaluated		Stationary-phase bacteria, double-layer plaque assay, 30 C overnight; EOP is average PFU on target divided by average PFU on host, three measurements.	curated	high	Imported from S1 Table; blank source cells were not treated as measured interactions.
mirzaei2015_esbl_e_coli_130_su32_eop	MirzaeiNilsson2015_EOP	supplement	25794006	10.1371/journal.pone.0118557	eop	Escherichia coli	ESBL_Ecoli_130		SU32		primary isolation host	< 0.001	<	0.001	none	resistant	no_plaques	not_evaluated		not_evaluated		Stationary-phase bacteria, double-layer plaque assay, 30 C overnight; EOP is average PFU on target divided by average PFU on host, three measurements.	curated	high	Imported from S1 Table; blank source cells were not treated as measured interactions.
mirzaei2015_esbl_e_coli_130_su63_eop	MirzaeiNilsson2015_EOP	supplement	25794006	10.1371/journal.pone.0118557	eop	Escherichia coli	ESBL_Ecoli_130		SU63		primary isolation host	0	=	0	none	resistant	no_plaques	not_evaluated		not_evaluated		Stationary-phase bacteria, double-layer plaque assay, 30 C overnight; EOP is average PFU on target divided by average PFU on host, three measurements.	curated	high	Imported from S1 Table; blank source cells were not treated as measured interactions.
mirzaei2015_esbl_e_coli_133_su16_eop	MirzaeiNilsson2015_EOP	supplement	25794006	10.1371/journal.pone.0118557	eop	Escherichia coli	ESBL_Ecoli_133		SU16		primary isolation host	0	=	0	none	resistant	no_plaques	not_evaluated		not_evaluated		Stationary-phase bacteria, double-layer plaque assay, 30 C overnight; EOP is average PFU on target divided by average PFU on host, three measurements.	curated	high	Imported from S1 Table; blank source cells were not treated as measured interactions.
mirzaei2015_esbl_e_coli_133_su63_eop	MirzaeiNilsson2015_EOP	supplement	25794006	10.1371/journal.pone.0118557	eop	Escherichia coli	ESBL_Ecoli_133		SU63		primary isolation host	0	=	0	none	resistant	no_plaques	not_evaluated		not_evaluated		Stationary-phase bacteria, double-layer plaque assay, 30 C overnight; EOP is average PFU on target divided by average PFU on host, three measurements.	curated	high	Imported from S1 Table; blank source cells were not treated as measured interactions.
mirzaei2015_esbl_e_coli_134_su27_eop	MirzaeiNilsson2015_EOP	supplement	25794006	10.1371/journal.pone.0118557	eop	Escherichia coli	ESBL_Ecoli_134		SU27		primary isolation host	0	=	0	none	resistant	no_plaques	not_evaluated		not_evaluated		Stationary-phase bacteria, double-layer plaque assay, 30 C overnight; EOP is average PFU on target divided by average PFU on host, three measurements.	curated	high	Imported from S1 Table; blank source cells were not treated as measured interactions.
mirzaei2015_esbl_e_coli_134_su32_eop	MirzaeiNilsson2015_EOP	supplement	25794006	10.1371/journal.pone.0118557	eop	Escherichia coli	ESBL_Ecoli_134		SU32		primary isolation host	0	=	0	none	resistant	no_plaques	not_evaluated		not_evaluated		Stationary-phase bacteria, double-layer plaque assay, 30 C overnight; EOP is average PFU on target divided by average PFU on host, three measurements.	curated	high	Imported from S1 Table; blank source cells were not treated as measured interactions.
mirzaei2015_esbl_e_coli_165_su16_eop	MirzaeiNilsson2015_EOP	supplement	25794006	10.1371/journal.pone.0118557	eop	Escherichia coli	ESBL_Ecoli_165		SU16		primary isolation host	< 0.001	<	0.001	none	resistant	no_plaques	not_evaluated		not_evaluated		Stationary-phase bacteria, double-layer plaque assay, 30 C overnight; EOP is average PFU on target divided by average PFU on host, three measurements.	curated	high	Imported from S1 Table; blank source cells were not treated as measured interactions.
mirzaei2015_esbl_e_coli_165_su27_eop	MirzaeiNilsson2015_EOP	supplement	25794006	10.1371/journal.pone.0118557	eop	Escherichia coli	ESBL_Ecoli_165		SU27		primary isolation host	0	=	0	none	resistant	no_plaques	not_evaluated		not_evaluated		Stationary-phase bacteria, double-layer plaque assay, 30 C overnight; EOP is average PFU on target divided by average PFU on host, three measurements.	curated	high	Imported from S1 Table; blank source cells were not treated as measured interactions.
mirzaei2015_esbl_e_coli_170_su27_eop	MirzaeiNilsson2015_EOP	supplement	25794006	10.1371/journal.pone.0118557	eop	Escherichia coli	ESBL_Ecoli_170		SU27		primary isolation host	< 0.001	<	0.001	none	resistant	no_plaques	not_evaluated		not_evaluated		Stationary-phase bacteria, double-layer plaque assay, 30 C overnight; EOP is average PFU on target divided by average PFU on host, three measurements.	curated	high	Imported from S1 Table; blank source cells were not treated as measured interactions.
mirzaei2015_esbl_e_coli_198_su10_eop	MirzaeiNilsson2015_EOP	supplement	25794006	10.1371/journal.pone.0118557	eop	Escherichia coli	ESBL_Ecoli_198		SU10		primary isolation host	0	=	0	none	resistant	no_plaques	not_evaluated		not_evaluated		Stationary-phase bacteria, double-layer plaque assay, 30 C overnight; EOP is average PFU on target divided by average PFU on host, three measurements.	curated	high	Imported from S1 Table; blank source cells were not treated as measured interactions.
mirzaei2015_esbl_e_coli_198_su27_eop	MirzaeiNilsson2015_EOP	supplement	25794006	10.1371/journal.pone.0118557	eop	Escherichia coli	ESBL_Ecoli_198		SU27		primary isolation host	1.1±0.4	=	1.1	high	susceptible	clear_plaques	not_evaluated		not_evaluated		Stationary-phase bacteria, double-layer plaque assay, 30 C overnight; EOP is average PFU on target divided by average PFU on host, three measurements.	curated	high	Imported from S1 Table; blank source cells were not treated as measured interactions.
mirzaei2015_esbl_e_coli_198_su32_eop	MirzaeiNilsson2015_EOP	supplement	25794006	10.1371/journal.pone.0118557	eop	Escherichia coli	ESBL_Ecoli_198		SU32		primary isolation host	1.55±0.35	=	1.55	high	susceptible	clear_plaques	not_evaluated		not_evaluated		Stationary-phase bacteria, double-layer plaque assay, 30 C overnight; EOP is average PFU on target divided by average PFU on host, three measurements.	curated	high	Imported from S1 Table; blank source cells were not treated as measured interactions.
mirzaei2015_esbl_e_coli_198_su57_eop	MirzaeiNilsson2015_EOP	supplement	25794006	10.1371/journal.pone.0118557	eop	Escherichia coli	ESBL_Ecoli_198		SU57		primary isolation host	1.6±0.4	=	1.6	high	susceptible	clear_plaques	not_evaluated		not_evaluated		Stationary-phase bacteria, double-layer plaque assay, 30 C overnight; EOP is average PFU on target divided by average PFU on host, three measurements.	curated	high	Imported from S1 Table; blank source cells were not treated as measured interactions.
mirzaei2015_esbl_e_coli_198_su63_eop	MirzaeiNilsson2015_EOP	supplement	25794006	10.1371/journal.pone.0118557	eop	Escherichia coli	ESBL_Ecoli_198		SU63		primary isolation host	1.3±0.1	=	1.3	high	susceptible	clear_plaques	not_evaluated		not_evaluated		Stationary-phase bacteria, double-layer plaque assay, 30 C overnight; EOP is average PFU on target divided by average PFU on host, three measurements.	curated	high	Imported from S1 Table; blank source cells were not treated as measured interactions.
mirzaei2015_esbl_e_coli_232_su27_eop	MirzaeiNilsson2015_EOP	supplement	25794006	10.1371/journal.pone.0118557	eop	Escherichia coli	ESBL_Ecoli_232		SU27		primary isolation host	0	=	0	none	resistant	no_plaques	not_evaluated		not_evaluated		Stationary-phase bacteria, double-layer plaque assay, 30 C overnight; EOP is average PFU on target divided by average PFU on host, three measurements.	curated	high	Imported from S1 Table; blank source cells were not treated as measured interactions.
mirzaei2015_esbl_e_coli_314a_su10_eop	MirzaeiNilsson2015_EOP	supplement	25794006	10.1371/journal.pone.0118557	eop	Escherichia coli	ESBL_Ecoli_314A		SU10		primary isolation host	0	=	0	none	resistant	no_plaques	not_evaluated		not_evaluated		Stationary-phase bacteria, double-layer plaque assay, 30 C overnight; EOP is average PFU on target divided by average PFU on host, three measurements.	curated	high	Imported from S1 Table; blank source cells were not treated as measured interactions.
mirzaei2015_esbl_e_coli_314a_su16_eop	MirzaeiNilsson2015_EOP	supplement	25794006	10.1371/journal.pone.0118557	eop	Escherichia coli	ESBL_Ecoli_314A		SU16		primary isolation host	0	=	0	none	resistant	no_plaques	not_evaluated		not_evaluated		Stationary-phase bacteria, double-layer plaque assay, 30 C overnight; EOP is average PFU on target divided by average PFU on host, three measurements.	curated	high	Imported from S1 Table; blank source cells were not treated as measured interactions.
mirzaei2015_esbl_e_coli_314a_su27_eop	MirzaeiNilsson2015_EOP	supplement	25794006	10.1371/journal.pone.0118557	eop	Escherichia coli	ESBL_Ecoli_314A		SU27		primary isolation host	0	=	0	none	resistant	no_plaques	not_evaluated		not_evaluated		Stationary-phase bacteria, double-layer plaque assay, 30 C overnight; EOP is average PFU on target divided by average PFU on host, three measurements.	curated	high	Imported from S1 Table; blank source cells were not treated as measured interactions.
mirzaei2015_esbl_e_coli_314a_su63_eop	MirzaeiNilsson2015_EOP	supplement	25794006	10.1371/journal.pone.0118557	eop	Escherichia coli	ESBL_Ecoli_314A		SU63		primary isolation host	0	=	0	none	resistant	no_plaques	not_evaluated		not_evaluated		Stationary-phase bacteria, double-layer plaque assay, 30 C overnight; EOP is average PFU on target divided by average PFU on host, three measurements.	curated	high	Imported from S1 Table; blank source cells were not treated as measured interactions.
mirzaei2015_esbl_e_coli_314b_su10_eop	MirzaeiNilsson2015_EOP	supplement	25794006	10.1371/journal.pone.0118557	eop	Escherichia coli	ESBL_Ecoli_314B		SU10		primary isolation host	0	=	0	none	resistant	no_plaques	not_evaluated		not_evaluated		Stationary-phase bacteria, double-layer plaque assay, 30 C overnight; EOP is average PFU on target divided by average PFU on host, three measurements.	curated	high	Imported from S1 Table; blank source cells were not treated as measured interactions.
mirzaei2015_esbl_e_coli_314b_su16_eop	MirzaeiNilsson2015_EOP	supplement	25794006	10.1371/journal.pone.0118557	eop	Escherichia coli	ESBL_Ecoli_314B		SU16		primary isolation host	0	=	0	none	resistant	no_plaques	not_evaluated		not_evaluated		Stationary-phase bacteria, double-layer plaque assay, 30 C overnight; EOP is average PFU on target divided by average PFU on host, three measurements.	curated	high	Imported from S1 Table; blank source cells were not treated as measured interactions.
mirzaei2015_esbl_e_coli_314b_su27_eop	MirzaeiNilsson2015_EOP	supplement	25794006	10.1371/journal.pone.0118557	eop	Escherichia coli	ESBL_Ecoli_314B		SU27		primary isolation host	0	=	0	none	resistant	no_plaques	not_evaluated		not_evaluated		Stationary-phase bacteria, double-layer plaque assay, 30 C overnight; EOP is average PFU on target divided by average PFU on host, three measurements.	curated	high	Imported from S1 Table; blank source cells were not treated as measured interactions.
mirzaei2015_sara_15_su32_eop	MirzaeiNilsson2015_EOP	supplement	25794006	10.1371/journal.pone.0118557	eop	Salmonella enterica	SARA_15		SU32		primary isolation host	0.47±0.03	=	0.47	medium	susceptible	clear_plaques	not_evaluated		not_evaluated		Stationary-phase bacteria, double-layer plaque assay, 30 C overnight; EOP is average PFU on target divided by average PFU on host, three measurements.	curated	high	Imported from S1 Table; blank source cells were not treated as measured interactions.
mirzaei2015_sara_15_su57_eop	MirzaeiNilsson2015_EOP	supplement	25794006	10.1371/journal.pone.0118557	eop	Salmonella enterica	SARA_15		SU57		primary isolation host	0.4±0.1	=	0.4	medium	susceptible	clear_plaques	not_evaluated		not_evaluated		Stationary-phase bacteria, double-layer plaque assay, 30 C overnight; EOP is average PFU on target divided by average PFU on host, three measurements.	curated	high	Imported from S1 Table; blank source cells were not treated as measured interactions.
mirzaei2015_sara_15_su63_eop	MirzaeiNilsson2015_EOP	supplement	25794006	10.1371/journal.pone.0118557	eop	Salmonella enterica	SARA_15		SU63		primary isolation host	0	=	0	none	resistant	no_plaques	not_evaluated		not_evaluated		Stationary-phase bacteria, double-layer plaque assay, 30 C overnight; EOP is average PFU on target divided by average PFU on host, three measurements.	curated	high	Imported from S1 Table; blank source cells were not treated as measured interactions.
mirzaei2015_sara_17_su32_eop	MirzaeiNilsson2015_EOP	supplement	25794006	10.1371/journal.pone.0118557	eop	Salmonella enterica	SARA_17		SU32		primary isolation host	0	=	0	none	resistant	no_plaques	not_evaluated		not_evaluated		Stationary-phase bacteria, double-layer plaque assay, 30 C overnight; EOP is average PFU on target divided by average PFU on host, three measurements.	curated	high	Imported from S1 Table; blank source cells were not treated as measured interactions.
mirzaei2015_sara_32_su10_eop	MirzaeiNilsson2015_EOP	supplement	25794006	10.1371/journal.pone.0118557	eop	Salmonella enterica	SARA_32		SU10		primary isolation host	0	=	0	none	resistant	no_plaques	not_evaluated		not_evaluated		Stationary-phase bacteria, double-layer plaque assay, 30 C overnight; EOP is average PFU on target divided by average PFU on host, three measurements.	curated	high	Imported from S1 Table; blank source cells were not treated as measured interactions.
mirzaei2015_sara_33_su27_eop	MirzaeiNilsson2015_EOP	supplement	25794006	10.1371/journal.pone.0118557	eop	Salmonella enterica	SARA_33		SU27		primary isolation host	0	=	0	none	resistant	no_plaques	not_evaluated		not_evaluated		Stationary-phase bacteria, double-layer plaque assay, 30 C overnight; EOP is average PFU on target divided by average PFU on host, three measurements.	curated	high	Imported from S1 Table; blank source cells were not treated as measured interactions.
mirzaei2015_sara_33_su57_eop	MirzaeiNilsson2015_EOP	supplement	25794006	10.1371/journal.pone.0118557	eop	Salmonella enterica	SARA_33		SU57		primary isolation host	0	=	0	none	resistant	no_plaques	not_evaluated		not_evaluated		Stationary-phase bacteria, double-layer plaque assay, 30 C overnight; EOP is average PFU on target divided by average PFU on host, three measurements.	curated	high	Imported from S1 Table; blank source cells were not treated as measured interactions.
mirzaei2015_sara_34_su32_eop	MirzaeiNilsson2015_EOP	supplement	25794006	10.1371/journal.pone.0118557	eop	Salmonella enterica	SARA_34		SU32		primary isolation host	0	=	0	none	resistant	no_plaques	not_evaluated		not_evaluated		Stationary-phase bacteria, double-layer plaque assay, 30 C overnight; EOP is average PFU on target divided by average PFU on host, three measurements.	curated	high	Imported from S1 Table; blank source cells were not treated as measured interactions.
mirzaei2015_sara_42_su32_eop	MirzaeiNilsson2015_EOP	supplement	25794006	10.1371/journal.pone.0118557	eop	Salmonella enterica	SARA_42		SU32		primary isolation host	0	=	0	none	resistant	no_plaques	not_evaluated		not_evaluated		Stationary-phase bacteria, double-layer plaque assay, 30 C overnight; EOP is average PFU on target divided by average PFU on host, three measurements.	curated	high	Imported from S1 Table; blank source cells were not treated as measured interactions.
mirzaei2015_sara_45_su10_eop	MirzaeiNilsson2015_EOP	supplement	25794006	10.1371/journal.pone.0118557	eop	Salmonella enterica	SARA_45		SU10		primary isolation host	0	=	0	none	resistant	no_plaques	not_evaluated		not_evaluated		Stationary-phase bacteria, double-layer plaque assay, 30 C overnight; EOP is average PFU on target divided by average PFU on host, three measurements.	curated	high	Imported from S1 Table; blank source cells were not treated as measured interactions.
mirzaei2015_sara_45_su16_eop	MirzaeiNilsson2015_EOP	supplement	25794006	10.1371/journal.pone.0118557	eop	Salmonella enterica	SARA_45		SU16		primary isolation host	0	=	0	none	resistant	no_plaques	not_evaluated		not_evaluated		Stationary-phase bacteria, double-layer plaque assay, 30 C overnight; EOP is average PFU on target divided by average PFU on host, three measurements.	curated	high	Imported from S1 Table; blank source cells were not treated as measured interactions.
mirzaei2015_sara_45_su27_eop	MirzaeiNilsson2015_EOP	supplement	25794006	10.1371/journal.pone.0118557	eop	Salmonella enterica	SARA_45		SU27		primary isolation host	0	=	0	none	resistant	no_plaques	not_evaluated		not_evaluated		Stationary-phase bacteria, double-layer plaque assay, 30 C overnight; EOP is average PFU on target divided by average PFU on host, three measurements.	curated	high	Imported from S1 Table; blank source cells were not treated as measured interactions.
mirzaei2015_sara_45_su32_eop	MirzaeiNilsson2015_EOP	supplement	25794006	10.1371/journal.pone.0118557	eop	Salmonella enterica	SARA_45		SU32		primary isolation host	0	=	0	none	resistant	no_plaques	not_evaluated		not_evaluated		Stationary-phase bacteria, double-layer plaque assay, 30 C overnight; EOP is average PFU on target divided by average PFU on host, three measurements.	curated	high	Imported from S1 Table; blank source cells were not treated as measured interactions.
mirzaei2015_sara_45_su57_eop	MirzaeiNilsson2015_EOP	supplement	25794006	10.1371/journal.pone.0118557	eop	Salmonella enterica	SARA_45		SU57		primary isolation host	0	=	0	none	resistant	no_plaques	not_evaluated		not_evaluated		Stationary-phase bacteria, double-layer plaque assay, 30 C overnight; EOP is average PFU on target divided by average PFU on host, three measurements.	curated	high	Imported from S1 Table; blank source cells were not treated as measured interactions.
mirzaei2015_sara_50_su32_eop	MirzaeiNilsson2015_EOP	supplement	25794006	10.1371/journal.pone.0118557	eop	Salmonella enterica	SARA_50		SU32		primary isolation host	0.34±0.09	=	0.34	medium	susceptible	clear_plaques	not_evaluated		not_evaluated		Stationary-phase bacteria, double-layer plaque assay, 30 C overnight; EOP is average PFU on target divided by average PFU on host, three measurements.	curated	high	Imported from S1 Table; blank source cells were not treated as measured interactions.
mirzaei2015_sara_61_su32_eop	MirzaeiNilsson2015_EOP	supplement	25794006	10.1371/journal.pone.0118557	eop	Salmonella enterica	SARA_61		SU32		primary isolation host	0	=	0	none	resistant	no_plaques	not_evaluated		not_evaluated		Stationary-phase bacteria, double-layer plaque assay, 30 C overnight; EOP is average PFU on target divided by average PFU on host, three measurements.	curated	high	Imported from S1 Table; blank source cells were not treated as measured interactions.
mirzaei2015_sarb_4_su32_eop	MirzaeiNilsson2015_EOP	supplement	25794006	10.1371/journal.pone.0118557	eop	Salmonella enterica	SARB_4		SU32		primary isolation host	0.004±0.001	=	0.004	low	reduced_susceptibility	pinpoint_plaques	not_evaluated		not_evaluated		Stationary-phase bacteria, double-layer plaque assay, 30 C overnight; EOP is average PFU on target divided by average PFU on host, three measurements.	curated	high	Imported from S1 Table; blank source cells were not treated as measured interactions.
mirzaei2015_sarb_4_su57_eop	MirzaeiNilsson2015_EOP	supplement	25794006	10.1371/journal.pone.0118557	eop	Salmonella enterica	SARB_4		SU57		primary isolation host	< 0.001	<	0.001	none	resistant	no_plaques	not_evaluated		not_evaluated		Stationary-phase bacteria, double-layer plaque assay, 30 C overnight; EOP is average PFU on target divided by average PFU on host, three measurements.	curated	high	Imported from S1 Table; blank source cells were not treated as measured interactions.
mirzaei2015_sarb_5_su16_eop	MirzaeiNilsson2015_EOP	supplement	25794006	10.1371/journal.pone.0118557	eop	Salmonella enterica	SARB_5		SU16		primary isolation host	0	=	0	none	resistant	no_plaques	not_evaluated		not_evaluated		Stationary-phase bacteria, double-layer plaque assay, 30 C overnight; EOP is average PFU on target divided by average PFU on host, three measurements.	curated	high	Imported from S1 Table; blank source cells were not treated as measured interactions.
mirzaei2015_sarb_13_su27_eop	MirzaeiNilsson2015_EOP	supplement	25794006	10.1371/journal.pone.0118557	eop	Salmonella enterica	SARB_13		SU27		primary isolation host	0	=	0	none	resistant	no_plaques	not_evaluated		not_evaluated		Stationary-phase bacteria, double-layer plaque assay, 30 C overnight; EOP is average PFU on target divided by average PFU on host, three measurements.	curated	high	Imported from S1 Table; blank source cells were not treated as measured interactions.
mirzaei2015_sarb_13_su32_eop	MirzaeiNilsson2015_EOP	supplement	25794006	10.1371/journal.pone.0118557	eop	Salmonella enterica	SARB_13		SU32		primary isolation host	0	=	0	none	resistant	no_plaques	not_evaluated		not_evaluated		Stationary-phase bacteria, double-layer plaque assay, 30 C overnight; EOP is average PFU on target divided by average PFU on host, three measurements.	curated	high	Imported from S1 Table; blank source cells were not treated as measured interactions.
mirzaei2015_sarb_21_su10_eop	MirzaeiNilsson2015_EOP	supplement	25794006	10.1371/journal.pone.0118557	eop	Salmonella enterica	SARB_21		SU10		primary isolation host	0	=	0	none	resistant	no_plaques	not_evaluated		not_evaluated		Stationary-phase bacteria, double-layer plaque assay, 30 C overnight; EOP is average PFU on target divided by average PFU on host, three measurements.	curated	high	Imported from S1 Table; blank source cells were not treated as measured interactions.
mirzaei2015_sarb_21_su32_eop	MirzaeiNilsson2015_EOP	supplement	25794006	10.1371/journal.pone.0118557	eop	Salmonella enterica	SARB_21		SU32		primary isolation host	0.3±0.005	=	0.3	medium	susceptible	clear_plaques	not_evaluated		not_evaluated		Stationary-phase bacteria, double-layer plaque assay, 30 C overnight; EOP is average PFU on target divided by average PFU on host, three measurements.	curated	high	Imported from S1 Table; blank source cells were not treated as measured interactions.
mirzaei2015_sarb_21_su57_eop	MirzaeiNilsson2015_EOP	supplement	25794006	10.1371/journal.pone.0118557	eop	Salmonella enterica	SARB_21		SU57		primary isolation host	1.3±0.5	=	1.3	high	susceptible	clear_plaques	not_evaluated		not_evaluated		Stationary-phase bacteria, double-layer plaque assay, 30 C overnight; EOP is average PFU on target divided by average PFU on host, three measurements.	curated	high	Imported from S1 Table; blank source cells were not treated as measured interactions.
mirzaei2015_sarb_47_su10_eop	MirzaeiNilsson2015_EOP	supplement	25794006	10.1371/journal.pone.0118557	eop	Salmonella enterica	SARB_47		SU10		primary isolation host	0	=	0	none	resistant	no_plaques	not_evaluated		not_evaluated		Stationary-phase bacteria, double-layer plaque assay, 30 C overnight; EOP is average PFU on target divided by average PFU on host, three measurements.	curated	high	Imported from S1 Table; blank source cells were not treated as measured interactions.
mirzaei2015_sarb_47_su63_eop	MirzaeiNilsson2015_EOP	supplement	25794006	10.1371/journal.pone.0118557	eop	Salmonella enterica	SARB_47		SU63		primary isolation host	0	=	0	none	resistant	no_plaques	not_evaluated		not_evaluated		Stationary-phase bacteria, double-layer plaque assay, 30 C overnight; EOP is average PFU on target divided by average PFU on host, three measurements.	curated	high	Imported from S1 Table; blank source cells were not treated as measured interactions.
mirzaei2015_sarb_48_su10_eop	MirzaeiNilsson2015_EOP	supplement	25794006	10.1371/journal.pone.0118557	eop	Salmonella enterica	SARB_48		SU10		primary isolation host	0	=	0	none	resistant	no_plaques	not_evaluated		not_evaluated		Stationary-phase bacteria, double-layer plaque assay, 30 C overnight; EOP is average PFU on target divided by average PFU on host, three measurements.	curated	high	Imported from S1 Table; blank source cells were not treated as measured interactions.
mirzaei2015_sarb_48_su32_eop	MirzaeiNilsson2015_EOP	supplement	25794006	10.1371/journal.pone.0118557	eop	Salmonella enterica	SARB_48		SU32		primary isolation host	0	=	0	none	resistant	no_plaques	not_evaluated		not_evaluated		Stationary-phase bacteria, double-layer plaque assay, 30 C overnight; EOP is average PFU on target divided by average PFU on host, three measurements.	curated	high	Imported from S1 Table; blank source cells were not treated as measured interactions.
mirzaei2015_sarb_48_su57_eop	MirzaeiNilsson2015_EOP	supplement	25794006	10.1371/journal.pone.0118557	eop	Salmonella enterica	SARB_48		SU57		primary isolation host	0	=	0	none	resistant	no_plaques	not_evaluated		not_evaluated		Stationary-phase bacteria, double-layer plaque assay, 30 C overnight; EOP is average PFU on target divided by average PFU on host, three measurements.	curated	high	Imported from S1 Table; blank source cells were not treated as measured interactions.
mirzaei2015_sarb_49_su63_eop	MirzaeiNilsson2015_EOP	supplement	25794006	10.1371/journal.pone.0118557	eop	Salmonella enterica	SARB_49		SU63		primary isolation host	0	=	0	none	resistant	no_plaques	not_evaluated		not_evaluated		Stationary-phase bacteria, double-layer plaque assay, 30 C overnight; EOP is average PFU on target divided by average PFU on host, three measurements.	curated	high	Imported from S1 Table; blank source cells were not treated as measured interactions.
mirzaei2015_sarb_50_su16_eop	MirzaeiNilsson2015_EOP	supplement	25794006	10.1371/journal.pone.0118557	eop	Salmonella enterica	SARB_50		SU16		primary isolation host	0	=	0	none	resistant	no_plaques	not_evaluated		not_evaluated		Stationary-phase bacteria, double-layer plaque assay, 30 C overnight; EOP is average PFU on target divided by average PFU on host, three measurements.	curated	high	Imported from S1 Table; blank source cells were not treated as measured interactions.
mirzaei2015_sarb_51_su32_eop	MirzaeiNilsson2015_EOP	supplement	25794006	10.1371/journal.pone.0118557	eop	Salmonella enterica	SARB_51		SU32		primary isolation host	0	=	0	none	resistant	no_plaques	not_evaluated		not_evaluated		Stationary-phase bacteria, double-layer plaque assay, 30 C overnight; EOP is average PFU on target divided by average PFU on host, three measurements.	curated	high	Imported from S1 Table; blank source cells were not treated as measured interactions.
mirzaei2015_sarb_51_su57_eop	MirzaeiNilsson2015_EOP	supplement	25794006	10.1371/journal.pone.0118557	eop	Salmonella enterica	SARB_51		SU57		primary isolation host	< 0.001	<	0.001	none	resistant	no_plaques	not_evaluated		not_evaluated		Stationary-phase bacteria, double-layer plaque assay, 30 C overnight; EOP is average PFU on target divided by average PFU on host, three measurements.	curated	high	Imported from S1 Table; blank source cells were not treated as measured interactions.
mirzaei2015_sarb_57_su63_eop	MirzaeiNilsson2015_EOP	supplement	25794006	10.1371/journal.pone.0118557	eop	Salmonella enterica	SARB_57		SU63		primary isolation host	0	=	0	none	resistant	no_plaques	not_evaluated		not_evaluated		Stationary-phase bacteria, double-layer plaque assay, 30 C overnight; EOP is average PFU on target divided by average PFU on host, three measurements.	curated	high	Imported from S1 Table; blank source cells were not treated as measured interactions.
mirzaei2015_sarb_67_su63_eop	MirzaeiNilsson2015_EOP	supplement	25794006	10.1371/journal.pone.0118557	eop	Salmonella enterica	SARB_67		SU63		primary isolation host	< 0.001	<	0.001	none	resistant	no_plaques	not_evaluated		not_evaluated		Stationary-phase bacteria, double-layer plaque assay, 30 C overnight; EOP is average PFU on target divided by average PFU on host, three measurements.	curated	high	Imported from S1 Table; blank source cells were not treated as measured interactions.
sofy2021_k_pneumoniae_1_host_kpp5_eop	Sofy2021_KPP5	paper	33805298	10.3390/biomedicines9040342	eop	Klebsiella pneumoniae	K_pneumoniae_1_host		KPP-5		reported source reference host	H; 0.5-1.0	range		high	susceptible	clear_plaques	not_evaluated		not_evaluated		Spot test and EOP host-range table; H 0.5-1.0, M 0.2-0.4, L 0.001-0.1, N <0.001.	curated	high	Table 1 source category: food.
sofy2021_k_pneumoniae_2_kpp5_eop	Sofy2021_KPP5	paper	33805298	10.3390/biomedicines9040342	eop	Klebsiella pneumoniae	K_pneumoniae_2		KPP-5		reported source reference host	M; 0.2-0.4	range		medium	susceptible	clear_plaques	not_evaluated		not_evaluated		Spot test and EOP host-range table; H 0.5-1.0, M 0.2-0.4, L 0.001-0.1, N <0.001.	curated	high	Table 1 source category: food.
sofy2021_k_pneumoniae_3_kpp5_eop	Sofy2021_KPP5	paper	33805298	10.3390/biomedicines9040342	eop	Klebsiella pneumoniae	K_pneumoniae_3		KPP-5		reported source reference host	M; 0.2-0.4	range		medium	susceptible	clear_plaques	not_evaluated		not_evaluated		Spot test and EOP host-range table; H 0.5-1.0, M 0.2-0.4, L 0.001-0.1, N <0.001.	curated	high	Table 1 source category: food.
sofy2021_k_pneumoniae_4_kpp5_eop	Sofy2021_KPP5	paper	33805298	10.3390/biomedicines9040342	eop	Klebsiella pneumoniae	K_pneumoniae_4		KPP-5		reported source reference host	H; 0.5-1.0	range		high	susceptible	clear_plaques	not_evaluated		not_evaluated		Spot test and EOP host-range table; H 0.5-1.0, M 0.2-0.4, L 0.001-0.1, N <0.001.	curated	high	Table 1 source category: food.
sofy2021_k_pneumoniae_5_kpp5_eop	Sofy2021_KPP5	paper	33805298	10.3390/biomedicines9040342	eop	Klebsiella pneumoniae	K_pneumoniae_5		KPP-5		reported source reference host	H; 0.5-1.0	range		high	susceptible	clear_plaques	not_evaluated		not_evaluated		Spot test and EOP host-range table; H 0.5-1.0, M 0.2-0.4, L 0.001-0.1, N <0.001.	curated	high	Table 1 source category: food.
sofy2021_k_pneumoniae_6_kpp5_eop	Sofy2021_KPP5	paper	33805298	10.3390/biomedicines9040342	eop	Klebsiella pneumoniae	K_pneumoniae_6		KPP-5		reported source reference host	H; 0.5-1.0	range		high	susceptible	clear_plaques	not_evaluated		not_evaluated		Spot test and EOP host-range table; H 0.5-1.0, M 0.2-0.4, L 0.001-0.1, N <0.001.	curated	high	Table 1 source category: clinical.
sofy2021_k_pneumoniae_7_kpp5_eop	Sofy2021_KPP5	paper	33805298	10.3390/biomedicines9040342	eop	Klebsiella pneumoniae	K_pneumoniae_7		KPP-5		reported source reference host	H; 0.5-1.0	range		high	susceptible	clear_plaques	not_evaluated		not_evaluated		Spot test and EOP host-range table; H 0.5-1.0, M 0.2-0.4, L 0.001-0.1, N <0.001.	curated	high	Table 1 source category: clinical.
sofy2021_k_pneumoniae_8_kpp5_eop	Sofy2021_KPP5	paper	33805298	10.3390/biomedicines9040342	eop	Klebsiella pneumoniae	K_pneumoniae_8		KPP-5		reported source reference host	M; 0.2-0.4	range		medium	susceptible	clear_plaques	not_evaluated		not_evaluated		Spot test and EOP host-range table; H 0.5-1.0, M 0.2-0.4, L 0.001-0.1, N <0.001.	curated	high	Table 1 source category: clinical.
sofy2021_k_pneumoniae_9_kpp5_eop	Sofy2021_KPP5	paper	33805298	10.3390/biomedicines9040342	eop	Klebsiella pneumoniae	K_pneumoniae_9		KPP-5		reported source reference host	H; 0.5-1.0	range		high	susceptible	clear_plaques	not_evaluated		not_evaluated		Spot test and EOP host-range table; H 0.5-1.0, M 0.2-0.4, L 0.001-0.1, N <0.001.	curated	high	Table 1 source category: clinical.
sofy2021_k_pneumoniae_10_kpp5_eop	Sofy2021_KPP5	paper	33805298	10.3390/biomedicines9040342	eop	Klebsiella pneumoniae	K_pneumoniae_10		KPP-5		reported source reference host	M; 0.2-0.4	range		medium	susceptible	clear_plaques	not_evaluated		not_evaluated		Spot test and EOP host-range table; H 0.5-1.0, M 0.2-0.4, L 0.001-0.1, N <0.001.	curated	high	Table 1 source category: clinical.
sofy2021_k_pneumoniae_11_kpp5_eop	Sofy2021_KPP5	paper	33805298	10.3390/biomedicines9040342	eop	Klebsiella pneumoniae	K_pneumoniae_11		KPP-5		reported source reference host	H; 0.5-1.0	range		high	susceptible	clear_plaques	not_evaluated		not_evaluated		Spot test and EOP host-range table; H 0.5-1.0, M 0.2-0.4, L 0.001-0.1, N <0.001.	curated	high	Table 1 source category: clinical.
sofy2021_k_pneumoniae_12_kpp5_eop	Sofy2021_KPP5	paper	33805298	10.3390/biomedicines9040342	eop	Klebsiella pneumoniae	K_pneumoniae_12		KPP-5		reported source reference host	H; 0.5-1.0	range		high	susceptible	clear_plaques	not_evaluated		not_evaluated		Spot test and EOP host-range table; H 0.5-1.0, M 0.2-0.4, L 0.001-0.1, N <0.001.	curated	high	Table 1 source category: clinical.
sofy2021_k_pneumoniae_13_kpp5_eop	Sofy2021_KPP5	paper	33805298	10.3390/biomedicines9040342	eop	Klebsiella pneumoniae	K_pneumoniae_13		KPP-5		reported source reference host	H; 0.5-1.0	range		high	susceptible	clear_plaques	not_evaluated		not_evaluated		Spot test and EOP host-range table; H 0.5-1.0, M 0.2-0.4, L 0.001-0.1, N <0.001.	curated	high	Table 1 source category: clinical.
sofy2021_k_pneumoniae_14_kpp5_eop	Sofy2021_KPP5	paper	33805298	10.3390/biomedicines9040342	eop	Klebsiella pneumoniae	K_pneumoniae_14		KPP-5		reported source reference host	H; 0.5-1.0	range		high	susceptible	clear_plaques	not_evaluated		not_evaluated		Spot test and EOP host-range table; H 0.5-1.0, M 0.2-0.4, L 0.001-0.1, N <0.001.	curated	high	Table 1 source category: clinical.
sofy2021_k_pneumoniae_15_kpp5_eop	Sofy2021_KPP5	paper	33805298	10.3390/biomedicines9040342	eop	Klebsiella pneumoniae	K_pneumoniae_15		KPP-5		reported source reference host	H; 0.5-1.0	range		high	susceptible	clear_plaques	not_evaluated		not_evaluated		Spot test and EOP host-range table; H 0.5-1.0, M 0.2-0.4, L 0.001-0.1, N <0.001.	curated	high	Table 1 source category: clinical.
sofy2021_k_pneumoniae_16_kpp5_eop	Sofy2021_KPP5	paper	33805298	10.3390/biomedicines9040342	eop	Klebsiella pneumoniae	K_pneumoniae_16		KPP-5		reported source reference host	H; 0.5-1.0	range		high	susceptible	clear_plaques	not_evaluated		not_evaluated		Spot test and EOP host-range table; H 0.5-1.0, M 0.2-0.4, L 0.001-0.1, N <0.001.	curated	high	Table 1 source category: clinical.
sofy2021_k_pneumoniae_17_kpp5_eop	Sofy2021_KPP5	paper	33805298	10.3390/biomedicines9040342	eop	Klebsiella pneumoniae	K_pneumoniae_17		KPP-5		reported source reference host	M; 0.2-0.4	range		medium	susceptible	clear_plaques	not_evaluated		not_evaluated		Spot test and EOP host-range table; H 0.5-1.0, M 0.2-0.4, L 0.001-0.1, N <0.001.	curated	high	Table 1 source category: clinical.
sofy2021_k_pneumoniae_18_kpp5_eop	Sofy2021_KPP5	paper	33805298	10.3390/biomedicines9040342	eop	Klebsiella pneumoniae	K_pneumoniae_18		KPP-5		reported source reference host	H; 0.5-1.0	range		high	susceptible	clear_plaques	not_evaluated		not_evaluated		Spot test and EOP host-range table; H 0.5-1.0, M 0.2-0.4, L 0.001-0.1, N <0.001.	curated	high	Table 1 source category: clinical.
sofy2021_k_pneumoniae_19_kpp5_eop	Sofy2021_KPP5	paper	33805298	10.3390/biomedicines9040342	eop	Klebsiella pneumoniae	K_pneumoniae_19		KPP-5		reported source reference host	H; 0.5-1.0	range		high	susceptible	clear_plaques	not_evaluated		not_evaluated		Spot test and EOP host-range table; H 0.5-1.0, M 0.2-0.4, L 0.001-0.1, N <0.001.	curated	high	Table 1 source category: clinical.
sofy2021_e_coli_1_kpp5_eop	Sofy2021_KPP5	paper	33805298	10.3390/biomedicines9040342	eop	Escherichia coli	E_coli_1		KPP-5		reported source reference host	N; <0.001	range		none	resistant	no_plaques	not_evaluated		not_evaluated		Spot test and EOP host-range table; H 0.5-1.0, M 0.2-0.4, L 0.001-0.1, N <0.001.	curated	high	Table 1 source category: clinical.
sofy2021_e_coli_2_kpp5_eop	Sofy2021_KPP5	paper	33805298	10.3390/biomedicines9040342	eop	Escherichia coli	E_coli_2		KPP-5		reported source reference host	N; <0.001	range		none	resistant	no_plaques	not_evaluated		not_evaluated		Spot test and EOP host-range table; H 0.5-1.0, M 0.2-0.4, L 0.001-0.1, N <0.001.	curated	high	Table 1 source category: clinical.
sofy2021_e_coli_3_kpp5_eop	Sofy2021_KPP5	paper	33805298	10.3390/biomedicines9040342	eop	Escherichia coli	E_coli_3		KPP-5		reported source reference host	N; <0.001	range		none	resistant	no_plaques	not_evaluated		not_evaluated		Spot test and EOP host-range table; H 0.5-1.0, M 0.2-0.4, L 0.001-0.1, N <0.001.	curated	high	Table 1 source category: clinical.
sofy2021_e_coli_4_kpp5_eop	Sofy2021_KPP5	paper	33805298	10.3390/biomedicines9040342	eop	Escherichia coli	E_coli_4		KPP-5		reported source reference host	N; <0.001	range		none	resistant	no_plaques	not_evaluated		not_evaluated		Spot test and EOP host-range table; H 0.5-1.0, M 0.2-0.4, L 0.001-0.1, N <0.001.	curated	high	Table 1 source category: clinical.
sofy2021_e_coli_5_kpp5_eop	Sofy2021_KPP5	paper	33805298	10.3390/biomedicines9040342	eop	Escherichia coli	E_coli_5		KPP-5		reported source reference host	N; <0.001	range		none	resistant	no_plaques	not_evaluated		not_evaluated		Spot test and EOP host-range table; H 0.5-1.0, M 0.2-0.4, L 0.001-0.1, N <0.001.	curated	high	Table 1 source category: clinical.
sofy2021_e_coli_6_kpp5_eop	Sofy2021_KPP5	paper	33805298	10.3390/biomedicines9040342	eop	Escherichia coli	E_coli_6		KPP-5		reported source reference host	N; <0.001	range		none	resistant	no_plaques	not_evaluated		not_evaluated		Spot test and EOP host-range table; H 0.5-1.0, M 0.2-0.4, L 0.001-0.1, N <0.001.	curated	high	Table 1 source category: clinical.
sofy2021_s_typhimurium_1_kpp5_eop	Sofy2021_KPP5	paper	33805298	10.3390/biomedicines9040342	eop	Salmonella enterica	S_Typhimurium_1		KPP-5		reported source reference host	N; <0.001	range		none	resistant	no_plaques	not_evaluated		not_evaluated		Spot test and EOP host-range table; H 0.5-1.0, M 0.2-0.4, L 0.001-0.1, N <0.001.	curated	high	Table 1 source category: food.
sofy2021_s_typhimurium_2_kpp5_eop	Sofy2021_KPP5	paper	33805298	10.3390/biomedicines9040342	eop	Salmonella enterica	S_Typhimurium_2		KPP-5		reported source reference host	N; <0.001	range		none	resistant	no_plaques	not_evaluated		not_evaluated		Spot test and EOP host-range table; H 0.5-1.0, M 0.2-0.4, L 0.001-0.1, N <0.001.	curated	high	Table 1 source category: food.
sofy2021_s_typhimurium_3_kpp5_eop	Sofy2021_KPP5	paper	33805298	10.3390/biomedicines9040342	eop	Salmonella enterica	S_Typhimurium_3		KPP-5		reported source reference host	N; <0.001	range		none	resistant	no_plaques	not_evaluated		not_evaluated		Spot test and EOP host-range table; H 0.5-1.0, M 0.2-0.4, L 0.001-0.1, N <0.001.	curated	high	Table 1 source category: food.
sofy2021_p_aeruginosa_1_kpp5_eop	Sofy2021_KPP5	paper	33805298	10.3390/biomedicines9040342	eop	Pseudomonas aeruginosa	P_aeruginosa_1		KPP-5		reported source reference host	N; <0.001	range		none	resistant	no_plaques	not_evaluated		not_evaluated		Spot test and EOP host-range table; H 0.5-1.0, M 0.2-0.4, L 0.001-0.1, N <0.001.	curated	high	Table 1 source category: clinical.
sofy2021_p_aeruginosa_2_kpp5_eop	Sofy2021_KPP5	paper	33805298	10.3390/biomedicines9040342	eop	Pseudomonas aeruginosa	P_aeruginosa_2		KPP-5		reported source reference host	N; <0.001	range		none	resistant	no_plaques	not_evaluated		not_evaluated		Spot test and EOP host-range table; H 0.5-1.0, M 0.2-0.4, L 0.001-0.1, N <0.001.	curated	high	Table 1 source category: clinical.
sofy2021_p_aeruginosa_3_kpp5_eop	Sofy2021_KPP5	paper	33805298	10.3390/biomedicines9040342	eop	Pseudomonas aeruginosa	P_aeruginosa_3		KPP-5		reported source reference host	N; <0.001	range		none	resistant	no_plaques	not_evaluated		not_evaluated		Spot test and EOP host-range table; H 0.5-1.0, M 0.2-0.4, L 0.001-0.1, N <0.001.	curated	high	Table 1 source category: food.
latka2021_kp_9068_kps8_eop	Latka2021_K23Klebsiella	paper	34093432	10.3389/fmicb.2021.669618	eop	Klebsiella pneumoniae	Kp-9068		KpS8		reported source reference host	1.0	=	1	high	susceptible	clear_plaques	not_evaluated		not_evaluated		Table 2 EOP analysis for K23-specific Klebsiella phages.	curated	high	cps-type K23; MLST ST11.
latka2021_kp_9068_vb_kpnm_seu621_eop	Latka2021_K23Klebsiella	paper	34093432	10.3389/fmicb.2021.669618	eop	Klebsiella pneumoniae	Kp-9068		vB_KpnM_Seu621		reported source reference host	1.0	=	1	high	susceptible	clear_plaques	not_evaluated		not_evaluated		Table 2 EOP analysis for K23-specific Klebsiella phages.	curated	high	cps-type K23; MLST ST11.
latka2021_kp_9068_vb_kpnp_dlv622_eop	Latka2021_K23Klebsiella	paper	34093432	10.3389/fmicb.2021.669618	eop	Klebsiella pneumoniae	Kp-9068		vB_KpnP_Dlv622		reported source reference host	1.0	=	1	high	susceptible	clear_plaques	not_evaluated		not_evaluated		Table 2 EOP analysis for K23-specific Klebsiella phages.	curated	high	cps-type K23; MLST ST11.
latka2021_kpi4275_kps8_eop	Latka2021_K23Klebsiella	paper	34093432	10.3389/fmicb.2021.669618	eop	Klebsiella pneumoniae	KPi4275		KpS8		reported source reference host	1.0	=	1	high	susceptible	clear_plaques	not_evaluated		not_evaluated		Table 2 EOP analysis for K23-specific Klebsiella phages.	curated	high	cps-type K23; MLST ST11.
latka2021_kpi4275_vb_kpnm_seu621_eop	Latka2021_K23Klebsiella	paper	34093432	10.3389/fmicb.2021.669618	eop	Klebsiella pneumoniae	KPi4275		vB_KpnM_Seu621		reported source reference host	1.0	=	1	high	susceptible	clear_plaques	not_evaluated		not_evaluated		Table 2 EOP analysis for K23-specific Klebsiella phages.	curated	high	cps-type K23; MLST ST11.
latka2021_kpi4275_vb_kpnp_dlv622_eop	Latka2021_K23Klebsiella	paper	34093432	10.3389/fmicb.2021.669618	eop	Klebsiella pneumoniae	KPi4275		vB_KpnP_Dlv622		reported source reference host	0.006	=	0.006	low	reduced_susceptibility	pinpoint_plaques	not_evaluated		not_evaluated		Table 2 EOP analysis for K23-specific Klebsiella phages.	curated	high	cps-type K23; MLST ST11.
latka2021_kpb2304_15_kps8_eop	Latka2021_K23Klebsiella	paper	34093432	10.3389/fmicb.2021.669618	eop	Klebsiella pneumoniae	KPB2304-15		KpS8		reported source reference host	1.0	=	1	high	susceptible	clear_plaques	not_evaluated		not_evaluated		Table 2 EOP analysis for K23-specific Klebsiella phages.	curated	high	cps-type K23; MLST ST11.
latka2021_kpb2304_15_vb_kpnm_seu621_eop	Latka2021_K23Klebsiella	paper	34093432	10.3389/fmicb.2021.669618	eop	Klebsiella pneumoniae	KPB2304-15		vB_KpnM_Seu621		reported source reference host	1.0	=	1	high	susceptible	clear_plaques	not_evaluated		not_evaluated		Table 2 EOP analysis for K23-specific Klebsiella phages.	curated	high	cps-type K23; MLST ST11.
latka2021_kpb2304_15_vb_kpnp_dlv622_eop	Latka2021_K23Klebsiella	paper	34093432	10.3389/fmicb.2021.669618	eop	Klebsiella pneumoniae	KPB2304-15		vB_KpnP_Dlv622		reported source reference host	0.006	=	0.006	low	reduced_susceptibility	pinpoint_plaques	not_evaluated		not_evaluated		Table 2 EOP analysis for K23-specific Klebsiella phages.	curated	high	cps-type K23; MLST ST11.
latka2021_kpb536_17_2_kps8_eop	Latka2021_K23Klebsiella	paper	34093432	10.3389/fmicb.2021.669618	eop	Klebsiella pneumoniae	KPB536-17-2		KpS8		reported source reference host	0.03	=	0.03	low	reduced_susceptibility	pinpoint_plaques	not_evaluated		not_evaluated		Table 2 EOP analysis for K23-specific Klebsiella phages.	curated	high	cps-type K23; MLST ST1869.
latka2021_kpb536_17_2_vb_kpnm_seu621_eop	Latka2021_K23Klebsiella	paper	34093432	10.3389/fmicb.2021.669618	eop	Klebsiella pneumoniae	KPB536-17-2		vB_KpnM_Seu621		reported source reference host	0.01	=	0.01	low	reduced_susceptibility	pinpoint_plaques	not_evaluated		not_evaluated		Table 2 EOP analysis for K23-specific Klebsiella phages.	curated	high	cps-type K23; MLST ST1869.
latka2021_kpb536_17_2_vb_kpnp_dlv622_eop	Latka2021_K23Klebsiella	paper	34093432	10.3389/fmicb.2021.669618	eop	Klebsiella pneumoniae	KPB536-17-2		vB_KpnP_Dlv622		reported source reference host	0.01	=	0.01	low	reduced_susceptibility	pinpoint_plaques	not_evaluated		not_evaluated		Table 2 EOP analysis for K23-specific Klebsiella phages.	curated	high	cps-type K23; MLST ST1869.
latka2021_kpi1748_kps8_eop	Latka2021_K23Klebsiella	paper	34093432	10.3389/fmicb.2021.669618	eop	Klebsiella pneumoniae	KPi1748		KpS8		reported source reference host	0	=	0	none	resistant	no_plaques	not_evaluated		not_evaluated		Table 2 EOP analysis for K23-specific Klebsiella phages.	curated	high	cps-type K2; MLST ST65.
latka2021_kpi1748_vb_kpnm_seu621_eop	Latka2021_K23Klebsiella	paper	34093432	10.3389/fmicb.2021.669618	eop	Klebsiella pneumoniae	KPi1748		vB_KpnM_Seu621		reported source reference host	0	=	0	none	resistant	no_plaques	not_evaluated		not_evaluated		Table 2 EOP analysis for K23-specific Klebsiella phages.	curated	high	cps-type K2; MLST ST65.
latka2021_kpi1748_vb_kpnp_dlv622_eop	Latka2021_K23Klebsiella	paper	34093432	10.3389/fmicb.2021.669618	eop	Klebsiella pneumoniae	KPi1748		vB_KpnP_Dlv622		reported source reference host	0	=	0	none	resistant	no_plaques	not_evaluated		not_evaluated		Table 2 EOP analysis for K23-specific Klebsiella phages.	curated	high	cps-type K2; MLST ST65.
latka2021_kpi3014_kps8_eop	Latka2021_K23Klebsiella	paper	34093432	10.3389/fmicb.2021.669618	eop	Klebsiella pneumoniae	KPi3014		KpS8		reported source reference host	0	=	0	none	resistant	no_plaques	not_evaluated		not_evaluated		Table 2 EOP analysis for K23-specific Klebsiella phages.	curated	high	cps-type K2; MLST ST2174.
latka2021_kpi3014_vb_kpnm_seu621_eop	Latka2021_K23Klebsiella	paper	34093432	10.3389/fmicb.2021.669618	eop	Klebsiella pneumoniae	KPi3014		vB_KpnM_Seu621		reported source reference host	0	=	0	none	resistant	no_plaques	not_evaluated		not_evaluated		Table 2 EOP analysis for K23-specific Klebsiella phages.	curated	high	cps-type K2; MLST ST2174.
latka2021_kpi3014_vb_kpnp_dlv622_eop	Latka2021_K23Klebsiella	paper	34093432	10.3389/fmicb.2021.669618	eop	Klebsiella pneumoniae	KPi3014		vB_KpnP_Dlv622		reported source reference host	0	=	0	none	resistant	no_plaques	not_evaluated		not_evaluated		Table 2 EOP analysis for K23-specific Klebsiella phages.	curated	high	cps-type K2; MLST ST2174.
latka2021_kpi8289_kps8_eop	Latka2021_K23Klebsiella	paper	34093432	10.3389/fmicb.2021.669618	eop	Klebsiella pneumoniae	KPi8289		KpS8		reported source reference host	0	=	0	none	resistant	no_plaques	not_evaluated		not_evaluated		Table 2 EOP analysis for K23-specific Klebsiella phages.	curated	high	cps-type K57; MLST ST218.
latka2021_kpi8289_vb_kpnm_seu621_eop	Latka2021_K23Klebsiella	paper	34093432	10.3389/fmicb.2021.669618	eop	Klebsiella pneumoniae	KPi8289		vB_KpnM_Seu621		reported source reference host	0	=	0	none	resistant	no_plaques	not_evaluated		not_evaluated		Table 2 EOP analysis for K23-specific Klebsiella phages.	curated	high	cps-type K57; MLST ST218.
latka2021_kpi8289_vb_kpnp_dlv622_eop	Latka2021_K23Klebsiella	paper	34093432	10.3389/fmicb.2021.669618	eop	Klebsiella pneumoniae	KPi8289		vB_KpnP_Dlv622		reported source reference host	0	=	0	none	resistant	no_plaques	not_evaluated		not_evaluated		Table 2 EOP analysis for K23-specific Klebsiella phages.	curated	high	cps-type K57; MLST ST218.
latka2021_kpb2580_kps8_eop	Latka2021_K23Klebsiella	paper	34093432	10.3389/fmicb.2021.669618	eop	Klebsiella pneumoniae	KPB2580		KpS8		reported source reference host	0	=	0	none	resistant	no_plaques	not_evaluated		not_evaluated		Table 2 EOP analysis for K23-specific Klebsiella phages.	curated	high	cps-type K1; MLST ST23.
latka2021_kpb2580_vb_kpnm_seu621_eop	Latka2021_K23Klebsiella	paper	34093432	10.3389/fmicb.2021.669618	eop	Klebsiella pneumoniae	KPB2580		vB_KpnM_Seu621		reported source reference host	0	=	0	none	resistant	no_plaques	not_evaluated		not_evaluated		Table 2 EOP analysis for K23-specific Klebsiella phages.	curated	high	cps-type K1; MLST ST23.
latka2021_kpb2580_vb_kpnp_dlv622_eop	Latka2021_K23Klebsiella	paper	34093432	10.3389/fmicb.2021.669618	eop	Klebsiella pneumoniae	KPB2580		vB_KpnP_Dlv622		reported source reference host	0	=	0	none	resistant	no_plaques	not_evaluated		not_evaluated		Table 2 EOP analysis for K23-specific Klebsiella phages.	curated	high	cps-type K1; MLST ST23.
singh2025_kpci1_kpkp_eop	Singh2025_KpCocktail	paper		10.3389/fmicb.2025.1588472	eop	Klebsiella pneumoniae	KPCI1		KPKp		reported source reference host	0.64	=	0.64	high	susceptible	clear_plaques	not_evaluated		not_evaluated		Table 3 EOP against MDR K. pneumoniae clinical isolates, compared with K. pneumoniae ATCC 700603.	curated	high	Individual phages KPKp/KSKp and combined cocktail reported.
singh2025_kpci1_kskp_eop	Singh2025_KpCocktail	paper		10.3389/fmicb.2025.1588472	eop	Klebsiella pneumoniae	KPCI1		KSKp		reported source reference host	0.026	=	0.026	low	reduced_susceptibility	pinpoint_plaques	not_evaluated		not_evaluated		Table 3 EOP against MDR K. pneumoniae clinical isolates, compared with K. pneumoniae ATCC 700603.	curated	high	Individual phages KPKp/KSKp and combined cocktail reported.
singh2025_kpci1_kpkp_kskp_cocktail_eop	Singh2025_KpCocktail	paper		10.3389/fmicb.2025.1588472	eop	Klebsiella pneumoniae	KPCI1		KPKp_KSKp_cocktail		reported source reference host	0.85	=	0.85	high	susceptible	clear_plaques	not_evaluated		not_evaluated		Table 3 EOP against MDR K. pneumoniae clinical isolates, compared with K. pneumoniae ATCC 700603.	curated	high	Individual phages KPKp/KSKp and combined cocktail reported.
singh2025_kpci2_kpkp_eop	Singh2025_KpCocktail	paper		10.3389/fmicb.2025.1588472	eop	Klebsiella pneumoniae	KPCI2		KPKp		reported source reference host	0.05	=	0.05	low	reduced_susceptibility	pinpoint_plaques	not_evaluated		not_evaluated		Table 3 EOP against MDR K. pneumoniae clinical isolates, compared with K. pneumoniae ATCC 700603.	curated	high	Individual phages KPKp/KSKp and combined cocktail reported.
singh2025_kpci2_kskp_eop	Singh2025_KpCocktail	paper		10.3389/fmicb.2025.1588472	eop	Klebsiella pneumoniae	KPCI2		KSKp		reported source reference host	6.78	=	6.78	high	susceptible	clear_plaques	not_evaluated		not_evaluated		Table 3 EOP against MDR K. pneumoniae clinical isolates, compared with K. pneumoniae ATCC 700603.	curated	high	Individual phages KPKp/KSKp and combined cocktail reported.
singh2025_kpci2_kpkp_kskp_cocktail_eop	Singh2025_KpCocktail	paper		10.3389/fmicb.2025.1588472	eop	Klebsiella pneumoniae	KPCI2		KPKp_KSKp_cocktail		reported source reference host	0.90	=	0.9	high	susceptible	clear_plaques	not_evaluated		not_evaluated		Table 3 EOP against MDR K. pneumoniae clinical isolates, compared with K. pneumoniae ATCC 700603.	curated	high	Individual phages KPKp/KSKp and combined cocktail reported.
singh2025_kpci3_kpkp_eop	Singh2025_KpCocktail	paper		10.3389/fmicb.2025.1588472	eop	Klebsiella pneumoniae	KPCI3		KPKp		reported source reference host	0	=	0	none	resistant	no_plaques	not_evaluated		not_evaluated		Table 3 EOP against MDR K. pneumoniae clinical isolates, compared with K. pneumoniae ATCC 700603.	curated	high	Individual phages KPKp/KSKp and combined cocktail reported.
singh2025_kpci3_kskp_eop	Singh2025_KpCocktail	paper		10.3389/fmicb.2025.1588472	eop	Klebsiella pneumoniae	KPCI3		KSKp		reported source reference host	0.26	=	0.26	medium	susceptible	clear_plaques	not_evaluated		not_evaluated		Table 3 EOP against MDR K. pneumoniae clinical isolates, compared with K. pneumoniae ATCC 700603.	curated	high	Individual phages KPKp/KSKp and combined cocktail reported.
singh2025_kpci3_kpkp_kskp_cocktail_eop	Singh2025_KpCocktail	paper		10.3389/fmicb.2025.1588472	eop	Klebsiella pneumoniae	KPCI3		KPKp_KSKp_cocktail		reported source reference host	0.33	=	0.33	medium	susceptible	clear_plaques	not_evaluated		not_evaluated		Table 3 EOP against MDR K. pneumoniae clinical isolates, compared with K. pneumoniae ATCC 700603.	curated	high	Individual phages KPKp/KSKp and combined cocktail reported.
singh2025_kpci4_kpkp_eop	Singh2025_KpCocktail	paper		10.3389/fmicb.2025.1588472	eop	Klebsiella pneumoniae	KPCI4		KPKp		reported source reference host	0.55	=	0.55	high	susceptible	clear_plaques	not_evaluated		not_evaluated		Table 3 EOP against MDR K. pneumoniae clinical isolates, compared with K. pneumoniae ATCC 700603.	curated	high	Individual phages KPKp/KSKp and combined cocktail reported.
singh2025_kpci4_kskp_eop	Singh2025_KpCocktail	paper		10.3389/fmicb.2025.1588472	eop	Klebsiella pneumoniae	KPCI4		KSKp		reported source reference host	0.0002	=	0.0002	trace	resistant	pinpoint_plaques	not_evaluated		not_evaluated		Table 3 EOP against MDR K. pneumoniae clinical isolates, compared with K. pneumoniae ATCC 700603.	curated	high	Individual phages KPKp/KSKp and combined cocktail reported.
singh2025_kpci4_kpkp_kskp_cocktail_eop	Singh2025_KpCocktail	paper		10.3389/fmicb.2025.1588472	eop	Klebsiella pneumoniae	KPCI4		KPKp_KSKp_cocktail		reported source reference host	0.70	=	0.7	high	susceptible	clear_plaques	not_evaluated		not_evaluated		Table 3 EOP against MDR K. pneumoniae clinical isolates, compared with K. pneumoniae ATCC 700603.	curated	high	Individual phages KPKp/KSKp and combined cocktail reported.
abdelhadi2021_s_typhimurium_st_4_host_vb_sts_1_eop	Abdelhadi2021_STM2	paper		10.3390/su132111602	eop	Salmonella enterica	S_Typhimurium_ST_4_host		vB_STS_1		reported source reference host	M; 0.2-0.4	range		medium	susceptible	clear_plaques	not_evaluated		not_evaluated		Table 2 spot test and EOP categories; H 0.5-1.0, M 0.2-0.4, L 0.001-0.1, N inefficient.	curated	high	Imported from Table 2 category matrix.
abdelhadi2021_s_typhimurium_st_4_host_vb_stm_2_eop	Abdelhadi2021_STM2	paper		10.3390/su132111602	eop	Salmonella enterica	S_Typhimurium_ST_4_host		vB_STM_2		reported source reference host	H; 0.5-1.0	range		high	susceptible	clear_plaques	not_evaluated		not_evaluated		Table 2 spot test and EOP categories; H 0.5-1.0, M 0.2-0.4, L 0.001-0.1, N inefficient.	curated	high	Imported from Table 2 category matrix.
abdelhadi2021_s_typhimurium_st_4_host_vb_sts_3_eop	Abdelhadi2021_STM2	paper		10.3390/su132111602	eop	Salmonella enterica	S_Typhimurium_ST_4_host		vB_STS_3		reported source reference host	H; 0.5-1.0	range		high	susceptible	clear_plaques	not_evaluated		not_evaluated		Table 2 spot test and EOP categories; H 0.5-1.0, M 0.2-0.4, L 0.001-0.1, N inefficient.	curated	high	Imported from Table 2 category matrix.
abdelhadi2021_s_typhimurium_st_7_vb_sts_1_eop	Abdelhadi2021_STM2	paper		10.3390/su132111602	eop	Salmonella enterica	S_Typhimurium_ST_7		vB_STS_1		reported source reference host	H; 0.5-1.0	range		high	susceptible	clear_plaques	not_evaluated		not_evaluated		Table 2 spot test and EOP categories; H 0.5-1.0, M 0.2-0.4, L 0.001-0.1, N inefficient.	curated	high	Imported from Table 2 category matrix.
abdelhadi2021_s_typhimurium_st_7_vb_stm_2_eop	Abdelhadi2021_STM2	paper		10.3390/su132111602	eop	Salmonella enterica	S_Typhimurium_ST_7		vB_STM_2		reported source reference host	H; 0.5-1.0	range		high	susceptible	clear_plaques	not_evaluated		not_evaluated		Table 2 spot test and EOP categories; H 0.5-1.0, M 0.2-0.4, L 0.001-0.1, N inefficient.	curated	high	Imported from Table 2 category matrix.
abdelhadi2021_s_typhimurium_st_7_vb_sts_3_eop	Abdelhadi2021_STM2	paper		10.3390/su132111602	eop	Salmonella enterica	S_Typhimurium_ST_7		vB_STS_3		reported source reference host	M; 0.2-0.4	range		medium	susceptible	clear_plaques	not_evaluated		not_evaluated		Table 2 spot test and EOP categories; H 0.5-1.0, M 0.2-0.4, L 0.001-0.1, N inefficient.	curated	high	Imported from Table 2 category matrix.
abdelhadi2021_s_typhimurium_st_9_vb_sts_1_eop	Abdelhadi2021_STM2	paper		10.3390/su132111602	eop	Salmonella enterica	S_Typhimurium_ST_9		vB_STS_1		reported source reference host	N; inefficient	range		none	resistant	no_plaques	not_evaluated		not_evaluated		Table 2 spot test and EOP categories; H 0.5-1.0, M 0.2-0.4, L 0.001-0.1, N inefficient.	curated	high	Imported from Table 2 category matrix.
abdelhadi2021_s_typhimurium_st_9_vb_stm_2_eop	Abdelhadi2021_STM2	paper		10.3390/su132111602	eop	Salmonella enterica	S_Typhimurium_ST_9		vB_STM_2		reported source reference host	M; 0.2-0.4	range		medium	susceptible	clear_plaques	not_evaluated		not_evaluated		Table 2 spot test and EOP categories; H 0.5-1.0, M 0.2-0.4, L 0.001-0.1, N inefficient.	curated	high	Imported from Table 2 category matrix.
abdelhadi2021_s_typhimurium_st_9_vb_sts_3_eop	Abdelhadi2021_STM2	paper		10.3390/su132111602	eop	Salmonella enterica	S_Typhimurium_ST_9		vB_STS_3		reported source reference host	N; inefficient	range		none	resistant	no_plaques	not_evaluated		not_evaluated		Table 2 spot test and EOP categories; H 0.5-1.0, M 0.2-0.4, L 0.001-0.1, N inefficient.	curated	high	Imported from Table 2 category matrix.
abdelhadi2021_s_typhimurium_st_14_vb_sts_1_eop	Abdelhadi2021_STM2	paper		10.3390/su132111602	eop	Salmonella enterica	S_Typhimurium_ST_14		vB_STS_1		reported source reference host	N; inefficient	range		none	resistant	no_plaques	not_evaluated		not_evaluated		Table 2 spot test and EOP categories; H 0.5-1.0, M 0.2-0.4, L 0.001-0.1, N inefficient.	curated	high	Imported from Table 2 category matrix.
abdelhadi2021_s_typhimurium_st_14_vb_stm_2_eop	Abdelhadi2021_STM2	paper		10.3390/su132111602	eop	Salmonella enterica	S_Typhimurium_ST_14		vB_STM_2		reported source reference host	H; 0.5-1.0	range		high	susceptible	clear_plaques	not_evaluated		not_evaluated		Table 2 spot test and EOP categories; H 0.5-1.0, M 0.2-0.4, L 0.001-0.1, N inefficient.	curated	high	Imported from Table 2 category matrix.
abdelhadi2021_s_typhimurium_st_14_vb_sts_3_eop	Abdelhadi2021_STM2	paper		10.3390/su132111602	eop	Salmonella enterica	S_Typhimurium_ST_14		vB_STS_3		reported source reference host	N; inefficient	range		none	resistant	no_plaques	not_evaluated		not_evaluated		Table 2 spot test and EOP categories; H 0.5-1.0, M 0.2-0.4, L 0.001-0.1, N inefficient.	curated	high	Imported from Table 2 category matrix.
abdelhadi2021_s_typhimurium_st_16_vb_sts_1_eop	Abdelhadi2021_STM2	paper		10.3390/su132111602	eop	Salmonella enterica	S_Typhimurium_ST_16		vB_STS_1		reported source reference host	H; 0.5-1.0	range		high	susceptible	clear_plaques	not_evaluated		not_evaluated		Table 2 spot test and EOP categories; H 0.5-1.0, M 0.2-0.4, L 0.001-0.1, N inefficient.	curated	high	Imported from Table 2 category matrix.
abdelhadi2021_s_typhimurium_st_16_vb_stm_2_eop	Abdelhadi2021_STM2	paper		10.3390/su132111602	eop	Salmonella enterica	S_Typhimurium_ST_16		vB_STM_2		reported source reference host	H; 0.5-1.0	range		high	susceptible	clear_plaques	not_evaluated		not_evaluated		Table 2 spot test and EOP categories; H 0.5-1.0, M 0.2-0.4, L 0.001-0.1, N inefficient.	curated	high	Imported from Table 2 category matrix.
abdelhadi2021_s_typhimurium_st_16_vb_sts_3_eop	Abdelhadi2021_STM2	paper		10.3390/su132111602	eop	Salmonella enterica	S_Typhimurium_ST_16		vB_STS_3		reported source reference host	M; 0.2-0.4	range		medium	susceptible	clear_plaques	not_evaluated		not_evaluated		Table 2 spot test and EOP categories; H 0.5-1.0, M 0.2-0.4, L 0.001-0.1, N inefficient.	curated	high	Imported from Table 2 category matrix.
abdelhadi2021_s_typhimurium_st_19_vb_sts_1_eop	Abdelhadi2021_STM2	paper		10.3390/su132111602	eop	Salmonella enterica	S_Typhimurium_ST_19		vB_STS_1		reported source reference host	M; 0.2-0.4	range		medium	susceptible	clear_plaques	not_evaluated		not_evaluated		Table 2 spot test and EOP categories; H 0.5-1.0, M 0.2-0.4, L 0.001-0.1, N inefficient.	curated	high	Imported from Table 2 category matrix.
abdelhadi2021_s_typhimurium_st_19_vb_stm_2_eop	Abdelhadi2021_STM2	paper		10.3390/su132111602	eop	Salmonella enterica	S_Typhimurium_ST_19		vB_STM_2		reported source reference host	H; 0.5-1.0	range		high	susceptible	clear_plaques	not_evaluated		not_evaluated		Table 2 spot test and EOP categories; H 0.5-1.0, M 0.2-0.4, L 0.001-0.1, N inefficient.	curated	high	Imported from Table 2 category matrix.
abdelhadi2021_s_typhimurium_st_19_vb_sts_3_eop	Abdelhadi2021_STM2	paper		10.3390/su132111602	eop	Salmonella enterica	S_Typhimurium_ST_19		vB_STS_3		reported source reference host	M; 0.2-0.4	range		medium	susceptible	clear_plaques	not_evaluated		not_evaluated		Table 2 spot test and EOP categories; H 0.5-1.0, M 0.2-0.4, L 0.001-0.1, N inefficient.	curated	high	Imported from Table 2 category matrix.
abdelhadi2021_s_typhimurium_st_21_vb_sts_1_eop	Abdelhadi2021_STM2	paper		10.3390/su132111602	eop	Salmonella enterica	S_Typhimurium_ST_21		vB_STS_1		reported source reference host	N; inefficient	range		none	resistant	no_plaques	not_evaluated		not_evaluated		Table 2 spot test and EOP categories; H 0.5-1.0, M 0.2-0.4, L 0.001-0.1, N inefficient.	curated	high	Imported from Table 2 category matrix.
abdelhadi2021_s_typhimurium_st_21_vb_stm_2_eop	Abdelhadi2021_STM2	paper		10.3390/su132111602	eop	Salmonella enterica	S_Typhimurium_ST_21		vB_STM_2		reported source reference host	M; 0.2-0.4	range		medium	susceptible	clear_plaques	not_evaluated		not_evaluated		Table 2 spot test and EOP categories; H 0.5-1.0, M 0.2-0.4, L 0.001-0.1, N inefficient.	curated	high	Imported from Table 2 category matrix.
abdelhadi2021_s_typhimurium_st_21_vb_sts_3_eop	Abdelhadi2021_STM2	paper		10.3390/su132111602	eop	Salmonella enterica	S_Typhimurium_ST_21		vB_STS_3		reported source reference host	M; 0.2-0.4	range		medium	susceptible	clear_plaques	not_evaluated		not_evaluated		Table 2 spot test and EOP categories; H 0.5-1.0, M 0.2-0.4, L 0.001-0.1, N inefficient.	curated	high	Imported from Table 2 category matrix.
abdelhadi2021_s_typhimurium_st_22_vb_sts_1_eop	Abdelhadi2021_STM2	paper		10.3390/su132111602	eop	Salmonella enterica	S_Typhimurium_ST_22		vB_STS_1		reported source reference host	N; inefficient	range		none	resistant	no_plaques	not_evaluated		not_evaluated		Table 2 spot test and EOP categories; H 0.5-1.0, M 0.2-0.4, L 0.001-0.1, N inefficient.	curated	high	Imported from Table 2 category matrix.
abdelhadi2021_s_typhimurium_st_22_vb_stm_2_eop	Abdelhadi2021_STM2	paper		10.3390/su132111602	eop	Salmonella enterica	S_Typhimurium_ST_22		vB_STM_2		reported source reference host	H; 0.5-1.0	range		high	susceptible	clear_plaques	not_evaluated		not_evaluated		Table 2 spot test and EOP categories; H 0.5-1.0, M 0.2-0.4, L 0.001-0.1, N inefficient.	curated	high	Imported from Table 2 category matrix.
abdelhadi2021_s_typhimurium_st_22_vb_sts_3_eop	Abdelhadi2021_STM2	paper		10.3390/su132111602	eop	Salmonella enterica	S_Typhimurium_ST_22		vB_STS_3		reported source reference host	N; inefficient	range		none	resistant	no_plaques	not_evaluated		not_evaluated		Table 2 spot test and EOP categories; H 0.5-1.0, M 0.2-0.4, L 0.001-0.1, N inefficient.	curated	high	Imported from Table 2 category matrix.
abdelhadi2021_s_typhimurium_st_27_vb_sts_1_eop	Abdelhadi2021_STM2	paper		10.3390/su132111602	eop	Salmonella enterica	S_Typhimurium_ST_27		vB_STS_1		reported source reference host	M; 0.2-0.4	range		medium	susceptible	clear_plaques	not_evaluated		not_evaluated		Table 2 spot test and EOP categories; H 0.5-1.0, M 0.2-0.4, L 0.001-0.1, N inefficient.	curated	high	Imported from Table 2 category matrix.
abdelhadi2021_s_typhimurium_st_27_vb_stm_2_eop	Abdelhadi2021_STM2	paper		10.3390/su132111602	eop	Salmonella enterica	S_Typhimurium_ST_27		vB_STM_2		reported source reference host	H; 0.5-1.0	range		high	susceptible	clear_plaques	not_evaluated		not_evaluated		Table 2 spot test and EOP categories; H 0.5-1.0, M 0.2-0.4, L 0.001-0.1, N inefficient.	curated	high	Imported from Table 2 category matrix.
abdelhadi2021_s_typhimurium_st_27_vb_sts_3_eop	Abdelhadi2021_STM2	paper		10.3390/su132111602	eop	Salmonella enterica	S_Typhimurium_ST_27		vB_STS_3		reported source reference host	M; 0.2-0.4	range		medium	susceptible	clear_plaques	not_evaluated		not_evaluated		Table 2 spot test and EOP categories; H 0.5-1.0, M 0.2-0.4, L 0.001-0.1, N inefficient.	curated	high	Imported from Table 2 category matrix.
abdelhadi2021_s_typhimurium_st_30_vb_sts_1_eop	Abdelhadi2021_STM2	paper		10.3390/su132111602	eop	Salmonella enterica	S_Typhimurium_ST_30		vB_STS_1		reported source reference host	H; 0.5-1.0	range		high	susceptible	clear_plaques	not_evaluated		not_evaluated		Table 2 spot test and EOP categories; H 0.5-1.0, M 0.2-0.4, L 0.001-0.1, N inefficient.	curated	high	Imported from Table 2 category matrix.
abdelhadi2021_s_typhimurium_st_30_vb_stm_2_eop	Abdelhadi2021_STM2	paper		10.3390/su132111602	eop	Salmonella enterica	S_Typhimurium_ST_30		vB_STM_2		reported source reference host	H; 0.5-1.0	range		high	susceptible	clear_plaques	not_evaluated		not_evaluated		Table 2 spot test and EOP categories; H 0.5-1.0, M 0.2-0.4, L 0.001-0.1, N inefficient.	curated	high	Imported from Table 2 category matrix.
abdelhadi2021_s_typhimurium_st_30_vb_sts_3_eop	Abdelhadi2021_STM2	paper		10.3390/su132111602	eop	Salmonella enterica	S_Typhimurium_ST_30		vB_STS_3		reported source reference host	N; inefficient	range		none	resistant	no_plaques	not_evaluated		not_evaluated		Table 2 spot test and EOP categories; H 0.5-1.0, M 0.2-0.4, L 0.001-0.1, N inefficient.	curated	high	Imported from Table 2 category matrix.
abdelhadi2021_s_typhimurium_st_33_vb_sts_1_eop	Abdelhadi2021_STM2	paper		10.3390/su132111602	eop	Salmonella enterica	S_Typhimurium_ST_33		vB_STS_1		reported source reference host	N; inefficient	range		none	resistant	no_plaques	not_evaluated		not_evaluated		Table 2 spot test and EOP categories; H 0.5-1.0, M 0.2-0.4, L 0.001-0.1, N inefficient.	curated	high	Imported from Table 2 category matrix.
abdelhadi2021_s_typhimurium_st_33_vb_stm_2_eop	Abdelhadi2021_STM2	paper		10.3390/su132111602	eop	Salmonella enterica	S_Typhimurium_ST_33		vB_STM_2		reported source reference host	M; 0.2-0.4	range		medium	susceptible	clear_plaques	not_evaluated		not_evaluated		Table 2 spot test and EOP categories; H 0.5-1.0, M 0.2-0.4, L 0.001-0.1, N inefficient.	curated	high	Imported from Table 2 category matrix.
abdelhadi2021_s_typhimurium_st_33_vb_sts_3_eop	Abdelhadi2021_STM2	paper		10.3390/su132111602	eop	Salmonella enterica	S_Typhimurium_ST_33		vB_STS_3		reported source reference host	N; inefficient	range		none	resistant	no_plaques	not_evaluated		not_evaluated		Table 2 spot test and EOP categories; H 0.5-1.0, M 0.2-0.4, L 0.001-0.1, N inefficient.	curated	high	Imported from Table 2 category matrix.
abdelhadi2021_s_typhimurium_st_35_vb_sts_1_eop	Abdelhadi2021_STM2	paper		10.3390/su132111602	eop	Salmonella enterica	S_Typhimurium_ST_35		vB_STS_1		reported source reference host	H; 0.5-1.0	range		high	susceptible	clear_plaques	not_evaluated		not_evaluated		Table 2 spot test and EOP categories; H 0.5-1.0, M 0.2-0.4, L 0.001-0.1, N inefficient.	curated	high	Imported from Table 2 category matrix.
abdelhadi2021_s_typhimurium_st_35_vb_stm_2_eop	Abdelhadi2021_STM2	paper		10.3390/su132111602	eop	Salmonella enterica	S_Typhimurium_ST_35		vB_STM_2		reported source reference host	H; 0.5-1.0	range		high	susceptible	clear_plaques	not_evaluated		not_evaluated		Table 2 spot test and EOP categories; H 0.5-1.0, M 0.2-0.4, L 0.001-0.1, N inefficient.	curated	high	Imported from Table 2 category matrix.
abdelhadi2021_s_typhimurium_st_35_vb_sts_3_eop	Abdelhadi2021_STM2	paper		10.3390/su132111602	eop	Salmonella enterica	S_Typhimurium_ST_35		vB_STS_3		reported source reference host	H; 0.5-1.0	range		high	susceptible	clear_plaques	not_evaluated		not_evaluated		Table 2 spot test and EOP categories; H 0.5-1.0, M 0.2-0.4, L 0.001-0.1, N inefficient.	curated	high	Imported from Table 2 category matrix.
abdelhadi2021_s_typhimurium_st_36_vb_sts_1_eop	Abdelhadi2021_STM2	paper		10.3390/su132111602	eop	Salmonella enterica	S_Typhimurium_ST_36		vB_STS_1		reported source reference host	N; inefficient	range		none	resistant	no_plaques	not_evaluated		not_evaluated		Table 2 spot test and EOP categories; H 0.5-1.0, M 0.2-0.4, L 0.001-0.1, N inefficient.	curated	high	Imported from Table 2 category matrix.
abdelhadi2021_s_typhimurium_st_36_vb_stm_2_eop	Abdelhadi2021_STM2	paper		10.3390/su132111602	eop	Salmonella enterica	S_Typhimurium_ST_36		vB_STM_2		reported source reference host	M; 0.2-0.4	range		medium	susceptible	clear_plaques	not_evaluated		not_evaluated		Table 2 spot test and EOP categories; H 0.5-1.0, M 0.2-0.4, L 0.001-0.1, N inefficient.	curated	high	Imported from Table 2 category matrix.
abdelhadi2021_s_typhimurium_st_36_vb_sts_3_eop	Abdelhadi2021_STM2	paper		10.3390/su132111602	eop	Salmonella enterica	S_Typhimurium_ST_36		vB_STS_3		reported source reference host	N; inefficient	range		none	resistant	no_plaques	not_evaluated		not_evaluated		Table 2 spot test and EOP categories; H 0.5-1.0, M 0.2-0.4, L 0.001-0.1, N inefficient.	curated	high	Imported from Table 2 category matrix.
abdelhadi2021_s_typhimurium_st_37_vb_sts_1_eop	Abdelhadi2021_STM2	paper		10.3390/su132111602	eop	Salmonella enterica	S_Typhimurium_ST_37		vB_STS_1		reported source reference host	M; 0.2-0.4	range		medium	susceptible	clear_plaques	not_evaluated		not_evaluated		Table 2 spot test and EOP categories; H 0.5-1.0, M 0.2-0.4, L 0.001-0.1, N inefficient.	curated	high	Imported from Table 2 category matrix.
abdelhadi2021_s_typhimurium_st_37_vb_stm_2_eop	Abdelhadi2021_STM2	paper		10.3390/su132111602	eop	Salmonella enterica	S_Typhimurium_ST_37		vB_STM_2		reported source reference host	H; 0.5-1.0	range		high	susceptible	clear_plaques	not_evaluated		not_evaluated		Table 2 spot test and EOP categories; H 0.5-1.0, M 0.2-0.4, L 0.001-0.1, N inefficient.	curated	high	Imported from Table 2 category matrix.
abdelhadi2021_s_typhimurium_st_37_vb_sts_3_eop	Abdelhadi2021_STM2	paper		10.3390/su132111602	eop	Salmonella enterica	S_Typhimurium_ST_37		vB_STS_3		reported source reference host	N; inefficient	range		none	resistant	no_plaques	not_evaluated		not_evaluated		Table 2 spot test and EOP categories; H 0.5-1.0, M 0.2-0.4, L 0.001-0.1, N inefficient.	curated	high	Imported from Table 2 category matrix.
abdelhadi2021_s_typhimurium_st_38_vb_sts_1_eop	Abdelhadi2021_STM2	paper		10.3390/su132111602	eop	Salmonella enterica	S_Typhimurium_ST_38		vB_STS_1		reported source reference host	M; 0.2-0.4	range		medium	susceptible	clear_plaques	not_evaluated		not_evaluated		Table 2 spot test and EOP categories; H 0.5-1.0, M 0.2-0.4, L 0.001-0.1, N inefficient.	curated	high	Imported from Table 2 category matrix.
abdelhadi2021_s_typhimurium_st_38_vb_stm_2_eop	Abdelhadi2021_STM2	paper		10.3390/su132111602	eop	Salmonella enterica	S_Typhimurium_ST_38		vB_STM_2		reported source reference host	H; 0.5-1.0	range		high	susceptible	clear_plaques	not_evaluated		not_evaluated		Table 2 spot test and EOP categories; H 0.5-1.0, M 0.2-0.4, L 0.001-0.1, N inefficient.	curated	high	Imported from Table 2 category matrix.
abdelhadi2021_s_typhimurium_st_38_vb_sts_3_eop	Abdelhadi2021_STM2	paper		10.3390/su132111602	eop	Salmonella enterica	S_Typhimurium_ST_38		vB_STS_3		reported source reference host	M; 0.2-0.4	range		medium	susceptible	clear_plaques	not_evaluated		not_evaluated		Table 2 spot test and EOP categories; H 0.5-1.0, M 0.2-0.4, L 0.001-0.1, N inefficient.	curated	high	Imported from Table 2 category matrix.
abdelhadi2021_s_typhimurium_st_41_vb_sts_1_eop	Abdelhadi2021_STM2	paper		10.3390/su132111602	eop	Salmonella enterica	S_Typhimurium_ST_41		vB_STS_1		reported source reference host	L; 0.001-0.1	range		low	reduced_susceptibility	pinpoint_plaques	not_evaluated		not_evaluated		Table 2 spot test and EOP categories; H 0.5-1.0, M 0.2-0.4, L 0.001-0.1, N inefficient.	curated	high	Imported from Table 2 category matrix.
abdelhadi2021_s_typhimurium_st_41_vb_stm_2_eop	Abdelhadi2021_STM2	paper		10.3390/su132111602	eop	Salmonella enterica	S_Typhimurium_ST_41		vB_STM_2		reported source reference host	H; 0.5-1.0	range		high	susceptible	clear_plaques	not_evaluated		not_evaluated		Table 2 spot test and EOP categories; H 0.5-1.0, M 0.2-0.4, L 0.001-0.1, N inefficient.	curated	high	Imported from Table 2 category matrix.
abdelhadi2021_s_typhimurium_st_41_vb_sts_3_eop	Abdelhadi2021_STM2	paper		10.3390/su132111602	eop	Salmonella enterica	S_Typhimurium_ST_41		vB_STS_3		reported source reference host	N; inefficient	range		none	resistant	no_plaques	not_evaluated		not_evaluated		Table 2 spot test and EOP categories; H 0.5-1.0, M 0.2-0.4, L 0.001-0.1, N inefficient.	curated	high	Imported from Table 2 category matrix.
abdelhadi2021_s_typhimurium_st_43_vb_sts_1_eop	Abdelhadi2021_STM2	paper		10.3390/su132111602	eop	Salmonella enterica	S_Typhimurium_ST_43		vB_STS_1		reported source reference host	L; 0.001-0.1	range		low	reduced_susceptibility	pinpoint_plaques	not_evaluated		not_evaluated		Table 2 spot test and EOP categories; H 0.5-1.0, M 0.2-0.4, L 0.001-0.1, N inefficient.	curated	high	Imported from Table 2 category matrix.
abdelhadi2021_s_typhimurium_st_43_vb_stm_2_eop	Abdelhadi2021_STM2	paper		10.3390/su132111602	eop	Salmonella enterica	S_Typhimurium_ST_43		vB_STM_2		reported source reference host	H; 0.5-1.0	range		high	susceptible	clear_plaques	not_evaluated		not_evaluated		Table 2 spot test and EOP categories; H 0.5-1.0, M 0.2-0.4, L 0.001-0.1, N inefficient.	curated	high	Imported from Table 2 category matrix.
abdelhadi2021_s_typhimurium_st_43_vb_sts_3_eop	Abdelhadi2021_STM2	paper		10.3390/su132111602	eop	Salmonella enterica	S_Typhimurium_ST_43		vB_STS_3		reported source reference host	N; inefficient	range		none	resistant	no_plaques	not_evaluated		not_evaluated		Table 2 spot test and EOP categories; H 0.5-1.0, M 0.2-0.4, L 0.001-0.1, N inefficient.	curated	high	Imported from Table 2 category matrix.
abdelhadi2021_s_typhimurium_st_45_vb_sts_1_eop	Abdelhadi2021_STM2	paper		10.3390/su132111602	eop	Salmonella enterica	S_Typhimurium_ST_45		vB_STS_1		reported source reference host	M; 0.2-0.4	range		medium	susceptible	clear_plaques	not_evaluated		not_evaluated		Table 2 spot test and EOP categories; H 0.5-1.0, M 0.2-0.4, L 0.001-0.1, N inefficient.	curated	high	Imported from Table 2 category matrix.
abdelhadi2021_s_typhimurium_st_45_vb_stm_2_eop	Abdelhadi2021_STM2	paper		10.3390/su132111602	eop	Salmonella enterica	S_Typhimurium_ST_45		vB_STM_2		reported source reference host	H; 0.5-1.0	range		high	susceptible	clear_plaques	not_evaluated		not_evaluated		Table 2 spot test and EOP categories; H 0.5-1.0, M 0.2-0.4, L 0.001-0.1, N inefficient.	curated	high	Imported from Table 2 category matrix.
abdelhadi2021_s_typhimurium_st_45_vb_sts_3_eop	Abdelhadi2021_STM2	paper		10.3390/su132111602	eop	Salmonella enterica	S_Typhimurium_ST_45		vB_STS_3		reported source reference host	L; 0.001-0.1	range		low	reduced_susceptibility	pinpoint_plaques	not_evaluated		not_evaluated		Table 2 spot test and EOP categories; H 0.5-1.0, M 0.2-0.4, L 0.001-0.1, N inefficient.	curated	high	Imported from Table 2 category matrix.
abdelhadi2021_s_typhimurium_st_47_vb_sts_1_eop	Abdelhadi2021_STM2	paper		10.3390/su132111602	eop	Salmonella enterica	S_Typhimurium_ST_47		vB_STS_1		reported source reference host	L; 0.001-0.1	range		low	reduced_susceptibility	pinpoint_plaques	not_evaluated		not_evaluated		Table 2 spot test and EOP categories; H 0.5-1.0, M 0.2-0.4, L 0.001-0.1, N inefficient.	curated	high	Imported from Table 2 category matrix.
abdelhadi2021_s_typhimurium_st_47_vb_stm_2_eop	Abdelhadi2021_STM2	paper		10.3390/su132111602	eop	Salmonella enterica	S_Typhimurium_ST_47		vB_STM_2		reported source reference host	H; 0.5-1.0	range		high	susceptible	clear_plaques	not_evaluated		not_evaluated		Table 2 spot test and EOP categories; H 0.5-1.0, M 0.2-0.4, L 0.001-0.1, N inefficient.	curated	high	Imported from Table 2 category matrix.
abdelhadi2021_s_typhimurium_st_47_vb_sts_3_eop	Abdelhadi2021_STM2	paper		10.3390/su132111602	eop	Salmonella enterica	S_Typhimurium_ST_47		vB_STS_3		reported source reference host	L; 0.001-0.1	range		low	reduced_susceptibility	pinpoint_plaques	not_evaluated		not_evaluated		Table 2 spot test and EOP categories; H 0.5-1.0, M 0.2-0.4, L 0.001-0.1, N inefficient.	curated	high	Imported from Table 2 category matrix.
abdelhadi2021_s_typhimurium_st_49_vb_sts_1_eop	Abdelhadi2021_STM2	paper		10.3390/su132111602	eop	Salmonella enterica	S_Typhimurium_ST_49		vB_STS_1		reported source reference host	N; inefficient	range		none	resistant	no_plaques	not_evaluated		not_evaluated		Table 2 spot test and EOP categories; H 0.5-1.0, M 0.2-0.4, L 0.001-0.1, N inefficient.	curated	high	Imported from Table 2 category matrix.
abdelhadi2021_s_typhimurium_st_49_vb_stm_2_eop	Abdelhadi2021_STM2	paper		10.3390/su132111602	eop	Salmonella enterica	S_Typhimurium_ST_49		vB_STM_2		reported source reference host	M; 0.2-0.4	range		medium	susceptible	clear_plaques	not_evaluated		not_evaluated		Table 2 spot test and EOP categories; H 0.5-1.0, M 0.2-0.4, L 0.001-0.1, N inefficient.	curated	high	Imported from Table 2 category matrix.
abdelhadi2021_s_typhimurium_st_49_vb_sts_3_eop	Abdelhadi2021_STM2	paper		10.3390/su132111602	eop	Salmonella enterica	S_Typhimurium_ST_49		vB_STS_3		reported source reference host	N; inefficient	range		none	resistant	no_plaques	not_evaluated		not_evaluated		Table 2 spot test and EOP categories; H 0.5-1.0, M 0.2-0.4, L 0.001-0.1, N inefficient.	curated	high	Imported from Table 2 category matrix.
abdelhadi2021_s_typhimurium_st_53_vb_sts_1_eop	Abdelhadi2021_STM2	paper		10.3390/su132111602	eop	Salmonella enterica	S_Typhimurium_ST_53		vB_STS_1		reported source reference host	H; 0.5-1.0	range		high	susceptible	clear_plaques	not_evaluated		not_evaluated		Table 2 spot test and EOP categories; H 0.5-1.0, M 0.2-0.4, L 0.001-0.1, N inefficient.	curated	high	Imported from Table 2 category matrix.
abdelhadi2021_s_typhimurium_st_53_vb_stm_2_eop	Abdelhadi2021_STM2	paper		10.3390/su132111602	eop	Salmonella enterica	S_Typhimurium_ST_53		vB_STM_2		reported source reference host	H; 0.5-1.0	range		high	susceptible	clear_plaques	not_evaluated		not_evaluated		Table 2 spot test and EOP categories; H 0.5-1.0, M 0.2-0.4, L 0.001-0.1, N inefficient.	curated	high	Imported from Table 2 category matrix.
abdelhadi2021_s_typhimurium_st_53_vb_sts_3_eop	Abdelhadi2021_STM2	paper		10.3390/su132111602	eop	Salmonella enterica	S_Typhimurium_ST_53		vB_STS_3		reported source reference host	M; 0.2-0.4	range		medium	susceptible	clear_plaques	not_evaluated		not_evaluated		Table 2 spot test and EOP categories; H 0.5-1.0, M 0.2-0.4, L 0.001-0.1, N inefficient.	curated	high	Imported from Table 2 category matrix.
abdelhadi2021_s_typhimurium_st_55_vb_sts_1_eop	Abdelhadi2021_STM2	paper		10.3390/su132111602	eop	Salmonella enterica	S_Typhimurium_ST_55		vB_STS_1		reported source reference host	N; inefficient	range		none	resistant	no_plaques	not_evaluated		not_evaluated		Table 2 spot test and EOP categories; H 0.5-1.0, M 0.2-0.4, L 0.001-0.1, N inefficient.	curated	high	Imported from Table 2 category matrix.
abdelhadi2021_s_typhimurium_st_55_vb_stm_2_eop	Abdelhadi2021_STM2	paper		10.3390/su132111602	eop	Salmonella enterica	S_Typhimurium_ST_55		vB_STM_2		reported source reference host	M; 0.2-0.4	range		medium	susceptible	clear_plaques	not_evaluated		not_evaluated		Table 2 spot test and EOP categories; H 0.5-1.0, M 0.2-0.4, L 0.001-0.1, N inefficient.	curated	high	Imported from Table 2 category matrix.
abdelhadi2021_s_typhimurium_st_55_vb_sts_3_eop	Abdelhadi2021_STM2	paper		10.3390/su132111602	eop	Salmonella enterica	S_Typhimurium_ST_55		vB_STS_3		reported source reference host	N; inefficient	range		none	resistant	no_plaques	not_evaluated		not_evaluated		Table 2 spot test and EOP categories; H 0.5-1.0, M 0.2-0.4, L 0.001-0.1, N inefficient.	curated	high	Imported from Table 2 category matrix.
abdelhadi2021_s_typhimurium_st_56_vb_sts_1_eop	Abdelhadi2021_STM2	paper		10.3390/su132111602	eop	Salmonella enterica	S_Typhimurium_ST_56		vB_STS_1		reported source reference host	H; 0.5-1.0	range		high	susceptible	clear_plaques	not_evaluated		not_evaluated		Table 2 spot test and EOP categories; H 0.5-1.0, M 0.2-0.4, L 0.001-0.1, N inefficient.	curated	high	Imported from Table 2 category matrix.
abdelhadi2021_s_typhimurium_st_56_vb_stm_2_eop	Abdelhadi2021_STM2	paper		10.3390/su132111602	eop	Salmonella enterica	S_Typhimurium_ST_56		vB_STM_2		reported source reference host	H; 0.5-1.0	range		high	susceptible	clear_plaques	not_evaluated		not_evaluated		Table 2 spot test and EOP categories; H 0.5-1.0, M 0.2-0.4, L 0.001-0.1, N inefficient.	curated	high	Imported from Table 2 category matrix.
abdelhadi2021_s_typhimurium_st_56_vb_sts_3_eop	Abdelhadi2021_STM2	paper		10.3390/su132111602	eop	Salmonella enterica	S_Typhimurium_ST_56		vB_STS_3		reported source reference host	M; 0.2-0.4	range		medium	susceptible	clear_plaques	not_evaluated		not_evaluated		Table 2 spot test and EOP categories; H 0.5-1.0, M 0.2-0.4, L 0.001-0.1, N inefficient.	curated	high	Imported from Table 2 category matrix.
abdelhadi2021_psaci_1_vb_sts_1_eop	Abdelhadi2021_STM2	paper		10.3390/su132111602	eop	Pseudomonas aeruginosa	PsaCI_1		vB_STS_1		reported source reference host	N; inefficient	range		none	resistant	no_plaques	not_evaluated		not_evaluated		Table 2 spot test and EOP categories; H 0.5-1.0, M 0.2-0.4, L 0.001-0.1, N inefficient.	curated	high	Imported from Table 2 category matrix.
abdelhadi2021_psaci_1_vb_stm_2_eop	Abdelhadi2021_STM2	paper		10.3390/su132111602	eop	Pseudomonas aeruginosa	PsaCI_1		vB_STM_2		reported source reference host	M; 0.2-0.4	range		medium	susceptible	clear_plaques	not_evaluated		not_evaluated		Table 2 spot test and EOP categories; H 0.5-1.0, M 0.2-0.4, L 0.001-0.1, N inefficient.	curated	high	Imported from Table 2 category matrix.
abdelhadi2021_psaci_1_vb_sts_3_eop	Abdelhadi2021_STM2	paper		10.3390/su132111602	eop	Pseudomonas aeruginosa	PsaCI_1		vB_STS_3		reported source reference host	N; inefficient	range		none	resistant	no_plaques	not_evaluated		not_evaluated		Table 2 spot test and EOP categories; H 0.5-1.0, M 0.2-0.4, L 0.001-0.1, N inefficient.	curated	high	Imported from Table 2 category matrix.
abdelhadi2021_psaci_2_vb_sts_1_eop	Abdelhadi2021_STM2	paper		10.3390/su132111602	eop	Pseudomonas aeruginosa	PsaCI_2		vB_STS_1		reported source reference host	N; inefficient	range		none	resistant	no_plaques	not_evaluated		not_evaluated		Table 2 spot test and EOP categories; H 0.5-1.0, M 0.2-0.4, L 0.001-0.1, N inefficient.	curated	high	Imported from Table 2 category matrix.
abdelhadi2021_psaci_2_vb_stm_2_eop	Abdelhadi2021_STM2	paper		10.3390/su132111602	eop	Pseudomonas aeruginosa	PsaCI_2		vB_STM_2		reported source reference host	M; 0.2-0.4	range		medium	susceptible	clear_plaques	not_evaluated		not_evaluated		Table 2 spot test and EOP categories; H 0.5-1.0, M 0.2-0.4, L 0.001-0.1, N inefficient.	curated	high	Imported from Table 2 category matrix.
abdelhadi2021_psaci_2_vb_sts_3_eop	Abdelhadi2021_STM2	paper		10.3390/su132111602	eop	Pseudomonas aeruginosa	PsaCI_2		vB_STS_3		reported source reference host	N; inefficient	range		none	resistant	no_plaques	not_evaluated		not_evaluated		Table 2 spot test and EOP categories; H 0.5-1.0, M 0.2-0.4, L 0.001-0.1, N inefficient.	curated	high	Imported from Table 2 category matrix.
abdelhadi2021_psafi_1_vb_sts_1_eop	Abdelhadi2021_STM2	paper		10.3390/su132111602	eop	Pseudomonas aeruginosa	PsaFI_1		vB_STS_1		reported source reference host	N; inefficient	range		none	resistant	no_plaques	not_evaluated		not_evaluated		Table 2 spot test and EOP categories; H 0.5-1.0, M 0.2-0.4, L 0.001-0.1, N inefficient.	curated	high	Imported from Table 2 category matrix.
abdelhadi2021_psafi_1_vb_stm_2_eop	Abdelhadi2021_STM2	paper		10.3390/su132111602	eop	Pseudomonas aeruginosa	PsaFI_1		vB_STM_2		reported source reference host	H; 0.5-1.0	range		high	susceptible	clear_plaques	not_evaluated		not_evaluated		Table 2 spot test and EOP categories; H 0.5-1.0, M 0.2-0.4, L 0.001-0.1, N inefficient.	curated	high	Imported from Table 2 category matrix.
abdelhadi2021_psafi_1_vb_sts_3_eop	Abdelhadi2021_STM2	paper		10.3390/su132111602	eop	Pseudomonas aeruginosa	PsaFI_1		vB_STS_3		reported source reference host	N; inefficient	range		none	resistant	no_plaques	not_evaluated		not_evaluated		Table 2 spot test and EOP categories; H 0.5-1.0, M 0.2-0.4, L 0.001-0.1, N inefficient.	curated	high	Imported from Table 2 category matrix.
abdelhadi2021_psafi_2_vb_sts_1_eop	Abdelhadi2021_STM2	paper		10.3390/su132111602	eop	Pseudomonas aeruginosa	PsaFI_2		vB_STS_1		reported source reference host	N; inefficient	range		none	resistant	no_plaques	not_evaluated		not_evaluated		Table 2 spot test and EOP categories; H 0.5-1.0, M 0.2-0.4, L 0.001-0.1, N inefficient.	curated	high	Imported from Table 2 category matrix.
abdelhadi2021_psafi_2_vb_stm_2_eop	Abdelhadi2021_STM2	paper		10.3390/su132111602	eop	Pseudomonas aeruginosa	PsaFI_2		vB_STM_2		reported source reference host	H; 0.5-1.0	range		high	susceptible	clear_plaques	not_evaluated		not_evaluated		Table 2 spot test and EOP categories; H 0.5-1.0, M 0.2-0.4, L 0.001-0.1, N inefficient.	curated	high	Imported from Table 2 category matrix.
abdelhadi2021_psafi_2_vb_sts_3_eop	Abdelhadi2021_STM2	paper		10.3390/su132111602	eop	Pseudomonas aeruginosa	PsaFI_2		vB_STS_3		reported source reference host	N; inefficient	range		none	resistant	no_plaques	not_evaluated		not_evaluated		Table 2 spot test and EOP categories; H 0.5-1.0, M 0.2-0.4, L 0.001-0.1, N inefficient.	curated	high	Imported from Table 2 category matrix.
abdelhadi2021_psafi_1_table_cont_vb_sts_1_eop	Abdelhadi2021_STM2	paper		10.3390/su132111602	eop	Pseudomonas aeruginosa	PsaFI_1_table_cont		vB_STS_1		reported source reference host	N; inefficient	range		none	resistant	no_plaques	not_evaluated		not_evaluated		Table 2 spot test and EOP categories; H 0.5-1.0, M 0.2-0.4, L 0.001-0.1, N inefficient.	curated	high	The source table repeats one P. aeruginosa label as PsaFI-1; the second occurrence is kept as PsaFI_1_table_cont pending manual author-table verification.
abdelhadi2021_psafi_1_table_cont_vb_stm_2_eop	Abdelhadi2021_STM2	paper		10.3390/su132111602	eop	Pseudomonas aeruginosa	PsaFI_1_table_cont		vB_STM_2		reported source reference host	H; 0.5-1.0	range		high	susceptible	clear_plaques	not_evaluated		not_evaluated		Table 2 spot test and EOP categories; H 0.5-1.0, M 0.2-0.4, L 0.001-0.1, N inefficient.	curated	high	The source table repeats one P. aeruginosa label as PsaFI-1; the second occurrence is kept as PsaFI_1_table_cont pending manual author-table verification.
abdelhadi2021_psafi_1_table_cont_vb_sts_3_eop	Abdelhadi2021_STM2	paper		10.3390/su132111602	eop	Pseudomonas aeruginosa	PsaFI_1_table_cont		vB_STS_3		reported source reference host	N; inefficient	range		none	resistant	no_plaques	not_evaluated		not_evaluated		Table 2 spot test and EOP categories; H 0.5-1.0, M 0.2-0.4, L 0.001-0.1, N inefficient.	curated	high	The source table repeats one P. aeruginosa label as PsaFI-1; the second occurrence is kept as PsaFI_1_table_cont pending manual author-table verification.
abdelhadi2021_safi_1_vb_sts_1_eop	Abdelhadi2021_STM2	paper		10.3390/su132111602	eop	Staphylococcus aureus	SaFI_1		vB_STS_1		reported source reference host	N; inefficient	range		none	resistant	no_plaques	not_evaluated		not_evaluated		Table 2 spot test and EOP categories; H 0.5-1.0, M 0.2-0.4, L 0.001-0.1, N inefficient.	curated	high	Imported from Table 2 category matrix.
abdelhadi2021_safi_1_vb_stm_2_eop	Abdelhadi2021_STM2	paper		10.3390/su132111602	eop	Staphylococcus aureus	SaFI_1		vB_STM_2		reported source reference host	L; 0.001-0.1	range		low	reduced_susceptibility	pinpoint_plaques	not_evaluated		not_evaluated		Table 2 spot test and EOP categories; H 0.5-1.0, M 0.2-0.4, L 0.001-0.1, N inefficient.	curated	high	Imported from Table 2 category matrix.
abdelhadi2021_safi_1_vb_sts_3_eop	Abdelhadi2021_STM2	paper		10.3390/su132111602	eop	Staphylococcus aureus	SaFI_1		vB_STS_3		reported source reference host	N; inefficient	range		none	resistant	no_plaques	not_evaluated		not_evaluated		Table 2 spot test and EOP categories; H 0.5-1.0, M 0.2-0.4, L 0.001-0.1, N inefficient.	curated	high	Imported from Table 2 category matrix.
abdelhadi2021_safi_2_vb_sts_1_eop	Abdelhadi2021_STM2	paper		10.3390/su132111602	eop	Staphylococcus aureus	SaFI_2		vB_STS_1		reported source reference host	N; inefficient	range		none	resistant	no_plaques	not_evaluated		not_evaluated		Table 2 spot test and EOP categories; H 0.5-1.0, M 0.2-0.4, L 0.001-0.1, N inefficient.	curated	high	Imported from Table 2 category matrix.
abdelhadi2021_safi_2_vb_stm_2_eop	Abdelhadi2021_STM2	paper		10.3390/su132111602	eop	Staphylococcus aureus	SaFI_2		vB_STM_2		reported source reference host	M; 0.2-0.4	range		medium	susceptible	clear_plaques	not_evaluated		not_evaluated		Table 2 spot test and EOP categories; H 0.5-1.0, M 0.2-0.4, L 0.001-0.1, N inefficient.	curated	high	Imported from Table 2 category matrix.
abdelhadi2021_safi_2_vb_sts_3_eop	Abdelhadi2021_STM2	paper		10.3390/su132111602	eop	Staphylococcus aureus	SaFI_2		vB_STS_3		reported source reference host	N; inefficient	range		none	resistant	no_plaques	not_evaluated		not_evaluated		Table 2 spot test and EOP categories; H 0.5-1.0, M 0.2-0.4, L 0.001-0.1, N inefficient.	curated	high	Imported from Table 2 category matrix.
abdelhadi2021_safi_3_vb_sts_1_eop	Abdelhadi2021_STM2	paper		10.3390/su132111602	eop	Staphylococcus aureus	SaFI_3		vB_STS_1		reported source reference host	N; inefficient	range		none	resistant	no_plaques	not_evaluated		not_evaluated		Table 2 spot test and EOP categories; H 0.5-1.0, M 0.2-0.4, L 0.001-0.1, N inefficient.	curated	high	Imported from Table 2 category matrix.
abdelhadi2021_safi_3_vb_stm_2_eop	Abdelhadi2021_STM2	paper		10.3390/su132111602	eop	Staphylococcus aureus	SaFI_3		vB_STM_2		reported source reference host	L; 0.001-0.1	range		low	reduced_susceptibility	pinpoint_plaques	not_evaluated		not_evaluated		Table 2 spot test and EOP categories; H 0.5-1.0, M 0.2-0.4, L 0.001-0.1, N inefficient.	curated	high	Imported from Table 2 category matrix.
abdelhadi2021_safi_3_vb_sts_3_eop	Abdelhadi2021_STM2	paper		10.3390/su132111602	eop	Staphylococcus aureus	SaFI_3		vB_STS_3		reported source reference host	N; inefficient	range		none	resistant	no_plaques	not_evaluated		not_evaluated		Table 2 spot test and EOP categories; H 0.5-1.0, M 0.2-0.4, L 0.001-0.1, N inefficient.	curated	high	Imported from Table 2 category matrix.
abdelhadi2021_ecci_1_vb_sts_1_eop	Abdelhadi2021_STM2	paper		10.3390/su132111602	eop	Escherichia coli	EcCI_1		vB_STS_1		reported source reference host	N; inefficient	range		none	resistant	no_plaques	not_evaluated		not_evaluated		Table 2 spot test and EOP categories; H 0.5-1.0, M 0.2-0.4, L 0.001-0.1, N inefficient.	curated	high	Imported from Table 2 category matrix.
abdelhadi2021_ecci_1_vb_stm_2_eop	Abdelhadi2021_STM2	paper		10.3390/su132111602	eop	Escherichia coli	EcCI_1		vB_STM_2		reported source reference host	M; 0.2-0.4	range		medium	susceptible	clear_plaques	not_evaluated		not_evaluated		Table 2 spot test and EOP categories; H 0.5-1.0, M 0.2-0.4, L 0.001-0.1, N inefficient.	curated	high	Imported from Table 2 category matrix.
abdelhadi2021_ecci_1_vb_sts_3_eop	Abdelhadi2021_STM2	paper		10.3390/su132111602	eop	Escherichia coli	EcCI_1		vB_STS_3		reported source reference host	N; inefficient	range		none	resistant	no_plaques	not_evaluated		not_evaluated		Table 2 spot test and EOP categories; H 0.5-1.0, M 0.2-0.4, L 0.001-0.1, N inefficient.	curated	high	Imported from Table 2 category matrix.
abdelhadi2021_ecci_2_vb_sts_1_eop	Abdelhadi2021_STM2	paper		10.3390/su132111602	eop	Escherichia coli	EcCI_2		vB_STS_1		reported source reference host	N; inefficient	range		none	resistant	no_plaques	not_evaluated		not_evaluated		Table 2 spot test and EOP categories; H 0.5-1.0, M 0.2-0.4, L 0.001-0.1, N inefficient.	curated	high	Imported from Table 2 category matrix.
abdelhadi2021_ecci_2_vb_stm_2_eop	Abdelhadi2021_STM2	paper		10.3390/su132111602	eop	Escherichia coli	EcCI_2		vB_STM_2		reported source reference host	M; 0.2-0.4	range		medium	susceptible	clear_plaques	not_evaluated		not_evaluated		Table 2 spot test and EOP categories; H 0.5-1.0, M 0.2-0.4, L 0.001-0.1, N inefficient.	curated	high	Imported from Table 2 category matrix.
abdelhadi2021_ecci_2_vb_sts_3_eop	Abdelhadi2021_STM2	paper		10.3390/su132111602	eop	Escherichia coli	EcCI_2		vB_STS_3		reported source reference host	N; inefficient	range		none	resistant	no_plaques	not_evaluated		not_evaluated		Table 2 spot test and EOP categories; H 0.5-1.0, M 0.2-0.4, L 0.001-0.1, N inefficient.	curated	high	Imported from Table 2 category matrix.
abdelhadi2021_ecci_3_vb_sts_1_eop	Abdelhadi2021_STM2	paper		10.3390/su132111602	eop	Escherichia coli	EcCI_3		vB_STS_1		reported source reference host	N; inefficient	range		none	resistant	no_plaques	not_evaluated		not_evaluated		Table 2 spot test and EOP categories; H 0.5-1.0, M 0.2-0.4, L 0.001-0.1, N inefficient.	curated	high	Imported from Table 2 category matrix.
abdelhadi2021_ecci_3_vb_stm_2_eop	Abdelhadi2021_STM2	paper		10.3390/su132111602	eop	Escherichia coli	EcCI_3		vB_STM_2		reported source reference host	M; 0.2-0.4	range		medium	susceptible	clear_plaques	not_evaluated		not_evaluated		Table 2 spot test and EOP categories; H 0.5-1.0, M 0.2-0.4, L 0.001-0.1, N inefficient.	curated	high	Imported from Table 2 category matrix.
abdelhadi2021_ecci_3_vb_sts_3_eop	Abdelhadi2021_STM2	paper		10.3390/su132111602	eop	Escherichia coli	EcCI_3		vB_STS_3		reported source reference host	N; inefficient	range		none	resistant	no_plaques	not_evaluated		not_evaluated		Table 2 spot test and EOP categories; H 0.5-1.0, M 0.2-0.4, L 0.001-0.1, N inefficient.	curated	high	Imported from Table 2 category matrix.
abdelhadi2021_ecci_4_vb_sts_1_eop	Abdelhadi2021_STM2	paper		10.3390/su132111602	eop	Escherichia coli	EcCI_4		vB_STS_1		reported source reference host	N; inefficient	range		none	resistant	no_plaques	not_evaluated		not_evaluated		Table 2 spot test and EOP categories; H 0.5-1.0, M 0.2-0.4, L 0.001-0.1, N inefficient.	curated	high	Imported from Table 2 category matrix.
abdelhadi2021_ecci_4_vb_stm_2_eop	Abdelhadi2021_STM2	paper		10.3390/su132111602	eop	Escherichia coli	EcCI_4		vB_STM_2		reported source reference host	M; 0.2-0.4	range		medium	susceptible	clear_plaques	not_evaluated		not_evaluated		Table 2 spot test and EOP categories; H 0.5-1.0, M 0.2-0.4, L 0.001-0.1, N inefficient.	curated	high	Imported from Table 2 category matrix.
abdelhadi2021_ecci_4_vb_sts_3_eop	Abdelhadi2021_STM2	paper		10.3390/su132111602	eop	Escherichia coli	EcCI_4		vB_STS_3		reported source reference host	N; inefficient	range		none	resistant	no_plaques	not_evaluated		not_evaluated		Table 2 spot test and EOP categories; H 0.5-1.0, M 0.2-0.4, L 0.001-0.1, N inefficient.	curated	high	Imported from Table 2 category matrix.
abdelhadi2021_kpci_1_vb_sts_1_eop	Abdelhadi2021_STM2	paper		10.3390/su132111602	eop	Klebsiella pneumoniae	KpCI_1		vB_STS_1		reported source reference host	N; inefficient	range		none	resistant	no_plaques	not_evaluated		not_evaluated		Table 2 spot test and EOP categories; H 0.5-1.0, M 0.2-0.4, L 0.001-0.1, N inefficient.	curated	high	Imported from Table 2 category matrix.
abdelhadi2021_kpci_1_vb_stm_2_eop	Abdelhadi2021_STM2	paper		10.3390/su132111602	eop	Klebsiella pneumoniae	KpCI_1		vB_STM_2		reported source reference host	N; inefficient	range		none	resistant	no_plaques	not_evaluated		not_evaluated		Table 2 spot test and EOP categories; H 0.5-1.0, M 0.2-0.4, L 0.001-0.1, N inefficient.	curated	high	Imported from Table 2 category matrix.
abdelhadi2021_kpci_1_vb_sts_3_eop	Abdelhadi2021_STM2	paper		10.3390/su132111602	eop	Klebsiella pneumoniae	KpCI_1		vB_STS_3		reported source reference host	N; inefficient	range		none	resistant	no_plaques	not_evaluated		not_evaluated		Table 2 spot test and EOP categories; H 0.5-1.0, M 0.2-0.4, L 0.001-0.1, N inefficient.	curated	high	Imported from Table 2 category matrix.
wintachai2022_abpw0181_vabwu2101_eop	Wintachai2022_vABWU2101	paper	35215915	10.3390/v14020194	eop	Acinetobacter baumannii	ABPW0181		vABWU2101		reported source reference host	0.64	=	0.64	high	susceptible	clear_plaques	not_evaluated		not_evaluated		Table 1 host range and EOP; duplicate independent experiments with duplicate assay.	curated	high	MDR A. baumannii SSTI isolate panel plus K. pneumoniae/MRSA controls.
wintachai2022_abpw0182_vabwu2101_eop	Wintachai2022_vABWU2101	paper	35215915	10.3390/v14020194	eop	Acinetobacter baumannii	ABPW0182		vABWU2101		reported source reference host	0.55	=	0.55	high	susceptible	clear_plaques	not_evaluated		not_evaluated		Table 1 host range and EOP; duplicate independent experiments with duplicate assay.	curated	high	MDR A. baumannii SSTI isolate panel plus K. pneumoniae/MRSA controls.
wintachai2022_abpw0183_vabwu2101_eop	Wintachai2022_vABWU2101	paper	35215915	10.3390/v14020194	eop	Acinetobacter baumannii	ABPW0183		vABWU2101		reported source reference host	0	=	0	none	resistant	no_plaques	not_evaluated		not_evaluated		Table 1 host range and EOP; duplicate independent experiments with duplicate assay.	curated	high	MDR A. baumannii SSTI isolate panel plus K. pneumoniae/MRSA controls.
wintachai2022_abpw0184_vabwu2101_eop	Wintachai2022_vABWU2101	paper	35215915	10.3390/v14020194	eop	Acinetobacter baumannii	ABPW0184		vABWU2101		reported source reference host	0	=	0	none	resistant	no_plaques	not_evaluated		not_evaluated		Table 1 host range and EOP; duplicate independent experiments with duplicate assay.	curated	high	MDR A. baumannii SSTI isolate panel plus K. pneumoniae/MRSA controls.
wintachai2022_abpw0185_host_vabwu2101_eop	Wintachai2022_vABWU2101	paper	35215915	10.3390/v14020194	eop	Acinetobacter baumannii	ABPW0185_host		vABWU2101		reported source reference host	1	=	1	high	susceptible	clear_plaques	not_evaluated		not_evaluated		Table 1 host range and EOP; duplicate independent experiments with duplicate assay.	curated	high	MDR A. baumannii SSTI isolate panel plus K. pneumoniae/MRSA controls.
wintachai2022_abpw0186_vabwu2101_eop	Wintachai2022_vABWU2101	paper	35215915	10.3390/v14020194	eop	Acinetobacter baumannii	ABPW0186		vABWU2101		reported source reference host	0.17	=	0.17	medium	susceptible	clear_plaques	not_evaluated		not_evaluated		Table 1 host range and EOP; duplicate independent experiments with duplicate assay.	curated	high	MDR A. baumannii SSTI isolate panel plus K. pneumoniae/MRSA controls.
wintachai2022_abpw0187_vabwu2101_eop	Wintachai2022_vABWU2101	paper	35215915	10.3390/v14020194	eop	Acinetobacter baumannii	ABPW0187		vABWU2101		reported source reference host	0.21	=	0.21	medium	susceptible	clear_plaques	not_evaluated		not_evaluated		Table 1 host range and EOP; duplicate independent experiments with duplicate assay.	curated	high	MDR A. baumannii SSTI isolate panel plus K. pneumoniae/MRSA controls.
wintachai2022_abpw0188_vabwu2101_eop	Wintachai2022_vABWU2101	paper	35215915	10.3390/v14020194	eop	Acinetobacter baumannii	ABPW0188		vABWU2101		reported source reference host	0	=	0	none	resistant	no_plaques	not_evaluated		not_evaluated		Table 1 host range and EOP; duplicate independent experiments with duplicate assay.	curated	high	MDR A. baumannii SSTI isolate panel plus K. pneumoniae/MRSA controls.
wintachai2022_abpw0189_vabwu2101_eop	Wintachai2022_vABWU2101	paper	35215915	10.3390/v14020194	eop	Acinetobacter baumannii	ABPW0189		vABWU2101		reported source reference host	0.08	=	0.08	low	reduced_susceptibility	pinpoint_plaques	not_evaluated		not_evaluated		Table 1 host range and EOP; duplicate independent experiments with duplicate assay.	curated	high	MDR A. baumannii SSTI isolate panel plus K. pneumoniae/MRSA controls.
wintachai2022_abpw0190_vabwu2101_eop	Wintachai2022_vABWU2101	paper	35215915	10.3390/v14020194	eop	Acinetobacter baumannii	ABPW0190		vABWU2101		reported source reference host	0.91	=	0.91	high	susceptible	clear_plaques	not_evaluated		not_evaluated		Table 1 host range and EOP; duplicate independent experiments with duplicate assay.	curated	high	MDR A. baumannii SSTI isolate panel plus K. pneumoniae/MRSA controls.
wintachai2022_abpw0191_vabwu2101_eop	Wintachai2022_vABWU2101	paper	35215915	10.3390/v14020194	eop	Acinetobacter baumannii	ABPW0191		vABWU2101		reported source reference host	0.09	=	0.09	low	reduced_susceptibility	pinpoint_plaques	not_evaluated		not_evaluated		Table 1 host range and EOP; duplicate independent experiments with duplicate assay.	curated	high	MDR A. baumannii SSTI isolate panel plus K. pneumoniae/MRSA controls.
wintachai2022_abpw0192_vabwu2101_eop	Wintachai2022_vABWU2101	paper	35215915	10.3390/v14020194	eop	Acinetobacter baumannii	ABPW0192		vABWU2101		reported source reference host	0.32	=	0.32	medium	susceptible	clear_plaques	not_evaluated		not_evaluated		Table 1 host range and EOP; duplicate independent experiments with duplicate assay.	curated	high	MDR A. baumannii SSTI isolate panel plus K. pneumoniae/MRSA controls.
wintachai2022_abpw0193_vabwu2101_eop	Wintachai2022_vABWU2101	paper	35215915	10.3390/v14020194	eop	Acinetobacter baumannii	ABPW0193		vABWU2101		reported source reference host	0.48	=	0.48	medium	susceptible	clear_plaques	not_evaluated		not_evaluated		Table 1 host range and EOP; duplicate independent experiments with duplicate assay.	curated	high	MDR A. baumannii SSTI isolate panel plus K. pneumoniae/MRSA controls.
wintachai2022_abpw0194_vabwu2101_eop	Wintachai2022_vABWU2101	paper	35215915	10.3390/v14020194	eop	Acinetobacter baumannii	ABPW0194		vABWU2101		reported source reference host	0	=	0	none	resistant	no_plaques	not_evaluated		not_evaluated		Table 1 host range and EOP; duplicate independent experiments with duplicate assay.	curated	high	MDR A. baumannii SSTI isolate panel plus K. pneumoniae/MRSA controls.
wintachai2022_abpw0195_vabwu2101_eop	Wintachai2022_vABWU2101	paper	35215915	10.3390/v14020194	eop	Acinetobacter baumannii	ABPW0195		vABWU2101		reported source reference host	0.72	=	0.72	high	susceptible	clear_plaques	not_evaluated		not_evaluated		Table 1 host range and EOP; duplicate independent experiments with duplicate assay.	curated	high	MDR A. baumannii SSTI isolate panel plus K. pneumoniae/MRSA controls.
wintachai2022_abpw0196_vabwu2101_eop	Wintachai2022_vABWU2101	paper	35215915	10.3390/v14020194	eop	Acinetobacter baumannii	ABPW0196		vABWU2101		reported source reference host	0.27	=	0.27	medium	susceptible	clear_plaques	not_evaluated		not_evaluated		Table 1 host range and EOP; duplicate independent experiments with duplicate assay.	curated	high	MDR A. baumannii SSTI isolate panel plus K. pneumoniae/MRSA controls.
wintachai2022_abpw0197_vabwu2101_eop	Wintachai2022_vABWU2101	paper	35215915	10.3390/v14020194	eop	Acinetobacter baumannii	ABPW0197		vABWU2101		reported source reference host	0.93	=	0.93	high	susceptible	clear_plaques	not_evaluated		not_evaluated		Table 1 host range and EOP; duplicate independent experiments with duplicate assay.	curated	high	MDR A. baumannii SSTI isolate panel plus K. pneumoniae/MRSA controls.
wintachai2022_abpw0198_vabwu2101_eop	Wintachai2022_vABWU2101	paper	35215915	10.3390/v14020194	eop	Acinetobacter baumannii	ABPW0198		vABWU2101		reported source reference host	0	=	0	none	resistant	no_plaques	not_evaluated		not_evaluated		Table 1 host range and EOP; duplicate independent experiments with duplicate assay.	curated	high	MDR A. baumannii SSTI isolate panel plus K. pneumoniae/MRSA controls.
wintachai2022_abpw0199_vabwu2101_eop	Wintachai2022_vABWU2101	paper	35215915	10.3390/v14020194	eop	Acinetobacter baumannii	ABPW0199		vABWU2101		reported source reference host	0	=	0	none	resistant	no_plaques	not_evaluated		not_evaluated		Table 1 host range and EOP; duplicate independent experiments with duplicate assay.	curated	high	MDR A. baumannii SSTI isolate panel plus K. pneumoniae/MRSA controls.
wintachai2022_abpw0200_vabwu2101_eop	Wintachai2022_vABWU2101	paper	35215915	10.3390/v14020194	eop	Acinetobacter baumannii	ABPW0200		vABWU2101		reported source reference host	0.06	=	0.06	low	reduced_susceptibility	pinpoint_plaques	not_evaluated		not_evaluated		Table 1 host range and EOP; duplicate independent experiments with duplicate assay.	curated	high	MDR A. baumannii SSTI isolate panel plus K. pneumoniae/MRSA controls.
wintachai2022_k_pneumoniae_control_vabwu2101_eop	Wintachai2022_vABWU2101	paper	35215915	10.3390/v14020194	eop	Klebsiella pneumoniae	K_pneumoniae_control		vABWU2101		reported source reference host	0	=	0	none	resistant	no_plaques	not_evaluated		not_evaluated		Table 1 host range and EOP; duplicate independent experiments with duplicate assay.	curated	high	MDR A. baumannii SSTI isolate panel plus K. pneumoniae/MRSA controls.
wintachai2022_mrsa_control_vabwu2101_eop	Wintachai2022_vABWU2101	paper	35215915	10.3390/v14020194	eop	Staphylococcus aureus	MRSA_control		vABWU2101		reported source reference host	0	=	0	none	resistant	no_plaques	not_evaluated		not_evaluated		Table 1 host range and EOP; duplicate independent experiments with duplicate assay.	curated	high	MDR A. baumannii SSTI isolate panel plus K. pneumoniae/MRSA controls.
wintachai2024_pw001_vecpw8_eop	Wintachai2024_vECPW8	paper	39595283	10.3390/antibiotics13111083	eop	Escherichia coli	MDR_APEC_PW001		vECPW8		reported source reference host	0	=	0	none	resistant	no_plaques	not_evaluated		not_evaluated		Table 1 bacterial lysis efficacy and EOP; triplicate experiments with duplicate plaque assays, repeated twice.	curated	high	MDR avian pathogenic E. coli isolate panel.
wintachai2024_pw002_vecpw8_eop	Wintachai2024_vECPW8	paper	39595283	10.3390/antibiotics13111083	eop	Escherichia coli	MDR_APEC_PW002		vECPW8		reported source reference host	0.8	=	0.8	high	susceptible	clear_plaques	not_evaluated		not_evaluated		Table 1 bacterial lysis efficacy and EOP; triplicate experiments with duplicate plaque assays, repeated twice.	curated	high	MDR avian pathogenic E. coli isolate panel.
wintachai2024_pw003_vecpw8_eop	Wintachai2024_vECPW8	paper	39595283	10.3390/antibiotics13111083	eop	Escherichia coli	MDR_APEC_PW003		vECPW8		reported source reference host	0.65	=	0.65	high	susceptible	clear_plaques	not_evaluated		not_evaluated		Table 1 bacterial lysis efficacy and EOP; triplicate experiments with duplicate plaque assays, repeated twice.	curated	high	MDR avian pathogenic E. coli isolate panel.
wintachai2024_pw004_vecpw8_eop	Wintachai2024_vECPW8	paper	39595283	10.3390/antibiotics13111083	eop	Escherichia coli	MDR_APEC_PW004		vECPW8		reported source reference host	0	=	0	none	resistant	no_plaques	not_evaluated		not_evaluated		Table 1 bacterial lysis efficacy and EOP; triplicate experiments with duplicate plaque assays, repeated twice.	curated	high	MDR avian pathogenic E. coli isolate panel.
wintachai2024_pw005_host_vecpw8_eop	Wintachai2024_vECPW8	paper	39595283	10.3390/antibiotics13111083	eop	Escherichia coli	MDR_APEC_PW005_host		vECPW8		reported source reference host	1	=	1	high	susceptible	clear_plaques	not_evaluated		not_evaluated		Table 1 bacterial lysis efficacy and EOP; triplicate experiments with duplicate plaque assays, repeated twice.	curated	high	MDR avian pathogenic E. coli isolate panel.
wintachai2024_pw006_vecpw8_eop	Wintachai2024_vECPW8	paper	39595283	10.3390/antibiotics13111083	eop	Escherichia coli	MDR_APEC_PW006		vECPW8		reported source reference host	0.49	=	0.49	medium	susceptible	clear_plaques	not_evaluated		not_evaluated		Table 1 bacterial lysis efficacy and EOP; triplicate experiments with duplicate plaque assays, repeated twice.	curated	high	MDR avian pathogenic E. coli isolate panel.
wintachai2024_pw007_vecpw8_eop	Wintachai2024_vECPW8	paper	39595283	10.3390/antibiotics13111083	eop	Escherichia coli	MDR_APEC_PW007		vECPW8		reported source reference host	0	=	0	none	resistant	no_plaques	not_evaluated		not_evaluated		Table 1 bacterial lysis efficacy and EOP; triplicate experiments with duplicate plaque assays, repeated twice.	curated	high	MDR avian pathogenic E. coli isolate panel.
wintachai2024_pw008_vecpw8_eop	Wintachai2024_vECPW8	paper	39595283	10.3390/antibiotics13111083	eop	Escherichia coli	MDR_APEC_PW008		vECPW8		reported source reference host	0.57	=	0.57	high	susceptible	clear_plaques	not_evaluated		not_evaluated		Table 1 bacterial lysis efficacy and EOP; triplicate experiments with duplicate plaque assays, repeated twice.	curated	high	MDR avian pathogenic E. coli isolate panel.
wintachai2024_pw009_vecpw8_eop	Wintachai2024_vECPW8	paper	39595283	10.3390/antibiotics13111083	eop	Escherichia coli	MDR_APEC_PW009		vECPW8		reported source reference host	0	=	0	none	resistant	no_plaques	not_evaluated		not_evaluated		Table 1 bacterial lysis efficacy and EOP; triplicate experiments with duplicate plaque assays, repeated twice.	curated	high	MDR avian pathogenic E. coli isolate panel.
wintachai2024_pw010_vecpw8_eop	Wintachai2024_vECPW8	paper	39595283	10.3390/antibiotics13111083	eop	Escherichia coli	MDR_APEC_PW010		vECPW8		reported source reference host	0.32	=	0.32	medium	susceptible	clear_plaques	not_evaluated		not_evaluated		Table 1 bacterial lysis efficacy and EOP; triplicate experiments with duplicate plaque assays, repeated twice.	curated	high	MDR avian pathogenic E. coli isolate panel.
wintachai2024_pw011_vecpw8_eop	Wintachai2024_vECPW8	paper	39595283	10.3390/antibiotics13111083	eop	Escherichia coli	MDR_APEC_PW011		vECPW8		reported source reference host	0	=	0	none	resistant	no_plaques	not_evaluated		not_evaluated		Table 1 bacterial lysis efficacy and EOP; triplicate experiments with duplicate plaque assays, repeated twice.	curated	high	MDR avian pathogenic E. coli isolate panel.
wintachai2024_pw012_vecpw8_eop	Wintachai2024_vECPW8	paper	39595283	10.3390/antibiotics13111083	eop	Escherichia coli	MDR_APEC_PW012		vECPW8		reported source reference host	0.44	=	0.44	medium	susceptible	clear_plaques	not_evaluated		not_evaluated		Table 1 bacterial lysis efficacy and EOP; triplicate experiments with duplicate plaque assays, repeated twice.	curated	high	MDR avian pathogenic E. coli isolate panel.
wintachai2024_pw013_vecpw8_eop	Wintachai2024_vECPW8	paper	39595283	10.3390/antibiotics13111083	eop	Escherichia coli	MDR_APEC_PW013		vECPW8		reported source reference host	0.02	=	0.02	low	reduced_susceptibility	pinpoint_plaques	not_evaluated		not_evaluated		Table 1 bacterial lysis efficacy and EOP; triplicate experiments with duplicate plaque assays, repeated twice.	curated	high	MDR avian pathogenic E. coli isolate panel.
wintachai2024_pw014_vecpw8_eop	Wintachai2024_vECPW8	paper	39595283	10.3390/antibiotics13111083	eop	Escherichia coli	MDR_APEC_PW014		vECPW8		reported source reference host	0	=	0	none	resistant	no_plaques	not_evaluated		not_evaluated		Table 1 bacterial lysis efficacy and EOP; triplicate experiments with duplicate plaque assays, repeated twice.	curated	high	MDR avian pathogenic E. coli isolate panel.
wintachai2024_pw015_vecpw8_eop	Wintachai2024_vECPW8	paper	39595283	10.3390/antibiotics13111083	eop	Escherichia coli	MDR_APEC_PW015		vECPW8		reported source reference host	0.41	=	0.41	medium	susceptible	clear_plaques	not_evaluated		not_evaluated		Table 1 bacterial lysis efficacy and EOP; triplicate experiments with duplicate plaque assays, repeated twice.	curated	high	MDR avian pathogenic E. coli isolate panel.
wintachai2024_pw016_vecpw8_eop	Wintachai2024_vECPW8	paper	39595283	10.3390/antibiotics13111083	eop	Escherichia coli	MDR_APEC_PW016		vECPW8		reported source reference host	0.79	=	0.79	high	susceptible	clear_plaques	not_evaluated		not_evaluated		Table 1 bacterial lysis efficacy and EOP; triplicate experiments with duplicate plaque assays, repeated twice.	curated	high	MDR avian pathogenic E. coli isolate panel.
wintachai2024_pw017_vecpw8_eop	Wintachai2024_vECPW8	paper	39595283	10.3390/antibiotics13111083	eop	Escherichia coli	MDR_APEC_PW017		vECPW8		reported source reference host	0	=	0	none	resistant	no_plaques	not_evaluated		not_evaluated		Table 1 bacterial lysis efficacy and EOP; triplicate experiments with duplicate plaque assays, repeated twice.	curated	high	MDR avian pathogenic E. coli isolate panel.
wintachai2024_pw018_vecpw8_eop	Wintachai2024_vECPW8	paper	39595283	10.3390/antibiotics13111083	eop	Escherichia coli	MDR_APEC_PW018		vECPW8		reported source reference host	0.03	=	0.03	low	reduced_susceptibility	pinpoint_plaques	not_evaluated		not_evaluated		Table 1 bacterial lysis efficacy and EOP; triplicate experiments with duplicate plaque assays, repeated twice.	curated	high	MDR avian pathogenic E. coli isolate panel.
wintachai2024_pw019_vecpw8_eop	Wintachai2024_vECPW8	paper	39595283	10.3390/antibiotics13111083	eop	Escherichia coli	MDR_APEC_PW019		vECPW8		reported source reference host	0	=	0	none	resistant	no_plaques	not_evaluated		not_evaluated		Table 1 bacterial lysis efficacy and EOP; triplicate experiments with duplicate plaque assays, repeated twice.	curated	high	MDR avian pathogenic E. coli isolate panel.
wintachai2024_pw020_vecpw8_eop	Wintachai2024_vECPW8	paper	39595283	10.3390/antibiotics13111083	eop	Escherichia coli	MDR_APEC_PW020		vECPW8		reported source reference host	0	=	0	none	resistant	no_plaques	not_evaluated		not_evaluated		Table 1 bacterial lysis efficacy and EOP; triplicate experiments with duplicate plaque assays, repeated twice.	curated	high	MDR avian pathogenic E. coli isolate panel.
kim2022_k16_kpn_13_022_kp1_eop	Kim2022_KP1_KP12	paper	36704203	10.3389/fmicb.2022.990910	eop	Klebsiella pneumoniae	K16-KPN-13-022		KP1		reported source reference host	100%	=	1	high	susceptible	clear_plaques	not_evaluated		not_evaluated		Table 1 host specificity; EOP reported as percent with K16-KPN-13-022 considered 100%; triplicate experiment.	curated	high	Percent EOP converted to ratio for SABR schema.
kim2022_k16_kpn_13_022_kp12_eop	Kim2022_KP1_KP12	paper	36704203	10.3389/fmicb.2022.990910	eop	Klebsiella pneumoniae	K16-KPN-13-022		KP12		reported source reference host	100%	=	1	high	susceptible	clear_plaques	not_evaluated		not_evaluated		Table 1 host specificity; EOP reported as percent with K16-KPN-13-022 considered 100%; triplicate experiment.	curated	high	Percent EOP converted to ratio for SABR schema.
kim2022_k01_kpn_13_134_kp1_eop	Kim2022_KP1_KP12	paper	36704203	10.3389/fmicb.2022.990910	eop	Klebsiella pneumoniae	K01-KPN-13-134		KP1		reported source reference host	40.44%	=	0.4044	medium	susceptible	clear_plaques	not_evaluated		not_evaluated		Table 1 host specificity; EOP reported as percent with K16-KPN-13-022 considered 100%; triplicate experiment.	curated	high	Percent EOP converted to ratio for SABR schema.
kim2022_k01_kpn_13_134_kp12_eop	Kim2022_KP1_KP12	paper	36704203	10.3389/fmicb.2022.990910	eop	Klebsiella pneumoniae	K01-KPN-13-134		KP12		reported source reference host	49.08%	=	0.4908	medium	susceptible	clear_plaques	not_evaluated		not_evaluated		Table 1 host specificity; EOP reported as percent with K16-KPN-13-022 considered 100%; triplicate experiment.	curated	high	Percent EOP converted to ratio for SABR schema.
kim2022_k01_kpn_13_149_kp1_eop	Kim2022_KP1_KP12	paper	36704203	10.3389/fmicb.2022.990910	eop	Klebsiella pneumoniae	K01-KPN-13-149		KP1		reported source reference host	21.98%	=	0.2198	medium	susceptible	clear_plaques	not_evaluated		not_evaluated		Table 1 host specificity; EOP reported as percent with K16-KPN-13-022 considered 100%; triplicate experiment.	curated	high	Percent EOP converted to ratio for SABR schema.
kim2022_k01_kpn_13_149_kp12_eop	Kim2022_KP1_KP12	paper	36704203	10.3389/fmicb.2022.990910	eop	Klebsiella pneumoniae	K01-KPN-13-149		KP12		reported source reference host	0%	=	0	none	resistant	no_plaques	not_evaluated		not_evaluated		Table 1 host specificity; EOP reported as percent with K16-KPN-13-022 considered 100%; triplicate experiment.	curated	high	Percent EOP converted to ratio for SABR schema.
kim2022_k07_kpn_13_002_kp1_eop	Kim2022_KP1_KP12	paper	36704203	10.3389/fmicb.2022.990910	eop	Klebsiella pneumoniae	K07-KPN-13-002		KP1		reported source reference host	97.65%	=	0.9765	high	susceptible	clear_plaques	not_evaluated		not_evaluated		Table 1 host specificity; EOP reported as percent with K16-KPN-13-022 considered 100%; triplicate experiment.	curated	high	Percent EOP converted to ratio for SABR schema.
kim2022_k07_kpn_13_002_kp12_eop	Kim2022_KP1_KP12	paper	36704203	10.3389/fmicb.2022.990910	eop	Klebsiella pneumoniae	K07-KPN-13-002		KP12		reported source reference host	81.06%	=	0.8106	high	susceptible	clear_plaques	not_evaluated		not_evaluated		Table 1 host specificity; EOP reported as percent with K16-KPN-13-022 considered 100%; triplicate experiment.	curated	high	Percent EOP converted to ratio for SABR schema.
kim2022_k14_kpn_13_016_kp1_eop	Kim2022_KP1_KP12	paper	36704203	10.3389/fmicb.2022.990910	eop	Klebsiella pneumoniae	K14-KPN-13-016		KP1		reported source reference host	83.39%	=	0.8339	high	susceptible	clear_plaques	not_evaluated		not_evaluated		Table 1 host specificity; EOP reported as percent with K16-KPN-13-022 considered 100%; triplicate experiment.	curated	high	Percent EOP converted to ratio for SABR schema.
kim2022_k14_kpn_13_016_kp12_eop	Kim2022_KP1_KP12	paper	36704203	10.3389/fmicb.2022.990910	eop	Klebsiella pneumoniae	K14-KPN-13-016		KP12		reported source reference host	75.15%	=	0.7515	high	susceptible	clear_plaques	not_evaluated		not_evaluated		Table 1 host specificity; EOP reported as percent with K16-KPN-13-022 considered 100%; triplicate experiment.	curated	high	Percent EOP converted to ratio for SABR schema.
kim2022_k16_kpn_13_008_kp1_eop	Kim2022_KP1_KP12	paper	36704203	10.3389/fmicb.2022.990910	eop	Klebsiella pneumoniae	K16-KPN-13-008		KP1		reported source reference host	0%	=	0	none	resistant	no_plaques	not_evaluated		not_evaluated		Table 1 host specificity; EOP reported as percent with K16-KPN-13-022 considered 100%; triplicate experiment.	curated	high	Percent EOP converted to ratio for SABR schema.
kim2022_k16_kpn_13_008_kp12_eop	Kim2022_KP1_KP12	paper	36704203	10.3389/fmicb.2022.990910	eop	Klebsiella pneumoniae	K16-KPN-13-008		KP12		reported source reference host	51.73%	=	0.5173	high	susceptible	clear_plaques	not_evaluated		not_evaluated		Table 1 host specificity; EOP reported as percent with K16-KPN-13-022 considered 100%; triplicate experiment.	curated	high	Percent EOP converted to ratio for SABR schema.
kim2022_k20_kpn_12_057_kp1_eop	Kim2022_KP1_KP12	paper	36704203	10.3389/fmicb.2022.990910	eop	Klebsiella pneumoniae	K20-KPN-12-057		KP1		reported source reference host	14.77%	=	0.1477	medium	susceptible	clear_plaques	not_evaluated		not_evaluated		Table 1 host specificity; EOP reported as percent with K16-KPN-13-022 considered 100%; triplicate experiment.	curated	high	Percent EOP converted to ratio for SABR schema.
kim2022_k20_kpn_12_057_kp12_eop	Kim2022_KP1_KP12	paper	36704203	10.3389/fmicb.2022.990910	eop	Klebsiella pneumoniae	K20-KPN-12-057		KP12		reported source reference host	0%	=	0	none	resistant	no_plaques	not_evaluated		not_evaluated		Table 1 host specificity; EOP reported as percent with K16-KPN-13-022 considered 100%; triplicate experiment.	curated	high	Percent EOP converted to ratio for SABR schema.
kim2022_k20_kpn_12_067_kp1_eop	Kim2022_KP1_KP12	paper	36704203	10.3389/fmicb.2022.990910	eop	Klebsiella pneumoniae	K20-KPN-12-067		KP1		reported source reference host	44.30%	=	0.443	medium	susceptible	clear_plaques	not_evaluated		not_evaluated		Table 1 host specificity; EOP reported as percent with K16-KPN-13-022 considered 100%; triplicate experiment.	curated	high	Percent EOP converted to ratio for SABR schema.
kim2022_k20_kpn_12_067_kp12_eop	Kim2022_KP1_KP12	paper	36704203	10.3389/fmicb.2022.990910	eop	Klebsiella pneumoniae	K20-KPN-12-067		KP12		reported source reference host	53.77%	=	0.5377	high	susceptible	clear_plaques	not_evaluated		not_evaluated		Table 1 host specificity; EOP reported as percent with K16-KPN-13-022 considered 100%; triplicate experiment.	curated	high	Percent EOP converted to ratio for SABR schema.
kim2022_k21_kpn_12_013_kp1_eop	Kim2022_KP1_KP12	paper	36704203	10.3389/fmicb.2022.990910	eop	Klebsiella pneumoniae	K21-KPN-12-013		KP1		reported source reference host	62.42%	=	0.6242	high	susceptible	clear_plaques	not_evaluated		not_evaluated		Table 1 host specificity; EOP reported as percent with K16-KPN-13-022 considered 100%; triplicate experiment.	curated	high	Percent EOP converted to ratio for SABR schema.
kim2022_k21_kpn_12_013_kp12_eop	Kim2022_KP1_KP12	paper	36704203	10.3389/fmicb.2022.990910	eop	Klebsiella pneumoniae	K21-KPN-12-013		KP12		reported source reference host	96.95%	=	0.9695	high	susceptible	clear_plaques	not_evaluated		not_evaluated		Table 1 host specificity; EOP reported as percent with K16-KPN-13-022 considered 100%; triplicate experiment.	curated	high	Percent EOP converted to ratio for SABR schema.
kim2022_k22_kpn_13_007_kp1_eop	Kim2022_KP1_KP12	paper	36704203	10.3389/fmicb.2022.990910	eop	Klebsiella pneumoniae	K22-KPN-13-007		KP1		reported source reference host	0%	=	0	none	resistant	no_plaques	not_evaluated		not_evaluated		Table 1 host specificity; EOP reported as percent with K16-KPN-13-022 considered 100%; triplicate experiment.	curated	high	Percent EOP converted to ratio for SABR schema.
kim2022_k22_kpn_13_007_kp12_eop	Kim2022_KP1_KP12	paper	36704203	10.3389/fmicb.2022.990910	eop	Klebsiella pneumoniae	K22-KPN-13-007		KP12		reported source reference host	0%	=	0	none	resistant	no_plaques	not_evaluated		not_evaluated		Table 1 host specificity; EOP reported as percent with K16-KPN-13-022 considered 100%; triplicate experiment.	curated	high	Percent EOP converted to ratio for SABR schema.
kim2022_k22_kpn_13_013_kp1_eop	Kim2022_KP1_KP12	paper	36704203	10.3389/fmicb.2022.990910	eop	Klebsiella pneumoniae	K22-KPN-13-013		KP1		reported source reference host	14.60%	=	0.146	medium	susceptible	clear_plaques	not_evaluated		not_evaluated		Table 1 host specificity; EOP reported as percent with K16-KPN-13-022 considered 100%; triplicate experiment.	curated	high	Percent EOP converted to ratio for SABR schema.
kim2022_k22_kpn_13_013_kp12_eop	Kim2022_KP1_KP12	paper	36704203	10.3389/fmicb.2022.990910	eop	Klebsiella pneumoniae	K22-KPN-13-013		KP12		reported source reference host	26.68%	=	0.2668	medium	susceptible	clear_plaques	not_evaluated		not_evaluated		Table 1 host specificity; EOP reported as percent with K16-KPN-13-022 considered 100%; triplicate experiment.	curated	high	Percent EOP converted to ratio for SABR schema.
kim2022_atcc17978_kp1_eop	Kim2022_KP1_KP12	paper	36704203	10.3389/fmicb.2022.990910	eop	Acinetobacter baumannii	ATCC17978		KP1		reported source reference host	0%	=	0	none	resistant	no_plaques	not_evaluated		not_evaluated		Table 1 host specificity; EOP reported as percent with K16-KPN-13-022 considered 100%; triplicate experiment.	curated	high	Percent EOP converted to ratio for SABR schema.
kim2022_atcc17978_kp12_eop	Kim2022_KP1_KP12	paper	36704203	10.3389/fmicb.2022.990910	eop	Acinetobacter baumannii	ATCC17978		KP12		reported source reference host	0%	=	0	none	resistant	no_plaques	not_evaluated		not_evaluated		Table 1 host specificity; EOP reported as percent with K16-KPN-13-022 considered 100%; triplicate experiment.	curated	high	Percent EOP converted to ratio for SABR schema.
kim2022_clinical_isolate_15_0628_kp1_eop	Kim2022_KP1_KP12	paper	36704203	10.3389/fmicb.2022.990910	eop	Citrobacter freundii	clinical_isolate_15-0628		KP1		reported source reference host	0%	=	0	none	resistant	no_plaques	not_evaluated		not_evaluated		Table 1 host specificity; EOP reported as percent with K16-KPN-13-022 considered 100%; triplicate experiment.	curated	high	Percent EOP converted to ratio for SABR schema.
kim2022_clinical_isolate_15_0628_kp12_eop	Kim2022_KP1_KP12	paper	36704203	10.3389/fmicb.2022.990910	eop	Citrobacter freundii	clinical_isolate_15-0628		KP12		reported source reference host	0%	=	0	none	resistant	no_plaques	not_evaluated		not_evaluated		Table 1 host specificity; EOP reported as percent with K16-KPN-13-022 considered 100%; triplicate experiment.	curated	high	Percent EOP converted to ratio for SABR schema.
kim2022_kctc_2949_kp1_eop	Kim2022_KP1_KP12	paper	36704203	10.3389/fmicb.2022.990910	eop	Cronobacter sakazakii	KCTC_2949		KP1		reported source reference host	0%	=	0	none	resistant	no_plaques	not_evaluated		not_evaluated		Table 1 host specificity; EOP reported as percent with K16-KPN-13-022 considered 100%; triplicate experiment.	curated	high	Percent EOP converted to ratio for SABR schema.
kim2022_kctc_2949_kp12_eop	Kim2022_KP1_KP12	paper	36704203	10.3389/fmicb.2022.990910	eop	Cronobacter sakazakii	KCTC_2949		KP12		reported source reference host	0%	=	0	none	resistant	no_plaques	not_evaluated		not_evaluated		Table 1 host specificity; EOP reported as percent with K16-KPN-13-022 considered 100%; triplicate experiment.	curated	high	Percent EOP converted to ratio for SABR schema.
kim2022_kctc_1039_kp1_eop	Kim2022_KP1_KP12	paper	36704203	10.3389/fmicb.2022.990910	eop	Escherichia coli	KCTC_1039		KP1		reported source reference host	0%	=	0	none	resistant	no_plaques	not_evaluated		not_evaluated		Table 1 host specificity; EOP reported as percent with K16-KPN-13-022 considered 100%; triplicate experiment.	curated	high	Percent EOP converted to ratio for SABR schema.
kim2022_kctc_1039_kp12_eop	Kim2022_KP1_KP12	paper	36704203	10.3389/fmicb.2022.990910	eop	Escherichia coli	KCTC_1039		KP12		reported source reference host	0%	=	0	none	resistant	no_plaques	not_evaluated		not_evaluated		Table 1 host specificity; EOP reported as percent with K16-KPN-13-022 considered 100%; triplicate experiment.	curated	high	Percent EOP converted to ratio for SABR schema.
kim2022_k01_eco12_052_kp1_eop	Kim2022_KP1_KP12	paper	36704203	10.3389/fmicb.2022.990910	eop	Escherichia coli	K01-ECO12-052		KP1		reported source reference host	0%	=	0	none	resistant	no_plaques	not_evaluated		not_evaluated		Table 1 host specificity; EOP reported as percent with K16-KPN-13-022 considered 100%; triplicate experiment.	curated	high	Percent EOP converted to ratio for SABR schema.
kim2022_k01_eco12_052_kp12_eop	Kim2022_KP1_KP12	paper	36704203	10.3389/fmicb.2022.990910	eop	Escherichia coli	K01-ECO12-052		KP12		reported source reference host	0%	=	0	none	resistant	no_plaques	not_evaluated		not_evaluated		Table 1 host specificity; EOP reported as percent with K16-KPN-13-022 considered 100%; triplicate experiment.	curated	high	Percent EOP converted to ratio for SABR schema.
kim2022_kctc_2566_kp1_eop	Kim2022_KP1_KP12	paper	36704203	10.3389/fmicb.2022.990910	eop	Proteus mirabilis	KCTC_2566		KP1		reported source reference host	0%	=	0	none	resistant	no_plaques	not_evaluated		not_evaluated		Table 1 host specificity; EOP reported as percent with K16-KPN-13-022 considered 100%; triplicate experiment.	curated	high	Percent EOP converted to ratio for SABR schema.
kim2022_kctc_2566_kp12_eop	Kim2022_KP1_KP12	paper	36704203	10.3389/fmicb.2022.990910	eop	Proteus mirabilis	KCTC_2566		KP12		reported source reference host	0%	=	0	none	resistant	no_plaques	not_evaluated		not_evaluated		Table 1 host specificity; EOP reported as percent with K16-KPN-13-022 considered 100%; triplicate experiment.	curated	high	Percent EOP converted to ratio for SABR schema.
kim2022_kctc2004_kp1_eop	Kim2022_KP1_KP12	paper	36704203	10.3389/fmicb.2022.990910	eop	Pseudomonas aeruginosa	KCTC2004		KP1		reported source reference host	0%	=	0	none	resistant	no_plaques	not_evaluated		not_evaluated		Table 1 host specificity; EOP reported as percent with K16-KPN-13-022 considered 100%; triplicate experiment.	curated	high	Percent EOP converted to ratio for SABR schema.
kim2022_kctc2004_kp12_eop	Kim2022_KP1_KP12	paper	36704203	10.3389/fmicb.2022.990910	eop	Pseudomonas aeruginosa	KCTC2004		KP12		reported source reference host	0%	=	0	none	resistant	no_plaques	not_evaluated		not_evaluated		Table 1 host specificity; EOP reported as percent with K16-KPN-13-022 considered 100%; triplicate experiment.	curated	high	Percent EOP converted to ratio for SABR schema.
kim2022_typhimurium_atcc14028_kp1_eop	Kim2022_KP1_KP12	paper	36704203	10.3389/fmicb.2022.990910	eop	Salmonella enterica	Typhimurium_ATCC14028		KP1		reported source reference host	0%	=	0	none	resistant	no_plaques	not_evaluated		not_evaluated		Table 1 host specificity; EOP reported as percent with K16-KPN-13-022 considered 100%; triplicate experiment.	curated	high	Percent EOP converted to ratio for SABR schema.
kim2022_typhimurium_atcc14028_kp12_eop	Kim2022_KP1_KP12	paper	36704203	10.3389/fmicb.2022.990910	eop	Salmonella enterica	Typhimurium_ATCC14028		KP12		reported source reference host	0%	=	0	none	resistant	no_plaques	not_evaluated		not_evaluated		Table 1 host specificity; EOP reported as percent with K16-KPN-13-022 considered 100%; triplicate experiment.	curated	high	Percent EOP converted to ratio for SABR schema.
kim2022_enteritidis_kccm12021_kp1_eop	Kim2022_KP1_KP12	paper	36704203	10.3389/fmicb.2022.990910	eop	Salmonella enterica	Enteritidis_KCCM12021		KP1		reported source reference host	0%	=	0	none	resistant	no_plaques	not_evaluated		not_evaluated		Table 1 host specificity; EOP reported as percent with K16-KPN-13-022 considered 100%; triplicate experiment.	curated	high	Percent EOP converted to ratio for SABR schema.
kim2022_enteritidis_kccm12021_kp12_eop	Kim2022_KP1_KP12	paper	36704203	10.3389/fmicb.2022.990910	eop	Salmonella enterica	Enteritidis_KCCM12021		KP12		reported source reference host	0%	=	0	none	resistant	no_plaques	not_evaluated		not_evaluated		Table 1 host specificity; EOP reported as percent with K16-KPN-13-022 considered 100%; triplicate experiment.	curated	high	Percent EOP converted to ratio for SABR schema.
ciacci2018_12c47_vb_kpn_f48_eop	Ciacci2018_vB_Kpn_F48	paper	30205589	10.3390/v10090482	eop	Klebsiella pneumoniae	12C47		vB_Kpn_F48		12C47	1	=	1	high	susceptible	clear_plaques	not_evaluated		not_evaluated		Table 2 EOP for spot-test-sensitive K. pneumoniae isolates; mean of three observations with production category.	curated	high	Sequence type ST101.
ciacci2018_12c73_vb_kpn_f48_eop	Ciacci2018_vB_Kpn_F48	paper	30205589	10.3390/v10090482	eop	Klebsiella pneumoniae	12C73		vB_Kpn_F48		12C47	0.9 ± 0.2	=	0.9	high	susceptible	clear_plaques	not_evaluated		not_evaluated		Table 2 EOP for spot-test-sensitive K. pneumoniae isolates; mean of three observations with production category.	curated	high	Sequence type ST101.
ciacci2018_kpc174_vb_kpn_f48_eop	Ciacci2018_vB_Kpn_F48	paper	30205589	10.3390/v10090482	eop	Klebsiella pneumoniae	KPC174		vB_Kpn_F48		12C47	0.44 ± 0.06	=	0.44	medium	susceptible	clear_plaques	not_evaluated		not_evaluated		Table 2 EOP for spot-test-sensitive K. pneumoniae isolates; mean of three observations with production category.	curated	high	Sequence type ST1633.
ciacci2018_5559_vb_kpn_f48_eop	Ciacci2018_vB_Kpn_F48	paper	30205589	10.3390/v10090482	eop	Klebsiella pneumoniae	5559		vB_Kpn_F48		12C47	0.5 ± 0.2	=	0.5	high	susceptible	clear_plaques	not_evaluated		not_evaluated		Table 2 EOP for spot-test-sensitive K. pneumoniae isolates; mean of three observations with production category.	curated	high	Sequence type ST101.
ciacci2018_5583_vb_kpn_f48_eop	Ciacci2018_vB_Kpn_F48	paper	30205589	10.3390/v10090482	eop	Klebsiella pneumoniae	5583		vB_Kpn_F48		12C47	0	=	0	none	resistant	no_plaques	not_evaluated		not_evaluated		Table 2 EOP for spot-test-sensitive K. pneumoniae isolates; mean of three observations with production category.	curated	high	Sequence type ST2502.
ciacci2018_c002_vb_kpn_f48_eop	Ciacci2018_vB_Kpn_F48	paper	30205589	10.3390/v10090482	eop	Klebsiella pneumoniae	C002		vB_Kpn_F48		12C47	1.9 ± 0.7	=	1.9	high	susceptible	clear_plaques	not_evaluated		not_evaluated		Table 2 EOP for spot-test-sensitive K. pneumoniae isolates; mean of three observations with production category.	curated	high	Sequence type ST101.
ciacci2018_k13_vb_kpn_f48_eop	Ciacci2018_vB_Kpn_F48	paper	30205589	10.3390/v10090482	eop	Klebsiella pneumoniae	K13		vB_Kpn_F48		12C47	2.62 ± 0.01	=	2.62	high	susceptible	clear_plaques	not_evaluated		not_evaluated		Table 2 EOP for spot-test-sensitive K. pneumoniae isolates; mean of three observations with production category.	curated	high	Sequence type ST101.
ciacci2018_k18_vb_kpn_f48_eop	Ciacci2018_vB_Kpn_F48	paper	30205589	10.3390/v10090482	eop	Klebsiella pneumoniae	K18		vB_Kpn_F48		12C47	<0.001	<	0.001	none	resistant	no_plaques	not_evaluated		not_evaluated		Table 2 EOP for spot-test-sensitive K. pneumoniae isolates; mean of three observations with production category.	curated	high	Sequence type ST101.
ciacci2018_6071_vb_kpn_f48_eop	Ciacci2018_vB_Kpn_F48	paper	30205589	10.3390/v10090482	eop	Klebsiella pneumoniae	6071		vB_Kpn_F48		12C47	0	=	0	none	resistant	no_plaques	not_evaluated		not_evaluated		Table 2 EOP for spot-test-sensitive K. pneumoniae isolates; mean of three observations with production category.	curated	high	Sequence type ST2502.
ciacci2018_12c29_vb_kpn_f48_eop	Ciacci2018_vB_Kpn_F48	paper	30205589	10.3390/v10090482	eop	Klebsiella pneumoniae	12C29		vB_Kpn_F48		12C47	2.2 ± 0.7	=	2.2	high	susceptible	clear_plaques	not_evaluated		not_evaluated		Table 2 EOP for spot-test-sensitive K. pneumoniae isolates; mean of three observations with production category.	curated	high	Sequence type ST101.
ciacci2018_5546_vb_kpn_f48_eop	Ciacci2018_vB_Kpn_F48	paper	30205589	10.3390/v10090482	eop	Klebsiella pneumoniae	5546		vB_Kpn_F48		12C47	3.9 ± 0.3	=	3.9	high	susceptible	clear_plaques	not_evaluated		not_evaluated		Table 2 EOP for spot-test-sensitive K. pneumoniae isolates; mean of three observations with production category.	curated	high	Sequence type ST101.
ciacci2018_12c72_vb_kpn_f48_eop	Ciacci2018_vB_Kpn_F48	paper	30205589	10.3390/v10090482	eop	Klebsiella pneumoniae	12C72		vB_Kpn_F48		12C47	3.1 ± 0.3	=	3.1	high	susceptible	clear_plaques	not_evaluated		not_evaluated		Table 2 EOP for spot-test-sensitive K. pneumoniae isolates; mean of three observations with production category.	curated	high	Sequence type ST101.
ciacci2018_kpc220_vb_kpn_f48_eop	Ciacci2018_vB_Kpn_F48	paper	30205589	10.3390/v10090482	eop	Klebsiella pneumoniae	KPC220		vB_Kpn_F48		12C47	0	=	0	none	resistant	no_plaques	not_evaluated		not_evaluated		Table 2 EOP for spot-test-sensitive K. pneumoniae isolates; mean of three observations with production category.	curated	high	Sequence type ST101.
ciacci2018_494647_vb_kpn_f48_eop	Ciacci2018_vB_Kpn_F48	paper	30205589	10.3390/v10090482	eop	Klebsiella pneumoniae	494647		vB_Kpn_F48		12C47	0.9 ± 0.2	=	0.9	high	susceptible	clear_plaques	not_evaluated		not_evaluated		Table 2 EOP for spot-test-sensitive K. pneumoniae isolates; mean of three observations with production category.	curated	high	Sequence type ST101.
peng2025_p4_vb_kp_xp4_eop	Peng2025_vB_Kp_XP4	paper		10.3389/fmicb.2025.1491961	eop	Klebsiella pneumoniae	XP4_panel_P4		vB_Kp_XP4		P4	100%	=	1	high	susceptible	clear_plaques	not_evaluated		not_evaluated		Table 2 host-range details; EOP reported as percent relative to strain P4.	curated	high	K-type K1; KPC -; NDM -; sensitivity +.
peng2025_1_vb_kp_xp4_eop	Peng2025_vB_Kp_XP4	paper		10.3389/fmicb.2025.1491961	eop	Klebsiella pneumoniae	XP4_panel_1		vB_Kp_XP4		P4	0%	=	0	none	resistant	no_plaques	not_evaluated		not_evaluated		Table 2 host-range details; EOP reported as percent relative to strain P4.	curated	high	K-type K64; KPC +; NDM -; sensitivity -.
peng2025_2_vb_kp_xp4_eop	Peng2025_vB_Kp_XP4	paper		10.3389/fmicb.2025.1491961	eop	Klebsiella pneumoniae	XP4_panel_2		vB_Kp_XP4		P4	0%	=	0	none	resistant	no_plaques	not_evaluated		not_evaluated		Table 2 host-range details; EOP reported as percent relative to strain P4.	curated	high	K-type K64; KPC +; NDM -; sensitivity -.
peng2025_3_vb_kp_xp4_eop	Peng2025_vB_Kp_XP4	paper		10.3389/fmicb.2025.1491961	eop	Klebsiella pneumoniae	XP4_panel_3		vB_Kp_XP4		P4	0%	=	0	none	resistant	no_plaques	not_evaluated		not_evaluated		Table 2 host-range details; EOP reported as percent relative to strain P4.	curated	high	K-type K64; KPC +; NDM -; sensitivity -.
peng2025_4_vb_kp_xp4_eop	Peng2025_vB_Kp_XP4	paper		10.3389/fmicb.2025.1491961	eop	Klebsiella pneumoniae	XP4_panel_4		vB_Kp_XP4		P4	0%	=	0	none	resistant	no_plaques	not_evaluated		not_evaluated		Table 2 host-range details; EOP reported as percent relative to strain P4.	curated	high	K-type K64; KPC +; NDM -; sensitivity -.
peng2025_5_vb_kp_xp4_eop	Peng2025_vB_Kp_XP4	paper		10.3389/fmicb.2025.1491961	eop	Klebsiella pneumoniae	XP4_panel_5		vB_Kp_XP4		P4	0%	=	0	none	resistant	no_plaques	not_evaluated		not_evaluated		Table 2 host-range details; EOP reported as percent relative to strain P4.	curated	high	K-type K64; KPC +; NDM -; sensitivity -.
peng2025_6_vb_kp_xp4_eop	Peng2025_vB_Kp_XP4	paper		10.3389/fmicb.2025.1491961	eop	Klebsiella pneumoniae	XP4_panel_6		vB_Kp_XP4		P4	0%	=	0	none	resistant	no_plaques	not_evaluated		not_evaluated		Table 2 host-range details; EOP reported as percent relative to strain P4.	curated	high	K-type K19; KPC +; NDM -; sensitivity -.
peng2025_7_vb_kp_xp4_eop	Peng2025_vB_Kp_XP4	paper		10.3389/fmicb.2025.1491961	eop	Klebsiella pneumoniae	XP4_panel_7		vB_Kp_XP4		P4	0%	=	0	none	resistant	no_plaques	not_evaluated		not_evaluated		Table 2 host-range details; EOP reported as percent relative to strain P4.	curated	high	K-type K64; KPC +; NDM -; sensitivity -.
peng2025_8_vb_kp_xp4_eop	Peng2025_vB_Kp_XP4	paper		10.3389/fmicb.2025.1491961	eop	Klebsiella pneumoniae	XP4_panel_8		vB_Kp_XP4		P4	0%	=	0	none	resistant	no_plaques	not_evaluated		not_evaluated		Table 2 host-range details; EOP reported as percent relative to strain P4.	curated	high	K-type K64; KPC +; NDM -; sensitivity -.
peng2025_9_vb_kp_xp4_eop	Peng2025_vB_Kp_XP4	paper		10.3389/fmicb.2025.1491961	eop	Klebsiella pneumoniae	XP4_panel_9		vB_Kp_XP4		P4	0%	=	0	none	resistant	no_plaques	not_evaluated		not_evaluated		Table 2 host-range details; EOP reported as percent relative to strain P4.	curated	high	K-type K64; KPC +; NDM -; sensitivity -.
peng2025_10_vb_kp_xp4_eop	Peng2025_vB_Kp_XP4	paper		10.3389/fmicb.2025.1491961	eop	Klebsiella pneumoniae	XP4_panel_10		vB_Kp_XP4		P4	51%	=	0.51	high	susceptible	clear_plaques	not_evaluated		not_evaluated		Table 2 host-range details; EOP reported as percent relative to strain P4.	curated	high	K-type K19; KPC +; NDM -; sensitivity +.
peng2025_11_vb_kp_xp4_eop	Peng2025_vB_Kp_XP4	paper		10.3389/fmicb.2025.1491961	eop	Klebsiella pneumoniae	XP4_panel_11		vB_Kp_XP4		P4	0%	=	0	none	resistant	no_plaques	not_evaluated		not_evaluated		Table 2 host-range details; EOP reported as percent relative to strain P4.	curated	high	K-type K64; KPC +; NDM -; sensitivity -.
peng2025_12_vb_kp_xp4_eop	Peng2025_vB_Kp_XP4	paper		10.3389/fmicb.2025.1491961	eop	Klebsiella pneumoniae	XP4_panel_12		vB_Kp_XP4		P4	0%	=	0	none	resistant	no_plaques	not_evaluated		not_evaluated		Table 2 host-range details; EOP reported as percent relative to strain P4.	curated	high	K-type K149; KPC +; NDM -; sensitivity -.
peng2025_13_vb_kp_xp4_eop	Peng2025_vB_Kp_XP4	paper		10.3389/fmicb.2025.1491961	eop	Klebsiella pneumoniae	XP4_panel_13		vB_Kp_XP4		P4	0%	=	0	none	resistant	no_plaques	not_evaluated		not_evaluated		Table 2 host-range details; EOP reported as percent relative to strain P4.	curated	high	K-type K19; KPC +; NDM -; sensitivity -.
peng2025_14_vb_kp_xp4_eop	Peng2025_vB_Kp_XP4	paper		10.3389/fmicb.2025.1491961	eop	Klebsiella pneumoniae	XP4_panel_14		vB_Kp_XP4		P4	0%	=	0	none	resistant	no_plaques	not_evaluated		not_evaluated		Table 2 host-range details; EOP reported as percent relative to strain P4.	curated	high	K-type K64; KPC +; NDM -; sensitivity -.
peng2025_15_vb_kp_xp4_eop	Peng2025_vB_Kp_XP4	paper		10.3389/fmicb.2025.1491961	eop	Klebsiella pneumoniae	XP4_panel_15		vB_Kp_XP4		P4	0%	=	0	none	resistant	no_plaques	not_evaluated		not_evaluated		Table 2 host-range details; EOP reported as percent relative to strain P4.	curated	high	K-type K19; KPC -; NDM -; sensitivity -.
peng2025_16_vb_kp_xp4_eop	Peng2025_vB_Kp_XP4	paper		10.3389/fmicb.2025.1491961	eop	Klebsiella pneumoniae	XP4_panel_16		vB_Kp_XP4		P4	0%	=	0	none	resistant	no_plaques	not_evaluated		not_evaluated		Table 2 host-range details; EOP reported as percent relative to strain P4.	curated	high	K-type K57; KPC -; NDM -; sensitivity -.
peng2025_17_vb_kp_xp4_eop	Peng2025_vB_Kp_XP4	paper		10.3389/fmicb.2025.1491961	eop	Klebsiella pneumoniae	XP4_panel_17		vB_Kp_XP4		P4	0%	=	0	none	resistant	no_plaques	not_evaluated		not_evaluated		Table 2 host-range details; EOP reported as percent relative to strain P4.	curated	high	K-type K125; KPC -; NDM -; sensitivity -.
peng2025_18_vb_kp_xp4_eop	Peng2025_vB_Kp_XP4	paper		10.3389/fmicb.2025.1491961	eop	Klebsiella pneumoniae	XP4_panel_18		vB_Kp_XP4		P4	0%	=	0	none	resistant	no_plaques	not_evaluated		not_evaluated		Table 2 host-range details; EOP reported as percent relative to strain P4.	curated	high	K-type K64; KPC +; NDM -; sensitivity -.
peng2025_19_vb_kp_xp4_eop	Peng2025_vB_Kp_XP4	paper		10.3389/fmicb.2025.1491961	eop	Klebsiella pneumoniae	XP4_panel_19		vB_Kp_XP4		P4	0%	=	0	none	resistant	no_plaques	not_evaluated		not_evaluated		Table 2 host-range details; EOP reported as percent relative to strain P4.	curated	high	K-type K102; KPC -; NDM +; sensitivity -.
peng2025_20_vb_kp_xp4_eop	Peng2025_vB_Kp_XP4	paper		10.3389/fmicb.2025.1491961	eop	Klebsiella pneumoniae	XP4_panel_20		vB_Kp_XP4		P4	0%	=	0	none	resistant	no_plaques	not_evaluated		not_evaluated		Table 2 host-range details; EOP reported as percent relative to strain P4.	curated	high	K-type K64; KPC +; NDM -; sensitivity -.
